{"type":"FeatureCollection","features":[{"type":"Feature","properties":{"id":"ha-noi","name":"Hà Nội","type":"Thành phố","region":"Đồng bằng sông Hồng","mergedFrom":["Hà Nội"],"areaKm2":null,"population":null},"geometry":{"type":"MultiPolygon","coordinates":[[[[105.44279,21.2645],[105.44498,21.24522],[105.45963,21.22297],[105.4611,21.20814],[105.46403,21.20073],[105.46623,21.20073],[105.46842,21.177],[105.49113,21.16068],[105.51457,21.15623],[105.54534,21.15623],[105.57317,21.16068],[105.57684,21.16513],[105.62225,21.17551],[105.63031,21.16958],[105.63251,21.15772],[105.66034,21.14882],[105.68232,21.14734],[105.70283,21.1414],[105.71821,21.1325],[105.72261,21.13399],[105.7314,21.12212],[105.73506,21.12212],[105.74678,21.13695],[105.74971,21.13695],[105.75044,21.1325],[105.75264,21.1325],[105.75191,21.13547],[105.7585,21.13399],[105.76802,21.13695],[105.77242,21.14289],[105.76949,21.16662],[105.77095,21.17848],[105.78267,21.177],[105.78927,21.17996],[105.79073,21.18738],[105.78853,21.18738],[105.78707,21.19776],[105.77901,21.19924],[105.77022,21.20518],[105.76876,21.21407],[105.75997,21.21407],[105.75777,21.22297],[105.75264,21.22149],[105.74898,21.22891],[105.73213,21.23335],[105.7292,21.23929],[105.73579,21.23484],[105.73506,21.24077],[105.727,21.24077],[105.72554,21.24374],[105.72847,21.24967],[105.72261,21.25115],[105.72261,21.26598],[105.72847,21.26895],[105.7248,21.2734],[105.72773,21.2734],[105.72847,21.27636],[105.73213,21.27488],[105.73579,21.28675],[105.74092,21.28675],[105.74165,21.29268],[105.75264,21.29564],[105.76216,21.31492],[105.77169,21.32531],[105.77608,21.33865],[105.78414,21.3431],[105.78194,21.35348],[105.7856,21.35497],[105.78414,21.3609],[105.78634,21.37128],[105.78927,21.37276],[105.78707,21.37573],[105.79,21.3787],[105.79366,21.3787],[105.79586,21.38315],[105.79879,21.38166],[105.80025,21.38611],[105.80904,21.38166],[105.81564,21.38315],[105.83029,21.37573],[105.83102,21.37276],[105.83615,21.37425],[105.83615,21.37721],[105.84713,21.37721],[105.84787,21.37425],[105.85446,21.37721],[105.85739,21.37573],[105.85886,21.36683],[105.85666,21.36535],[105.85226,21.3698],[105.85373,21.36535],[105.8508,21.35497],[105.85373,21.352],[105.85153,21.34904],[105.85812,21.34607],[105.85519,21.34607],[105.85519,21.34162],[105.85739,21.33865],[105.86252,21.33865],[105.86618,21.32827],[105.88376,21.32827],[105.88816,21.32531],[105.89768,21.32679],[105.89768,21.30603],[105.90427,21.30158],[105.91672,21.30603],[105.91672,21.29416],[105.93137,21.29416],[105.93064,21.29119],[105.92258,21.28823],[105.92185,21.27191],[105.9387,21.24522],[105.93284,21.24522],[105.93357,21.24225],[105.92991,21.24374],[105.92625,21.2378],[105.92039,21.23484],[105.92039,21.23187],[105.90574,21.23187],[105.90354,21.22594],[105.90354,21.22297],[105.91086,21.22446],[105.91526,21.21556],[105.91526,21.20814],[105.9094,21.20814],[105.91306,21.20221],[105.9072,21.19924],[105.90647,21.19183],[105.91306,21.19183],[105.91453,21.18738],[105.92332,21.18293],[105.91599,21.1681],[105.91892,21.16217],[105.92258,21.16217],[105.91892,21.15475],[105.92258,21.14734],[105.92551,21.14734],[105.92478,21.13399],[105.92258,21.1325],[105.92112,21.13547],[105.91746,21.1325],[105.91892,21.12954],[105.91233,21.12509],[105.91379,21.12212],[105.91526,21.11916],[105.92112,21.11916],[105.92112,21.12212],[105.92332,21.12064],[105.92039,21.11619],[105.93137,21.11026],[105.93577,21.10136],[105.93504,21.09543],[105.94016,21.08801],[105.93943,21.08356],[105.95701,21.09098],[105.96141,21.07763],[105.9658,21.07615],[105.96727,21.0717],[105.99291,21.06873],[105.99803,21.07466],[106.00536,21.0628],[106.00902,21.0628],[106.00609,21.05835],[106.00756,21.05538],[106.01049,21.05835],[106.01342,21.05093],[106.01928,21.04797],[106.01781,21.03759],[106.01195,21.03017],[106.00609,21.02869],[106.00902,21.02424],[106.00389,21.02276],[106.00389,21.01682],[106.00609,21.01682],[106.00389,21.01237],[106.00975,21.01089],[105.99803,21.00644],[105.99877,20.99903],[105.99364,21.00199],[105.98558,20.99606],[105.97533,20.99903],[105.97166,20.99754],[105.9702,20.98864],[105.9658,20.99161],[105.96141,20.99013],[105.96434,20.9842],[105.96141,20.98271],[105.96361,20.96343],[105.95628,20.96788],[105.95408,20.9664],[105.95481,20.96936],[105.93797,20.96788],[105.92405,20.97678],[105.91819,20.97678],[105.91233,20.97233],[105.90354,20.95453],[105.90354,20.94564],[105.91453,20.93674],[105.90793,20.92636],[105.91233,20.91894],[105.89475,20.89966],[105.89621,20.89224],[105.93064,20.87445],[105.93504,20.86703],[105.93284,20.8522],[105.91526,20.84182],[105.91086,20.83292],[105.91013,20.81957],[105.91453,20.80622],[105.91892,20.79584],[105.92771,20.78694],[105.95921,20.77953],[105.96654,20.7736],[105.96873,20.73355],[105.96507,20.73059],[105.96361,20.72317],[105.97313,20.69944],[105.98045,20.69944],[105.98778,20.70389],[106.00243,20.70389],[105.9951,20.69796],[105.9973,20.69203],[105.99071,20.68906],[105.9973,20.67868],[105.99071,20.67868],[105.99364,20.68165],[105.98338,20.68016],[105.97752,20.67423],[105.97679,20.66533],[105.96287,20.66385],[105.95774,20.6594],[105.95774,20.6505],[105.94529,20.65347],[105.94309,20.65643],[105.94236,20.66385],[105.94602,20.66681],[105.94602,20.6772],[105.94309,20.68165],[105.91819,20.67571],[105.905,20.6683],[105.905,20.66533],[105.89548,20.66978],[105.89548,20.65198],[105.87937,20.64309],[105.86618,20.64605],[105.85739,20.64457],[105.83981,20.65643],[105.83908,20.6594],[105.8215,20.66533],[105.81857,20.66088],[105.83322,20.64753],[105.81417,20.63419],[105.81124,20.62825],[105.81417,20.61787],[105.81271,20.61936],[105.80465,20.61046],[105.80685,20.60601],[105.81124,20.60452],[105.80758,20.60304],[105.80685,20.59711],[105.80465,20.60008],[105.80025,20.59266],[105.80099,20.58376],[105.79806,20.5808],[105.79586,20.56893],[105.78121,20.56448],[105.76802,20.56448],[105.76436,20.57635],[105.74092,20.60008],[105.73066,20.60008],[105.72627,20.60601],[105.71968,20.59711],[105.70722,20.59859],[105.70356,20.60156],[105.70356,20.61639],[105.69843,20.62232],[105.69697,20.61936],[105.69111,20.62232],[105.68671,20.61639],[105.66474,20.61787],[105.6662,20.62381],[105.66254,20.62825],[105.6684,20.62974],[105.66913,20.6327],[105.67792,20.62825],[105.68378,20.6327],[105.68598,20.63864],[105.68085,20.64012],[105.67792,20.64605],[105.68012,20.65198],[105.67792,20.67126],[105.6706,20.6772],[105.6684,20.67571],[105.66767,20.68016],[105.67792,20.68313],[105.67866,20.69203],[105.68012,20.69054],[105.68159,20.69499],[105.66913,20.71279],[105.66254,20.71724],[105.65082,20.73949],[105.64423,20.74097],[105.6413,20.74838],[105.6413,20.75877],[105.64423,20.75283],[105.65009,20.75432],[105.64789,20.79288],[105.63031,20.79288],[105.63324,20.80178],[105.62958,20.81067],[105.63104,20.81512],[105.62811,20.81512],[105.63104,20.81809],[105.62885,20.82106],[105.63251,20.82106],[105.62958,20.82402],[105.63617,20.82106],[105.63544,20.82402],[105.64057,20.82402],[105.6413,20.82847],[105.63397,20.83292],[105.63544,20.83885],[105.63104,20.83885],[105.63251,20.82995],[105.62958,20.82995],[105.62665,20.83292],[105.61566,20.83144],[105.61346,20.83589],[105.60247,20.83885],[105.60028,20.84182],[105.59515,20.84182],[105.59588,20.83144],[105.57903,20.82847],[105.5805,20.83737],[105.58709,20.8433],[105.58416,20.84775],[105.58416,20.85813],[105.57903,20.85813],[105.57684,20.8611],[105.5783,20.86407],[105.57464,20.86407],[105.57464,20.86703],[105.56805,20.87],[105.56512,20.87593],[105.55852,20.87741],[105.55926,20.88038],[105.5534,20.88038],[105.55193,20.88335],[105.54973,20.8789],[105.54314,20.87741],[105.54241,20.88186],[105.55559,20.88631],[105.55999,20.89224],[105.55486,20.89818],[105.55926,20.90263],[105.55559,20.90263],[105.55413,20.90559],[105.57977,20.91597],[105.5783,20.92042],[105.58416,20.92191],[105.5805,20.92784],[105.57317,20.92932],[105.56072,20.92487],[105.5512,20.92784],[105.54534,20.92191],[105.53801,20.92784],[105.52483,20.91894],[105.5219,20.92191],[105.50871,20.92339],[105.50139,20.9308],[105.50358,20.92932],[105.51384,20.93822],[105.51677,20.95008],[105.52117,20.95008],[105.5219,20.95305],[105.52849,20.95157],[105.52629,20.95898],[105.52849,20.96492],[105.5197,20.97381],[105.51384,20.9753],[105.51164,20.98123],[105.49919,20.98123],[105.49553,20.99309],[105.48747,20.99161],[105.47428,21.00348],[105.46842,21.00496],[105.46256,21.01237],[105.4318,21.01682],[105.41642,21.01089],[105.40982,21.01831],[105.40176,21.01386],[105.39151,21.01386],[105.38565,21.01831],[105.38565,21.02424],[105.37466,21.01386],[105.35635,21.00792],[105.34976,21.00941],[105.34756,21.01386],[105.33804,21.01386],[105.33364,21.00792],[105.32778,21.00792],[105.32412,21.01089],[105.32705,21.01386],[105.32705,21.01979],[105.32339,21.02127],[105.32265,21.01682],[105.32119,21.01979],[105.32119,21.01534],[105.31606,21.01237],[105.30361,21.02276],[105.29628,21.03759],[105.29335,21.05538],[105.30068,21.0717],[105.3146,21.08949],[105.31972,21.11174],[105.308,21.13399],[105.29042,21.15327],[105.28676,21.16662],[105.29482,21.17551],[105.30288,21.19183],[105.32192,21.20221],[105.33804,21.20221],[105.34243,21.20666],[105.33804,21.20962],[105.34829,21.23039],[105.35415,21.25115],[105.35342,21.26747],[105.35708,21.28823],[105.35415,21.29268],[105.35415,21.30306],[105.36807,21.31344],[105.37246,21.29416],[105.39444,21.30454],[105.40543,21.30158],[105.434,21.28823],[105.43986,21.27933],[105.44279,21.2645]]]]}},{"type":"Feature","properties":{"id":"hue","name":"Huế","type":"Thành phố","region":"Bắc Trung Bộ","mergedFrom":["Thừa Thiên - Huế"],"areaKm2":null,"population":null},"geometry":{"type":"MultiPolygon","coordinates":[[[[107.83811,16.34954],[107.84104,16.34954],[107.84104,16.35399],[107.84178,16.34361],[107.83738,16.33916],[107.83079,16.33768],[107.82859,16.34213],[107.83299,16.34213],[107.83665,16.35399],[107.83811,16.34954]]],[[[107.93554,16.34806],[107.93993,16.34361],[107.9436,16.3451],[107.9436,16.34213],[107.93114,16.34658],[107.92235,16.35399],[107.93554,16.34806]]],[[[107.83592,16.36882],[107.83811,16.36289],[107.83299,16.36882],[107.83592,16.36882]]],[[[107.82127,16.38217],[107.822,16.38217],[107.82273,16.38069],[107.822,16.38069],[107.82127,16.38069],[107.8198,16.38217],[107.82053,16.38217],[107.82127,16.38217]]],[[[107.80881,16.39404],[107.81028,16.39404],[107.81028,16.39255],[107.81028,16.39107],[107.80955,16.39107],[107.80881,16.39107],[107.80808,16.39255],[107.80808,16.39404],[107.80881,16.39404]]],[[[107.81541,16.38959],[107.81467,16.38959],[107.81394,16.38959],[107.81321,16.39107],[107.81321,16.39255],[107.81248,16.39255],[107.81174,16.39404],[107.81101,16.39404],[107.81174,16.39552],[107.81248,16.39552],[107.81394,16.39404],[107.81467,16.39255],[107.81541,16.39107],[107.81541,16.38959]]],[[[107.66231,16.54531],[107.65938,16.54383],[107.66158,16.54976],[107.66231,16.54531]]],[[[107.68282,16.54383],[107.78244,16.46967],[107.87328,16.38811],[107.89818,16.36882],[107.90697,16.36734],[107.91723,16.35993],[107.91723,16.35696],[107.90111,16.34361],[107.89305,16.34658],[107.88939,16.34213],[107.88866,16.3451],[107.88719,16.34361],[107.88207,16.34806],[107.87181,16.34806],[107.86082,16.35844],[107.85643,16.35844],[107.85423,16.35548],[107.85643,16.35103],[107.85057,16.34658],[107.8491,16.34954],[107.85203,16.34954],[107.85277,16.35251],[107.84471,16.35844],[107.83665,16.37179],[107.83079,16.37624],[107.83006,16.38217],[107.80002,16.40739],[107.78611,16.4237],[107.78464,16.42963],[107.78025,16.4326],[107.77585,16.42963],[107.77146,16.43408],[107.76779,16.44595],[107.7634,16.44743],[107.75534,16.46523],[107.74362,16.47116],[107.74289,16.48599],[107.73556,16.49489],[107.73117,16.49785],[107.72091,16.49637],[107.72164,16.50675],[107.71871,16.50675],[107.71505,16.51417],[107.70333,16.52307],[107.69601,16.52158],[107.68941,16.53345],[107.67403,16.54383],[107.66671,16.54383],[107.66085,16.55569],[107.66524,16.55569],[107.68282,16.54383]]],[[[107.62129,16.56014],[107.62275,16.55569],[107.61836,16.55866],[107.62129,16.56014]]],[[[107.62056,16.56904],[107.62275,16.56608],[107.61543,16.56608],[107.61543,16.56904],[107.62056,16.56904]]],[[[107.63081,16.57052],[107.65499,16.56014],[107.65718,16.55273],[107.64839,16.55421],[107.63521,16.56311],[107.63448,16.56756],[107.63155,16.56459],[107.62788,16.56608],[107.62642,16.57052],[107.63081,16.57052]]],[[[108.19412,16.21013],[108.17507,16.20569],[108.17214,16.20272],[108.15603,16.20569],[108.1487,16.19975],[108.14284,16.19975],[108.14138,16.1953],[108.1238,16.18196],[108.10988,16.18196],[108.10548,16.18641],[108.09743,16.18641],[108.09303,16.18047],[108.08497,16.18344],[108.06886,16.18196],[108.06373,16.18492],[108.06007,16.17899],[108.0564,16.17899],[108.03809,16.19085],[108.01392,16.19382],[108.00513,16.20569],[107.99414,16.20865],[107.98828,16.21458],[107.98169,16.21013],[107.97876,16.20272],[107.97217,16.19975],[107.96924,16.19382],[107.95605,16.18937],[107.95165,16.18937],[107.9436,16.1953],[107.93334,16.1953],[107.91649,16.20865],[107.9143,16.21458],[107.90477,16.21458],[107.90331,16.21013],[107.89672,16.20569],[107.88939,16.20569],[107.88793,16.19975],[107.87474,16.19679],[107.87621,16.18789],[107.86742,16.18492],[107.87621,16.17009],[107.87547,16.16268],[107.87328,16.15823],[107.86595,16.15823],[107.85863,16.15378],[107.85643,16.13746],[107.85936,16.1345],[107.85423,16.12412],[107.8557,16.11373],[107.84251,16.10335],[107.83665,16.10187],[107.83152,16.09297],[107.82639,16.09],[107.82493,16.08407],[107.822,16.08407],[107.82127,16.07666],[107.82493,16.07072],[107.8198,16.06627],[107.81834,16.05738],[107.81394,16.05293],[107.80808,16.05293],[107.80002,16.06183],[107.7949,16.06183],[107.78977,16.06627],[107.78391,16.06627],[107.78025,16.06183],[107.77365,16.06776],[107.77512,16.05886],[107.76999,16.05589],[107.76853,16.05144],[107.76047,16.04996],[107.759,16.04403],[107.74948,16.04403],[107.73849,16.03958],[107.72604,16.03068],[107.72604,16.0114],[107.70626,15.99509],[107.67769,15.99805],[107.6711,16.0114],[107.66304,16.01882],[107.65059,16.01882],[107.64766,16.02327],[107.63374,16.03068],[107.61982,16.03216],[107.61836,16.0381],[107.62495,16.04848],[107.61982,16.06331],[107.59565,16.05589],[107.57148,16.05589],[107.56269,16.05144],[107.5517,16.04255],[107.55976,16.03068],[107.55756,16.01882],[107.54877,16.0114],[107.53852,16.0114],[107.5224,16.01733],[107.51947,16.01437],[107.51068,16.01585],[107.50555,16.02178],[107.50189,16.03365],[107.49823,16.03365],[107.4953,16.03958],[107.4909,16.04106],[107.48651,16.04106],[107.48211,16.03513],[107.47479,16.03513],[107.466,16.02475],[107.46233,16.0292],[107.45867,16.02771],[107.45428,16.03661],[107.44622,16.0381],[107.44475,16.05441],[107.44842,16.05738],[107.44842,16.06331],[107.46014,16.07221],[107.44842,16.09149],[107.44549,16.09149],[107.44256,16.08259],[107.43377,16.08407],[107.42791,16.07814],[107.41912,16.07814],[107.41326,16.08407],[107.4052,16.08111],[107.39787,16.06183],[107.38835,16.06183],[107.3759,16.07369],[107.3693,16.06331],[107.36418,16.06034],[107.35905,16.06331],[107.3444,16.06183],[107.34147,16.05738],[107.33268,16.05441],[107.33341,16.05738],[107.32828,16.06034],[107.32609,16.06924],[107.31876,16.06924],[107.31363,16.07369],[107.3129,16.07814],[107.30631,16.08111],[107.30045,16.09445],[107.29459,16.0989],[107.28287,16.11967],[107.27774,16.11522],[107.26675,16.11818],[107.26162,16.13746],[107.2543,16.1345],[107.24331,16.14784],[107.22427,16.14191],[107.22353,16.13746],[107.21914,16.14191],[107.20815,16.14488],[107.19716,16.1434],[107.17592,16.15674],[107.16933,16.16712],[107.15907,16.16712],[107.15468,16.18196],[107.14735,16.19234],[107.14662,16.21162],[107.14369,16.21162],[107.14296,16.21458],[107.15394,16.2309],[107.15394,16.23386],[107.14882,16.23535],[107.14808,16.23831],[107.15248,16.24276],[107.15248,16.25314],[107.15541,16.25759],[107.15175,16.25908],[107.15101,16.26353],[107.14808,16.26353],[107.14296,16.27242],[107.09168,16.30654],[107.08655,16.31247],[107.07703,16.31098],[107.07117,16.30357],[107.05066,16.30505],[107.04626,16.29467],[107.04407,16.29467],[107.0404,16.30209],[107.02356,16.31543],[107.02136,16.3273],[107.02356,16.33323],[107.02282,16.34954],[107.02063,16.34954],[107.02356,16.35548],[107.01989,16.35548],[107.02063,16.35844],[107.0155,16.36141],[107.03381,16.37179],[107.03894,16.36882],[107.0448,16.38069],[107.05798,16.38514],[107.05798,16.41332],[107.04919,16.42518],[107.05066,16.43408],[107.05725,16.44001],[107.05945,16.44891],[107.08948,16.44891],[107.1056,16.44001],[107.11878,16.44298],[107.12318,16.4415],[107.13563,16.45484],[107.12318,16.48302],[107.10633,16.49489],[107.09827,16.49044],[107.09461,16.49934],[107.09534,16.50527],[107.08216,16.5023],[107.07996,16.50824],[107.07557,16.50824],[107.0741,16.5112],[107.06751,16.50972],[107.05432,16.52158],[107.06165,16.53345],[107.05945,16.5468],[107.0741,16.54235],[107.0763,16.5468],[107.08655,16.54531],[107.09168,16.55124],[107.12098,16.55124],[107.12318,16.56163],[107.14003,16.57201],[107.15321,16.57497],[107.15761,16.57349],[107.16566,16.57794],[107.17812,16.57646],[107.18251,16.58091],[107.19204,16.57942],[107.19936,16.58387],[107.20962,16.57794],[107.21987,16.57794],[107.23086,16.57942],[107.23452,16.58387],[107.23892,16.58239],[107.24697,16.58684],[107.25137,16.57646],[107.27041,16.56608],[107.27554,16.57201],[107.2858,16.57497],[107.32535,16.60315],[107.32755,16.6076],[107.32242,16.61353],[107.32242,16.61798],[107.30997,16.6254],[107.31583,16.63875],[107.30851,16.63578],[107.30631,16.64023],[107.31656,16.65209],[107.32096,16.65358],[107.32462,16.64913],[107.32462,16.6432],[107.32755,16.64171],[107.32902,16.64913],[107.32462,16.65654],[107.31803,16.65951],[107.31803,16.66248],[107.32828,16.66544],[107.32902,16.66841],[107.32316,16.66989],[107.33195,16.67434],[107.33561,16.68324],[107.34879,16.69659],[107.35832,16.69955],[107.35099,16.70845],[107.35612,16.70994],[107.3693,16.73366],[107.38688,16.74256],[107.47698,16.67434],[107.49969,16.65358],[107.51141,16.64765],[107.52167,16.63726],[107.53559,16.62985],[107.55756,16.61205],[107.60884,16.58091],[107.61836,16.57052],[107.61543,16.56904],[107.60517,16.57646],[107.60371,16.57349],[107.6125,16.57052],[107.60517,16.57052],[107.60957,16.56756],[107.6081,16.56608],[107.59419,16.58239],[107.58466,16.58536],[107.57954,16.59129],[107.56708,16.59574],[107.54584,16.60909],[107.53852,16.61057],[107.5224,16.62243],[107.50848,16.6254],[107.49237,16.63875],[107.47479,16.6432],[107.46746,16.65061],[107.4616,16.65061],[107.45721,16.65803],[107.44329,16.65803],[107.43889,16.65209],[107.4301,16.65209],[107.42424,16.66544],[107.42498,16.65061],[107.43377,16.64468],[107.4345,16.63875],[107.45647,16.63726],[107.45867,16.6343],[107.45721,16.62985],[107.46746,16.62392],[107.47039,16.61798],[107.47845,16.61947],[107.48211,16.61353],[107.49017,16.60909],[107.4953,16.5987],[107.50702,16.5987],[107.51654,16.60315],[107.52387,16.60167],[107.52387,16.59722],[107.53192,16.59129],[107.53705,16.59129],[107.53046,16.58684],[107.53925,16.58832],[107.54071,16.58536],[107.54364,16.58832],[107.54584,16.58536],[107.54438,16.58239],[107.54804,16.58239],[107.55024,16.57646],[107.55903,16.57646],[107.56049,16.57052],[107.57075,16.57052],[107.57368,16.57349],[107.57807,16.57201],[107.58173,16.57942],[107.58833,16.57942],[107.59126,16.56459],[107.59785,16.56608],[107.60591,16.55718],[107.61177,16.56014],[107.6125,16.55421],[107.61909,16.55124],[107.62275,16.55273],[107.62569,16.54531],[107.64546,16.55273],[107.64693,16.54235],[107.6418,16.54086],[107.64107,16.5379],[107.63374,16.5379],[107.63081,16.53345],[107.62275,16.53345],[107.62862,16.53196],[107.62862,16.5201],[107.62642,16.51862],[107.63155,16.50675],[107.64327,16.51713],[107.65279,16.51862],[107.65059,16.50972],[107.64473,16.50824],[107.644,16.50082],[107.64839,16.49489],[107.64693,16.48896],[107.64986,16.48747],[107.65572,16.49192],[107.67769,16.51565],[107.68429,16.51862],[107.68868,16.50675],[107.6982,16.4934],[107.70919,16.49044],[107.7297,16.46523],[107.75388,16.45336],[107.76413,16.43111],[107.78684,16.4148],[107.80955,16.38514],[107.82639,16.37476],[107.83372,16.35844],[107.83372,16.34954],[107.83079,16.34806],[107.83079,16.35103],[107.82786,16.35103],[107.82273,16.35844],[107.81614,16.36141],[107.80295,16.37476],[107.7883,16.38217],[107.78904,16.38811],[107.78244,16.38662],[107.78464,16.39107],[107.77805,16.38811],[107.78098,16.38366],[107.77292,16.36438],[107.77658,16.36141],[107.77878,16.35251],[107.76633,16.34658],[107.76999,16.3451],[107.78244,16.34954],[107.78537,16.3451],[107.78977,16.35399],[107.79563,16.33768],[107.79563,16.33323],[107.78904,16.33026],[107.79343,16.31395],[107.81687,16.29022],[107.83738,16.29022],[107.84617,16.28577],[107.8535,16.29467],[107.86229,16.29764],[107.85863,16.28577],[107.86522,16.27687],[107.87108,16.27836],[107.87694,16.27539],[107.87767,16.27984],[107.8806,16.27984],[107.8828,16.27539],[107.88793,16.27539],[107.89965,16.28429],[107.90477,16.28281],[107.90697,16.28874],[107.91503,16.29319],[107.9143,16.30209],[107.92016,16.30802],[107.92309,16.3184],[107.92382,16.32878],[107.92016,16.33323],[107.91942,16.34658],[107.91649,16.34954],[107.91869,16.35399],[107.92455,16.35251],[107.93554,16.34065],[107.94506,16.34213],[107.94506,16.34806],[107.95019,16.34361],[107.95458,16.3451],[107.96118,16.33026],[107.9685,16.32285],[107.97583,16.31988],[107.97583,16.31692],[107.9978,16.31247],[108.01612,16.31543],[108.02564,16.32433],[108.02637,16.32878],[108.01612,16.3362],[108.01758,16.34213],[108.02198,16.3451],[108.02857,16.3362],[108.03443,16.3362],[108.03443,16.33026],[108.04249,16.31543],[108.03736,16.31098],[108.04029,16.30357],[108.08644,16.23535],[108.0901,16.22497],[108.08278,16.22941],[108.07618,16.24425],[108.06886,16.25314],[108.06593,16.25018],[108.07106,16.24573],[108.06959,16.24276],[108.06519,16.24573],[108.05933,16.26056],[108.05421,16.26353],[108.04468,16.26353],[108.04468,16.25908],[108.03809,16.26056],[108.03443,16.25611],[108.03516,16.24573],[108.04175,16.22793],[108.04981,16.22793],[108.05054,16.222],[108.05787,16.21755],[108.07399,16.22645],[108.09157,16.222],[108.09376,16.22941],[108.10329,16.22052],[108.11354,16.21755],[108.11794,16.2131],[108.12819,16.21755],[108.13478,16.21755],[108.13625,16.21458],[108.14284,16.2131],[108.14431,16.21903],[108.14943,16.222],[108.16994,16.20865],[108.17727,16.2131],[108.17947,16.21162],[108.18167,16.21607],[108.19412,16.21013]]]]}},{"type":"Feature","properties":{"id":"cao-bang","name":"Cao Bằng","type":"Tỉnh","region":"Đông Bắc","mergedFrom":["Cao Bằng"],"areaKm2":null,"population":null},"geometry":{"type":"MultiPolygon","coordinates":[[[[106.56061,22.42279],[106.55475,22.41982],[106.53424,22.41982],[106.5335,22.41538],[106.52764,22.41389],[106.53131,22.40796],[106.52325,22.40499],[106.52032,22.39906],[106.50713,22.40203],[106.50493,22.40499],[106.49028,22.40203],[106.49248,22.39461],[106.48296,22.39165],[106.48882,22.38868],[106.48955,22.38423],[106.47856,22.37978],[106.48003,22.37682],[106.48809,22.37682],[106.48589,22.36792],[106.46758,22.36198],[106.46611,22.35902],[106.46025,22.3605],[106.45366,22.35754],[106.44267,22.35902],[106.43974,22.36347],[106.43242,22.36347],[106.42436,22.35902],[106.41337,22.37088],[106.40165,22.3694],[106.39652,22.37385],[106.38627,22.36495],[106.37894,22.36347],[106.37748,22.35902],[106.35916,22.35754],[106.34012,22.37533],[106.34378,22.38126],[106.34378,22.39165],[106.33206,22.40203],[106.33279,22.41093],[106.3262,22.41241],[106.32107,22.40796],[106.31228,22.40944],[106.29617,22.42576],[106.28738,22.42576],[106.28518,22.43614],[106.27859,22.44652],[106.26394,22.45394],[106.26174,22.45097],[106.25734,22.45097],[106.25515,22.45542],[106.25368,22.45394],[106.24123,22.46135],[106.23317,22.45987],[106.23171,22.45542],[106.21999,22.45542],[106.21193,22.448],[106.20973,22.44059],[106.2046,22.4391],[106.2046,22.43466],[106.19948,22.43021],[106.19874,22.42131],[106.19215,22.41686],[106.19288,22.40796],[106.18629,22.40054],[106.18556,22.38868],[106.17896,22.39016],[106.17896,22.40054],[106.16871,22.40203],[106.16871,22.40648],[106.15919,22.40944],[106.14014,22.39313],[106.13501,22.39461],[106.13208,22.39906],[106.12329,22.39906],[106.12256,22.40203],[106.11084,22.39758],[106.10645,22.40054],[106.10645,22.40796],[106.10132,22.41241],[106.10205,22.43317],[106.09546,22.44355],[106.10498,22.45097],[106.11377,22.4658],[106.12036,22.47025],[106.1167,22.4836],[106.1211,22.50881],[106.10205,22.51474],[106.10352,22.52216],[106.09619,22.52809],[106.09766,22.53106],[106.10205,22.53106],[106.10205,22.53402],[106.09546,22.53254],[106.09399,22.53699],[106.09692,22.54589],[106.0918,22.54737],[106.08887,22.55182],[106.07568,22.55182],[106.07568,22.55924],[106.08374,22.56665],[106.08301,22.57258],[106.07495,22.57258],[106.06762,22.56813],[106.04858,22.57703],[106.04345,22.56368],[106.0288,22.55627],[106.02001,22.55924],[106.00609,22.5533],[106.00463,22.54737],[105.98631,22.54292],[105.97899,22.53551],[105.97093,22.53551],[105.96654,22.52661],[105.96141,22.52661],[105.95994,22.52364],[105.95262,22.52216],[105.94822,22.52661],[105.93284,22.52661],[105.92551,22.52067],[105.92405,22.51178],[105.9116,22.49398],[105.90427,22.49398],[105.89768,22.50584],[105.87497,22.51326],[105.86911,22.52067],[105.83322,22.51474],[105.83248,22.52512],[105.82076,22.51919],[105.80685,22.52216],[105.79513,22.53402],[105.78634,22.55034],[105.77169,22.54885],[105.77462,22.55182],[105.76876,22.55627],[105.77388,22.55775],[105.77095,22.56368],[105.77974,22.5711],[105.77755,22.57703],[105.76656,22.58741],[105.76216,22.58445],[105.75264,22.58445],[105.75118,22.59038],[105.74605,22.59335],[105.75484,22.60669],[105.74165,22.62004],[105.74019,22.62746],[105.7292,22.63042],[105.73066,22.63339],[105.72847,22.63487],[105.73213,22.63932],[105.74019,22.6408],[105.74165,22.64822],[105.74971,22.65712],[105.75191,22.66453],[105.76802,22.6764],[105.77828,22.69123],[105.7585,22.69865],[105.75264,22.71199],[105.75923,22.71793],[105.75997,22.72386],[105.75777,22.72682],[105.75118,22.72534],[105.74092,22.74017],[105.72847,22.73721],[105.72407,22.72979],[105.71235,22.73127],[105.70283,22.71941],[105.69697,22.72831],[105.69257,22.71644],[105.67939,22.71941],[105.67426,22.72386],[105.66913,22.72089],[105.66401,22.72237],[105.66254,22.71644],[105.65595,22.71199],[105.64789,22.70013],[105.64862,22.69716],[105.61932,22.69865],[105.61859,22.6942],[105.612,22.6942],[105.60321,22.68826],[105.60467,22.66898],[105.59954,22.66898],[105.58636,22.6764],[105.58123,22.66453],[105.56878,22.66602],[105.54241,22.65415],[105.54021,22.65119],[105.54021,22.63636],[105.53069,22.63339],[105.51604,22.63636],[105.49772,22.63339],[105.49333,22.65119],[105.49553,22.65712],[105.48967,22.66453],[105.486,22.67788],[105.4904,22.68975],[105.49846,22.69123],[105.49919,22.69568],[105.48674,22.70606],[105.48527,22.71496],[105.47795,22.72831],[105.47282,22.75352],[105.45084,22.75797],[105.44498,22.76983],[105.42521,22.77725],[105.42154,22.78466],[105.41568,22.78466],[105.40689,22.79208],[105.39883,22.79356],[105.38492,22.81136],[105.3732,22.81136],[105.36148,22.81729],[105.34609,22.81581],[105.3417,22.82767],[105.31826,22.83806],[105.308,22.8514],[105.29995,22.85437],[105.28383,22.85437],[105.27064,22.86179],[105.27138,22.87513],[105.28896,22.87662],[105.29775,22.87217],[105.30654,22.87365],[105.30507,22.89441],[105.31167,22.90776],[105.31093,22.91221],[105.32265,22.91369],[105.33511,22.93149],[105.35855,22.93446],[105.36441,22.93891],[105.36001,22.9478],[105.36587,22.96412],[105.36001,22.97005],[105.36074,22.97598],[105.37466,22.98933],[105.3981,22.98933],[105.4047,22.99378],[105.41275,22.99378],[105.41715,22.99971],[105.42594,22.99675],[105.434,23.0012],[105.45084,22.99823],[105.4589,23.00416],[105.46403,23.00268],[105.46769,23.00713],[105.47355,23.00564],[105.4882,23.00861],[105.49113,23.02641],[105.49772,23.03827],[105.50212,23.03976],[105.50798,23.05162],[105.50798,23.06052],[105.5197,23.07535],[105.5175,23.08425],[105.52849,23.10798],[105.5512,23.10946],[105.55486,23.11539],[105.56145,23.11836],[105.56438,23.11836],[105.56731,23.10798],[105.57171,23.10501],[105.56951,23.10353],[105.57098,23.09315],[105.56438,23.09018],[105.56438,23.08721],[105.56951,23.08277],[105.56951,23.07535],[105.5761,23.06942],[105.58416,23.06942],[105.59368,23.07683],[105.60687,23.07683],[105.61053,23.0709],[105.61859,23.06793],[105.62445,23.0709],[105.63031,23.0798],[105.64276,23.08277],[105.64936,23.0798],[105.65375,23.07387],[105.66034,23.07535],[105.66987,23.0709],[105.67646,23.06349],[105.71162,23.062],[105.71015,23.0709],[105.71455,23.06497],[105.7248,23.06497],[105.72847,23.062],[105.73286,23.06349],[105.73506,23.05755],[105.72993,23.05459],[105.7292,23.04717],[105.73286,23.04569],[105.73213,23.04124],[105.73872,23.03234],[105.74751,23.03531],[105.7585,23.03086],[105.76143,23.03234],[105.76363,23.02641],[105.77901,23.02344],[105.78853,23.00713],[105.80318,22.99378],[105.81271,22.99675],[105.8193,22.99378],[105.82589,22.99675],[105.83688,22.98785],[105.83908,22.97895],[105.84347,22.97598],[105.84933,22.97747],[105.85007,22.97302],[105.85593,22.96857],[105.85593,22.9567],[105.86398,22.95225],[105.86252,22.93891],[105.86691,22.93891],[105.87277,22.93149],[105.86984,22.92556],[105.87863,22.93001],[105.88449,22.92704],[105.89035,22.93891],[105.89402,22.93891],[105.90061,22.94632],[105.90867,22.94632],[105.91819,22.95522],[105.92258,22.94929],[105.92918,22.95077],[105.92918,22.9478],[105.93797,22.94335],[105.93797,22.93891],[105.95555,22.93891],[105.95628,22.95077],[105.98119,22.94632],[105.99071,22.93891],[105.99364,22.94187],[105.9973,22.94039],[106.0017,22.94632],[106.00243,22.95374],[105.9995,22.95967],[106.00609,22.96264],[106.00829,22.96708],[106.00023,22.97895],[106.0017,22.9923],[106.02514,22.99081],[106.0288,22.99378],[106.03246,22.99081],[106.03979,22.99378],[106.04125,22.98933],[106.04418,22.98933],[106.04931,22.99526],[106.05517,22.99378],[106.0559,22.98933],[106.05883,22.9923],[106.06396,22.99081],[106.07422,22.99823],[106.0874,22.99971],[106.09692,22.99526],[106.09619,22.9923],[106.10132,22.9923],[106.10278,22.98636],[106.10718,22.98933],[106.11597,22.98933],[106.11963,22.98636],[106.13135,22.98933],[106.13135,22.99378],[106.13428,22.99526],[106.14014,22.99378],[106.14527,22.99675],[106.14673,22.9923],[106.15552,22.98933],[106.15992,22.99081],[106.15919,22.98785],[106.17384,22.98192],[106.19728,22.99081],[106.21193,22.97005],[106.21706,22.97005],[106.21999,22.96264],[106.22438,22.96412],[106.22438,22.9567],[106.2361,22.95374],[106.23683,22.94632],[106.24636,22.94039],[106.24636,22.93149],[106.25222,22.92111],[106.25441,22.92259],[106.25954,22.91963],[106.26247,22.91221],[106.2698,22.91073],[106.27053,22.90183],[106.27639,22.89738],[106.27346,22.88996],[106.27785,22.88551],[106.27273,22.88107],[106.27419,22.87217],[106.28884,22.86772],[106.29031,22.87365],[106.29397,22.87513],[106.29983,22.87365],[106.31082,22.86327],[106.32474,22.87662],[106.34598,22.85585],[106.35184,22.85585],[106.36356,22.86623],[106.36356,22.8781],[106.37088,22.88551],[106.37894,22.88255],[106.39066,22.88403],[106.39432,22.87958],[106.40385,22.88107],[106.40751,22.87513],[106.40971,22.88107],[106.40824,22.887],[106.41703,22.89145],[106.42509,22.89145],[106.42729,22.887],[106.44121,22.88996],[106.44487,22.89441],[106.44633,22.90331],[106.45512,22.90331],[106.46025,22.8959],[106.46391,22.8959],[106.46465,22.90183],[106.47124,22.90035],[106.47124,22.90628],[106.47637,22.91073],[106.48076,22.90331],[106.49175,22.90776],[106.49834,22.90479],[106.50054,22.91369],[106.50347,22.91369],[106.49834,22.91814],[106.50274,22.92259],[106.49907,22.93297],[106.50347,22.93446],[106.5042,22.93149],[106.50713,22.93149],[106.51226,22.94632],[106.52618,22.9478],[106.52911,22.94039],[106.5335,22.94039],[106.5335,22.94335],[106.54229,22.94187],[106.54083,22.93446],[106.54303,22.93001],[106.54889,22.92852],[106.55035,22.92407],[106.56134,22.92259],[106.565,22.91814],[106.57159,22.92407],[106.58258,22.92556],[106.58624,22.93149],[106.59796,22.93297],[106.60236,22.92704],[106.60529,22.92704],[106.60456,22.92111],[106.60895,22.91963],[106.61115,22.91518],[106.60895,22.91221],[106.61481,22.90183],[106.6214,22.90183],[106.62727,22.8959],[106.63166,22.88996],[106.62873,22.887],[106.63752,22.887],[106.63972,22.88255],[106.63752,22.87513],[106.64411,22.87513],[106.64778,22.86772],[106.64997,22.87217],[106.6573,22.8692],[106.66609,22.87513],[106.66536,22.887],[106.66975,22.89293],[106.67781,22.89145],[106.67781,22.887],[106.68367,22.89145],[106.68953,22.88996],[106.69319,22.89293],[106.69685,22.88848],[106.71004,22.88848],[106.71883,22.87365],[106.71004,22.8692],[106.70931,22.86475],[106.74154,22.84399],[106.74227,22.83954],[106.75399,22.83064],[106.76718,22.82619],[106.76425,22.81433],[106.76571,22.80988],[106.77084,22.81581],[106.78036,22.81581],[106.78402,22.81136],[106.78549,22.81433],[106.79062,22.81433],[106.79721,22.81878],[106.81699,22.82026],[106.82211,22.81729],[106.82358,22.81136],[106.82797,22.81284],[106.82944,22.80839],[106.83603,22.80543],[106.83969,22.79801],[106.83383,22.78911],[106.82358,22.78763],[106.82358,22.77725],[106.81772,22.77132],[106.8038,22.76687],[106.79574,22.76983],[106.79355,22.76094],[106.78769,22.75797],[106.78769,22.75204],[106.78036,22.75204],[106.77523,22.74462],[106.76791,22.74462],[106.76498,22.74165],[106.76937,22.73721],[106.76425,22.73276],[106.77011,22.72237],[106.76864,22.71496],[106.77816,22.71051],[106.78036,22.70606],[106.76058,22.69865],[106.75985,22.6942],[106.75399,22.69568],[106.75326,22.69123],[106.76058,22.6853],[106.75765,22.67492],[106.75033,22.66898],[106.74154,22.67047],[106.73714,22.66305],[106.73934,22.65564],[106.73348,22.65415],[106.73275,22.6408],[106.72762,22.63487],[106.72908,22.62894],[106.72396,22.61856],[106.73128,22.61114],[106.72835,22.59928],[106.73348,22.59038],[106.71004,22.57852],[106.69685,22.58296],[106.68001,22.5711],[106.66902,22.57703],[106.64851,22.57703],[106.64485,22.58445],[106.63972,22.58445],[106.63752,22.59038],[106.63386,22.59038],[106.6302,22.60521],[106.60968,22.60373],[106.60382,22.59038],[106.60822,22.58593],[106.60822,22.58],[106.60089,22.57407],[106.60382,22.5622],[106.60016,22.55182],[106.59137,22.54885],[106.59064,22.53402],[106.58258,22.51919],[106.58112,22.49843],[106.58405,22.4747],[106.57965,22.47322],[106.57819,22.46877],[106.57379,22.47173],[106.56573,22.46877],[106.5628,22.46432],[106.56573,22.45839],[106.56134,22.4569],[106.55841,22.44949],[106.55914,22.44652],[106.565,22.44652],[106.5694,22.43317],[106.56427,22.42279],[106.56061,22.42279]]]]}},{"type":"Feature","properties":{"id":"dien-bien","name":"Điện Biên","type":"Tỉnh","region":"Tây Bắc","mergedFrom":["Điện Biên"],"areaKm2":null,"population":null},"geometry":{"type":"MultiPolygon","coordinates":[[[[103.49795,21.96897],[103.50308,21.966],[103.50601,21.95562],[103.49942,21.95117],[103.49869,21.94375],[103.48623,21.93782],[103.49063,21.93189],[103.48477,21.92892],[103.4855,21.92002],[103.48111,21.91557],[103.4833,21.91261],[103.48111,21.90816],[103.48843,21.90371],[103.4855,21.89481],[103.49063,21.89036],[103.48916,21.88443],[103.49429,21.87998],[103.49356,21.87405],[103.50748,21.87257],[103.52286,21.86218],[103.53019,21.84587],[103.53092,21.834],[103.53751,21.83252],[103.54191,21.82659],[103.54264,21.82214],[103.53824,21.81472],[103.54777,21.79989],[103.54264,21.77765],[103.55949,21.76282],[103.56315,21.74947],[103.5734,21.74057],[103.58659,21.70349],[103.59904,21.68125],[103.59684,21.6768],[103.59318,21.6768],[103.58366,21.6857],[103.5734,21.68125],[103.56315,21.66938],[103.55656,21.65455],[103.54264,21.64714],[103.55143,21.63972],[103.55289,21.6323],[103.55949,21.62934],[103.56022,21.62489],[103.55582,21.62192],[103.55582,21.61451],[103.54923,21.60264],[103.54117,21.60116],[103.53824,21.59078],[103.53458,21.59078],[103.53092,21.58633],[103.53385,21.56705],[103.52286,21.56557],[103.52066,21.56112],[103.52286,21.54332],[103.5192,21.53294],[103.50088,21.53294],[103.4855,21.52107],[103.47818,21.52107],[103.47085,21.51662],[103.46499,21.51959],[103.4606,21.51811],[103.46206,21.51217],[103.454,21.50328],[103.44961,21.48845],[103.45474,21.47806],[103.45693,21.45878],[103.44814,21.44395],[103.45107,21.43802],[103.44888,21.43505],[103.44375,21.4306],[103.42251,21.4306],[103.41738,21.42616],[103.3954,21.43654],[103.39174,21.43357],[103.38222,21.43654],[103.37855,21.42912],[103.37343,21.42764],[103.35365,21.42467],[103.34413,21.42912],[103.33827,21.41726],[103.33314,21.41429],[103.34266,21.39946],[103.35951,21.3876],[103.36171,21.37276],[103.38588,21.36832],[103.38954,21.36387],[103.3683,21.33272],[103.38515,21.32679],[103.3954,21.31789],[103.41591,21.31789],[103.42983,21.31344],[103.44155,21.28675],[103.44009,21.2645],[103.43276,21.25412],[103.43716,21.24077],[103.43423,21.23039],[103.43423,21.20666],[103.43862,21.19776],[103.43496,21.1681],[103.43203,21.16365],[103.41591,21.16662],[103.40859,21.15327],[103.3998,21.15178],[103.39687,21.14734],[103.40273,21.12806],[103.40346,21.10581],[103.41152,21.08653],[103.42177,21.07318],[103.42837,21.07021],[103.42837,21.06725],[103.40639,21.05983],[103.39467,21.0628],[103.37269,21.0628],[103.36903,21.07021],[103.36024,21.0717],[103.33607,21.09098],[103.32801,21.09098],[103.32069,21.09543],[103.31776,21.09246],[103.29944,21.09691],[103.28992,21.09543],[103.29358,21.08356],[103.29065,21.07763],[103.30018,21.06873],[103.30311,21.06132],[103.28992,21.06132],[103.28406,21.06577],[103.28333,21.06132],[103.2782,21.0628],[103.28113,21.05983],[103.27673,21.05242],[103.27966,21.05093],[103.27893,21.045],[103.28845,21.03759],[103.28772,21.03165],[103.29138,21.03017],[103.28992,21.02721],[103.29358,21.02572],[103.29138,21.02276],[103.29432,21.02127],[103.29358,21.01831],[103.28626,21.01682],[103.28772,21.00941],[103.28552,21.00496],[103.2804,21.00348],[103.27966,20.99903],[103.28552,20.99903],[103.28406,20.99606],[103.28992,20.99309],[103.30164,20.96788],[103.30164,20.94712],[103.28626,20.94564],[103.27747,20.93525],[103.2804,20.92191],[103.29065,20.90707],[103.28259,20.89818],[103.26941,20.90263],[103.2489,20.89373],[103.23571,20.89373],[103.23205,20.89669],[103.22106,20.89521],[103.21813,20.89966],[103.21081,20.90263],[103.18883,20.90411],[103.17638,20.91004],[103.17418,20.91449],[103.16759,20.91597],[103.16686,20.91004],[103.16173,20.90559],[103.15147,20.90411],[103.14049,20.90856],[103.13389,20.90707],[103.13316,20.91152],[103.12803,20.91152],[103.12144,20.90411],[103.12144,20.89669],[103.11631,20.89669],[103.11338,20.90114],[103.11412,20.91449],[103.10826,20.92042],[103.10826,20.9308],[103.10606,20.93525],[103.09507,20.93525],[103.08994,20.9397],[103.08775,20.96788],[103.08115,20.97381],[103.07969,20.97975],[103.07529,20.98123],[103.07163,20.99309],[103.06137,21.00348],[103.05918,21.01534],[103.0416,21.03907],[103.04233,21.04649],[103.03793,21.05093],[103.03647,21.05835],[103.02768,21.05835],[103.01889,21.06428],[103.00277,21.05983],[102.99984,21.0628],[102.98812,21.0628],[102.97274,21.06873],[102.96395,21.0806],[102.96981,21.09246],[102.96395,21.11322],[102.9493,21.12509],[102.94344,21.12657],[102.94271,21.1325],[102.95223,21.1414],[102.94783,21.14289],[102.93904,21.1592],[102.93025,21.16365],[102.92732,21.15772],[102.92439,21.15772],[102.92146,21.16217],[102.91487,21.16217],[102.90755,21.16662],[102.90828,21.17403],[102.91341,21.17996],[102.90828,21.19183],[102.91487,21.20369],[102.91414,21.22001],[102.91121,21.22446],[102.9156,21.23039],[102.90462,21.23335],[102.89436,21.2467],[102.87678,21.25412],[102.87239,21.25263],[102.86872,21.25708],[102.86213,21.25708],[102.8592,21.25263],[102.85188,21.25263],[102.84821,21.24819],[102.8277,21.2467],[102.82624,21.25412],[102.81891,21.25115],[102.82111,21.25857],[102.81378,21.2645],[102.81525,21.26747],[102.82184,21.26747],[102.82038,21.27191],[102.83356,21.27933],[102.83869,21.27933],[102.83869,21.28378],[102.84382,21.28378],[102.84748,21.29268],[102.85334,21.28971],[102.85554,21.29861],[102.87678,21.30158],[102.88777,21.30009],[102.89509,21.30454],[102.89876,21.30306],[102.90022,21.30603],[102.90242,21.31789],[102.8929,21.33124],[102.89876,21.35497],[102.89656,21.3609],[102.90095,21.36387],[102.89802,21.36832],[102.90169,21.37573],[102.89802,21.38611],[102.90974,21.39204],[102.91267,21.40094],[102.92146,21.40688],[102.92,21.41429],[102.92513,21.4306],[102.94271,21.4573],[102.93831,21.45878],[102.92586,21.45582],[102.91634,21.44544],[102.9156,21.43654],[102.90608,21.43357],[102.90681,21.42912],[102.90315,21.42912],[102.90315,21.43357],[102.89949,21.43505],[102.89143,21.42616],[102.8863,21.42467],[102.87532,21.42319],[102.87312,21.42764],[102.88118,21.43654],[102.88044,21.44544],[102.8885,21.4484],[102.8863,21.46175],[102.8929,21.46768],[102.88923,21.47658],[102.90608,21.47658],[102.91048,21.47955],[102.90974,21.48548],[102.91634,21.49141],[102.9156,21.50328],[102.92,21.50476],[102.92073,21.50921],[102.92732,21.51514],[102.93465,21.51662],[102.93392,21.52404],[102.94271,21.52701],[102.94637,21.5359],[102.96322,21.54629],[102.96029,21.5537],[102.96981,21.56705],[102.97933,21.5715],[102.99691,21.58781],[102.99252,21.60413],[102.98739,21.60709],[102.99179,21.62341],[102.98739,21.62637],[102.98886,21.62934],[102.98519,21.63527],[102.98959,21.63675],[102.98959,21.64417],[102.98373,21.64417],[102.98226,21.64862],[102.99179,21.67976],[102.99105,21.6857],[102.98226,21.68866],[102.9808,21.69459],[102.98226,21.70053],[102.99105,21.70646],[102.98739,21.72574],[102.97567,21.73612],[102.97494,21.74502],[102.97054,21.7465],[102.95589,21.72871],[102.94637,21.72574],[102.94124,21.72722],[102.93831,21.72426],[102.92513,21.72426],[102.90828,21.71684],[102.90242,21.71832],[102.89802,21.71387],[102.8885,21.71239],[102.88191,21.70349],[102.87898,21.70349],[102.87092,21.71387],[102.8592,21.71981],[102.86067,21.73167],[102.857,21.74354],[102.86286,21.75392],[102.8636,21.76578],[102.85774,21.76727],[102.86067,21.78358],[102.857,21.78803],[102.8614,21.79841],[102.85774,21.80879],[102.85993,21.81917],[102.85554,21.82807],[102.85554,21.83994],[102.84821,21.84587],[102.83503,21.84587],[102.83283,21.8429],[102.82111,21.84142],[102.82111,21.834],[102.81305,21.82362],[102.8255,21.79989],[102.82038,21.78358],[102.82331,21.77765],[102.82331,21.75837],[102.8277,21.73464],[102.81745,21.73167],[102.81232,21.72574],[102.81232,21.71832],[102.80573,21.71684],[102.8006,21.70794],[102.79034,21.70794],[102.77203,21.68718],[102.76544,21.67531],[102.75665,21.67383],[102.75299,21.66493],[102.74273,21.659],[102.73687,21.659],[102.73321,21.66345],[102.7127,21.66493],[102.70391,21.66197],[102.69365,21.66345],[102.68559,21.65455],[102.679,21.65603],[102.67754,21.66345],[102.66655,21.68125],[102.67021,21.68718],[102.66362,21.70053],[102.66069,21.71684],[102.65556,21.72129],[102.6541,21.72871],[102.64897,21.73167],[102.6519,21.73612],[102.6519,21.7643],[102.65996,21.77616],[102.66582,21.79248],[102.66142,21.80138],[102.65117,21.81028],[102.65336,21.82956],[102.64531,21.84735],[102.64897,21.85922],[102.63578,21.86218],[102.63359,21.86812],[102.62186,21.87108],[102.61527,21.87701],[102.6204,21.89629],[102.62553,21.89926],[102.61747,21.91854],[102.61014,21.92299],[102.58963,21.92744],[102.58451,21.93337],[102.57059,21.93634],[102.56766,21.94227],[102.54715,21.95265],[102.54275,21.95858],[102.52591,21.966],[102.51858,21.966],[102.5032,21.97935],[102.49148,21.99566],[102.49221,22.00604],[102.4966,22.01346],[102.51199,22.01494],[102.52298,22.02236],[102.52444,22.02829],[102.51492,22.03719],[102.50906,22.03422],[102.50393,22.03719],[102.50027,22.03422],[102.48855,22.04164],[102.47609,22.06092],[102.46657,22.06388],[102.45705,22.0713],[102.44606,22.07278],[102.44533,22.07723],[102.44899,22.07871],[102.45046,22.08465],[102.4424,22.09206],[102.4446,22.10244],[102.438,22.11134],[102.438,22.11579],[102.42848,22.11431],[102.41237,22.12766],[102.39039,22.12766],[102.38673,22.15139],[102.37208,22.1588],[102.36768,22.16473],[102.36109,22.16622],[102.3479,22.16325],[102.33911,22.16622],[102.33911,22.18698],[102.33545,22.1944],[102.32886,22.19736],[102.3252,22.20329],[102.3186,22.20478],[102.31714,22.20774],[102.31421,22.20774],[102.30835,22.20033],[102.30102,22.20478],[102.28344,22.20478],[102.28051,22.21219],[102.28198,22.22109],[102.27538,22.22554],[102.27538,22.2374],[102.2644,22.23444],[102.24389,22.23889],[102.24242,22.2463],[102.24535,22.25372],[102.24022,22.26262],[102.23656,22.2641],[102.23436,22.273],[102.23803,22.28041],[102.23656,22.28486],[102.21459,22.28783],[102.21385,22.2908],[102.20287,22.29821],[102.19847,22.29821],[102.19481,22.30266],[102.18162,22.30563],[102.18162,22.31601],[102.18529,22.32342],[102.19261,22.32639],[102.19994,22.33677],[102.19188,22.34122],[102.18309,22.33825],[102.17063,22.3516],[102.16844,22.36198],[102.17503,22.37237],[102.145,22.39906],[102.14573,22.40648],[102.15012,22.40944],[102.15379,22.42427],[102.15891,22.43021],[102.18748,22.43466],[102.20653,22.42872],[102.21385,22.43169],[102.22191,22.42576],[102.23876,22.42872],[102.24682,22.41982],[102.26293,22.41389],[102.26879,22.42427],[102.26659,22.43169],[102.24901,22.45987],[102.2644,22.46728],[102.26293,22.47025],[102.26586,22.47767],[102.27099,22.48063],[102.27319,22.49843],[102.28857,22.51474],[102.30029,22.53254],[102.3186,22.54885],[102.3208,22.55775],[102.32593,22.55924],[102.32666,22.5444],[102.33032,22.54292],[102.33325,22.53551],[102.34717,22.52809],[102.34278,22.52216],[102.34864,22.50733],[102.3523,22.50584],[102.3523,22.48953],[102.36109,22.49101],[102.36695,22.4747],[102.39039,22.46877],[102.39771,22.45987],[102.39478,22.44059],[102.40064,22.43317],[102.40211,22.41834],[102.39552,22.42427],[102.39552,22.41686],[102.39039,22.41093],[102.39698,22.40203],[102.40431,22.40054],[102.4131,22.38868],[102.42482,22.3872],[102.42775,22.38423],[102.42995,22.37088],[102.43874,22.36643],[102.44606,22.36643],[102.45192,22.36198],[102.46071,22.35012],[102.45998,22.3427],[102.47097,22.33529],[102.47463,22.32787],[102.47756,22.32787],[102.47829,22.32046],[102.49367,22.30414],[102.49441,22.29673],[102.50246,22.29228],[102.51345,22.27893],[102.51345,22.27152],[102.51858,22.25965],[102.54715,22.24185],[102.5574,22.24334],[102.56619,22.25965],[102.58231,22.26113],[102.60941,22.23889],[102.61307,22.24037],[102.62406,22.23444],[102.62553,22.22702],[102.62186,22.22406],[102.62113,22.21516],[102.6226,22.20181],[102.62333,22.19884],[102.62846,22.19736],[102.63285,22.18846],[102.64091,22.18698],[102.64164,22.18105],[102.6497,22.17363],[102.66582,22.17512],[102.66801,22.17215],[102.67241,22.17215],[102.67461,22.1677],[102.68193,22.1677],[102.68559,22.17215],[102.69438,22.1944],[102.70098,22.19884],[102.70244,22.20923],[102.69951,22.22109],[102.69145,22.22999],[102.69219,22.2374],[102.68779,22.23889],[102.68413,22.24482],[102.66801,22.25224],[102.66801,22.2552],[102.6812,22.26262],[102.69585,22.2463],[102.70977,22.24334],[102.7127,22.23889],[102.73101,22.23889],[102.73247,22.23444],[102.74053,22.22999],[102.74566,22.21961],[102.75372,22.21368],[102.75372,22.20923],[102.75885,22.20774],[102.75225,22.1855],[102.75225,22.1766],[102.74346,22.17215],[102.74127,22.16325],[102.74566,22.15287],[102.74273,22.14397],[102.74859,22.12914],[102.75958,22.12469],[102.76617,22.11579],[102.7713,22.11727],[102.77936,22.10541],[102.77936,22.10096],[102.78375,22.10096],[102.77862,22.09355],[102.77936,22.08761],[102.81452,22.07427],[102.82331,22.06537],[102.85554,22.06685],[102.85993,22.06092],[102.8636,22.06092],[102.87019,22.07871],[102.88264,22.0802],[102.89436,22.07575],[102.90169,22.07871],[102.90608,22.08613],[102.91487,22.09058],[102.93758,22.09503],[102.93904,22.08465],[102.93172,22.07723],[102.93392,22.06833],[102.9471,22.06685],[102.95369,22.05647],[102.96395,22.05054],[102.96835,22.04164],[102.96542,22.03719],[102.97054,22.03126],[102.99032,22.02681],[102.99838,22.0357],[102.99911,22.0446],[103.00351,22.05202],[103.01376,22.05054],[103.02109,22.05647],[103.02621,22.05647],[103.03647,22.04905],[103.04746,22.04905],[103.05698,22.0535],[103.06137,22.0624],[103.09727,22.05647],[103.098,22.06537],[103.09141,22.0713],[103.09727,22.07723],[103.10459,22.10096],[103.10826,22.10096],[103.12364,22.09503],[103.1273,22.09058],[103.12803,22.08168],[103.14561,22.06685],[103.15294,22.06833],[103.1544,22.07575],[103.17491,22.07871],[103.19836,22.06685],[103.21374,22.06982],[103.22399,22.06537],[103.24597,22.04757],[103.26208,22.04609],[103.28406,22.03719],[103.29285,22.04164],[103.29358,22.04757],[103.28919,22.05647],[103.27673,22.06685],[103.27527,22.07723],[103.28626,22.08761],[103.28772,22.10838],[103.29358,22.11283],[103.3097,22.11431],[103.30897,22.12766],[103.31629,22.13062],[103.32069,22.14397],[103.32874,22.14694],[103.33314,22.15435],[103.35951,22.15287],[103.39101,22.15732],[103.39394,22.15584],[103.39174,22.1499],[103.39394,22.141],[103.40786,22.12766],[103.40786,22.11579],[103.41958,22.08761],[103.42251,22.07278],[103.43276,22.06537],[103.43642,22.05499],[103.44375,22.05795],[103.454,22.05499],[103.47012,22.02829],[103.45474,22.01494],[103.454,22.00753],[103.46646,21.99714],[103.47085,21.9838],[103.47671,21.97786],[103.49283,21.9749],[103.49795,21.96897]]]]}},{"type":"Feature","properties":{"id":"ha-tinh","name":"Hà Tĩnh","type":"Tỉnh","region":"Bắc Trung Bộ","mergedFrom":["Hà Tĩnh"],"areaKm2":null,"population":null},"geometry":{"type":"MultiPolygon","coordinates":[[[[106.46245,18.10552],[106.46465,18.10552],[106.46465,18.10107],[106.45219,18.09959],[106.45805,18.10552],[106.46245,18.10552]]],[[[106.11817,18.27904],[106.11743,18.27904],[106.11743,18.28053],[106.1167,18.28053],[106.11597,18.28053],[106.11597,18.28201],[106.1167,18.28201],[106.11743,18.28201],[106.11817,18.28201],[106.1189,18.28053],[106.1189,18.27904],[106.11817,18.27904]]],[[[106.16505,18.3087],[106.16431,18.3087],[106.16431,18.31019],[106.16431,18.31167],[106.16431,18.31315],[106.16505,18.31315],[106.16505,18.31167],[106.16578,18.31167],[106.16578,18.31019],[106.16578,18.3087],[106.16505,18.3087]]],[[[106.51079,17.96018],[106.49102,17.96018],[106.47856,17.95276],[106.47417,17.95573],[106.46318,17.95573],[106.45,17.9498],[106.44414,17.95128],[106.4434,17.96908],[106.43535,17.97353],[106.42216,17.96908],[106.41703,17.97501],[106.40971,17.97353],[106.40018,17.98094],[106.38846,17.98242],[106.38041,17.98687],[106.37381,17.98539],[106.36063,17.99132],[106.33792,17.99132],[106.33719,17.98687],[106.32913,17.97946],[106.32327,17.96314],[106.30496,17.96314],[106.30349,17.9587],[106.2969,17.95425],[106.29397,17.94386],[106.28225,17.9409],[106.28078,17.92607],[106.27639,17.91865],[106.27273,17.92014],[106.27199,17.91717],[106.26467,17.91865],[106.25954,17.91569],[106.24123,17.93052],[106.23757,17.92755],[106.22218,17.93052],[106.21999,17.92755],[106.20827,17.92607],[106.20021,17.91717],[106.19435,17.91865],[106.19215,17.9231],[106.18116,17.92162],[106.1731,17.9142],[106.16431,17.91717],[106.13794,17.91865],[106.13794,17.92162],[106.12989,17.92014],[106.1189,17.92755],[106.08008,17.932],[106.04491,17.94683],[106.04858,17.95721],[106.04711,17.96611],[106.05297,17.96908],[106.05956,17.97798],[106.06469,17.97946],[106.06835,17.98539],[106.07715,17.98836],[106.06909,17.99874],[106.06616,17.99874],[106.06616,18.00319],[106.0581,18.00764],[106.0603,18.01357],[106.04931,18.01802],[106.04638,18.0284],[106.04198,18.02395],[106.03539,18.02543],[106.03393,18.02099],[106.02147,18.02395],[106.01561,18.03433],[105.9951,18.05065],[105.98631,18.06399],[105.97679,18.06399],[105.96727,18.0551],[105.96287,18.05955],[105.94969,18.05806],[105.94969,18.06696],[105.93504,18.08327],[105.93284,18.08921],[105.91819,18.08031],[105.9116,18.08772],[105.89475,18.09069],[105.89035,18.08476],[105.88596,18.08476],[105.87131,18.06696],[105.84933,18.06696],[105.8464,18.06103],[105.84787,18.05806],[105.85812,18.05065],[105.86398,18.04175],[105.85886,18.02692],[105.85226,18.02692],[105.84933,18.02247],[105.83688,18.02395],[105.83615,18.02692],[105.8193,18.03433],[105.81637,18.03878],[105.80758,18.03285],[105.80904,18.02543],[105.78634,18.02543],[105.77608,18.01654],[105.76949,18.02395],[105.75704,18.02543],[105.74971,18.03433],[105.73799,18.0373],[105.72993,18.03433],[105.72041,18.02247],[105.72041,18.00615],[105.71382,18.00467],[105.71235,17.99874],[105.70576,17.99281],[105.64057,17.99429],[105.63251,17.99132],[105.62079,18.00022],[105.61273,18.01209],[105.60467,18.0106],[105.59735,18.00171],[105.59368,18.00467],[105.59368,18.00912],[105.58856,18.00912],[105.58709,18.01209],[105.58343,18.0106],[105.5805,18.01357],[105.58343,18.02099],[105.57903,18.02692],[105.58489,18.04175],[105.57977,18.06251],[105.57464,18.06103],[105.57244,18.06399],[105.57171,18.06696],[105.5761,18.06993],[105.57244,18.07289],[105.57024,18.08476],[105.56805,18.08624],[105.55852,18.08031],[105.53948,18.08179],[105.53875,18.10552],[105.53508,18.1159],[105.52703,18.11887],[105.5219,18.12628],[105.51237,18.1248],[105.51091,18.12035],[105.50578,18.12332],[105.50285,18.12925],[105.50358,18.13518],[105.50578,18.13518],[105.50285,18.13963],[105.50578,18.14556],[105.51164,18.14853],[105.50871,18.15446],[105.51018,18.1604],[105.50358,18.17226],[105.50578,18.17523],[105.49919,18.19006],[105.49333,18.17671],[105.48747,18.17671],[105.486,18.18561],[105.49333,18.20044],[105.4904,18.20341],[105.47941,18.19599],[105.47648,18.19896],[105.46916,18.19896],[105.45963,18.20637],[105.45377,18.20341],[105.44205,18.20489],[105.44205,18.20044],[105.44645,18.19747],[105.43912,18.18264],[105.43693,18.17968],[105.42887,18.17968],[105.42594,18.18412],[105.42008,18.18412],[105.41422,18.17523],[105.41422,18.16336],[105.40909,18.15446],[105.40176,18.1604],[105.39224,18.15891],[105.38272,18.17078],[105.37539,18.16633],[105.37613,18.1604],[105.36734,18.1604],[105.36294,18.16336],[105.36148,18.17078],[105.35195,18.18412],[105.33584,18.18264],[105.3373,18.19154],[105.32851,18.19154],[105.31899,18.20044],[105.32558,18.20934],[105.32265,18.22862],[105.33071,18.25235],[105.32778,18.26569],[105.30947,18.26569],[105.30434,18.2568],[105.30654,18.25235],[105.30214,18.24493],[105.30288,18.24048],[105.29848,18.23603],[105.29482,18.24641],[105.29921,18.25531],[105.28749,18.25531],[105.2831,18.26125],[105.28017,18.26125],[105.27724,18.25383],[105.27357,18.25531],[105.27211,18.25976],[105.25453,18.25531],[105.25746,18.27014],[105.24501,18.28794],[105.24208,18.29684],[105.23475,18.29832],[105.23036,18.30277],[105.21717,18.30277],[105.20765,18.31464],[105.193,18.3176],[105.18348,18.32502],[105.18934,18.34578],[105.1886,18.3532],[105.17761,18.37099],[105.18128,18.37544],[105.18348,18.38731],[105.17322,18.39176],[105.16589,18.39176],[105.16589,18.38731],[105.14905,18.38879],[105.15051,18.39176],[105.14465,18.40066],[105.14685,18.40362],[105.13659,18.40955],[105.13659,18.41252],[105.13952,18.41252],[105.13952,18.41994],[105.1344,18.41549],[105.12121,18.41845],[105.11755,18.43328],[105.11096,18.43328],[105.1029,18.44663],[105.10729,18.45553],[105.10436,18.46146],[105.10803,18.46443],[105.10803,18.48371],[105.11315,18.49112],[105.10949,18.49409],[105.11242,18.49706],[105.10949,18.50299],[105.11022,18.51189],[105.11975,18.52375],[105.11462,18.5282],[105.11462,18.54007],[105.12414,18.54303],[105.12854,18.54896],[105.1278,18.55638],[105.13952,18.56231],[105.13293,18.56973],[105.13513,18.58159],[105.13806,18.58308],[105.13366,18.59049],[105.14905,18.60532],[105.15637,18.60681],[105.16003,18.61422],[105.17981,18.60236],[105.18641,18.60384],[105.19007,18.59939],[105.19666,18.60236],[105.19959,18.59939],[105.2179,18.59791],[105.22889,18.58752],[105.23329,18.59791],[105.23915,18.60384],[105.26185,18.61867],[105.26552,18.61719],[105.2809,18.62312],[105.28896,18.62015],[105.29409,18.62312],[105.30434,18.60681],[105.32265,18.60236],[105.33071,18.60384],[105.33144,18.59791],[105.33804,18.59049],[105.35562,18.58604],[105.35855,18.58159],[105.37246,18.58159],[105.37539,18.57863],[105.38492,18.58159],[105.39737,18.58011],[105.39957,18.58456],[105.40982,18.58456],[105.41568,18.59049],[105.41861,18.59049],[105.42008,18.58604],[105.42301,18.58604],[105.42374,18.58901],[105.434,18.58752],[105.44059,18.59939],[105.44791,18.60236],[105.4589,18.60087],[105.4589,18.60384],[105.47575,18.60829],[105.47575,18.61422],[105.50212,18.61125],[105.51457,18.59939],[105.51677,18.58604],[105.5219,18.57863],[105.52483,18.57863],[105.52996,18.56083],[105.53801,18.55935],[105.54534,18.55193],[105.54973,18.55341],[105.5512,18.55786],[105.55779,18.55935],[105.58416,18.55935],[105.58929,18.57269],[105.59515,18.57269],[105.59808,18.57714],[105.61566,18.57714],[105.62005,18.56973],[105.62518,18.56824],[105.66108,18.58456],[105.6662,18.58456],[105.67646,18.57714],[105.68818,18.59346],[105.68964,18.62757],[105.69331,18.63202],[105.70136,18.63202],[105.70429,18.63647],[105.71382,18.66613],[105.72334,18.67206],[105.75118,18.66761],[105.76729,18.67354],[105.76583,18.68837],[105.75704,18.70172],[105.74165,18.74177],[105.74458,18.74918],[105.75704,18.76105],[105.76363,18.76401],[105.77169,18.7566],[105.77535,18.75956],[105.78634,18.72694],[105.79806,18.66761],[105.82076,18.60829],[105.83615,18.57714],[105.85593,18.546],[105.85739,18.54303],[105.85519,18.54007],[105.86472,18.53265],[105.92185,18.45405],[105.9116,18.44515],[105.91013,18.43477],[105.91233,18.4229],[105.90427,18.40511],[105.9072,18.40362],[105.91746,18.41104],[105.92405,18.42142],[105.92771,18.42883],[105.92405,18.43922],[105.92478,18.44663],[105.93137,18.45553],[105.93064,18.46146],[105.9387,18.46739],[105.94016,18.47184],[105.94383,18.47184],[105.94383,18.46739],[105.9387,18.46295],[105.94749,18.44515],[105.99291,18.38138],[106.06982,18.29981],[106.10059,18.27459],[106.1145,18.27014],[106.1167,18.26273],[106.11084,18.26421],[106.10791,18.26125],[106.09399,18.26125],[106.0918,18.24938],[106.08594,18.2479],[106.09253,18.24641],[106.09546,18.25976],[106.11011,18.25976],[106.11011,18.25383],[106.10278,18.24493],[106.10425,18.24048],[106.10791,18.24048],[106.10498,18.24493],[106.11304,18.25828],[106.1189,18.2568],[106.12256,18.25976],[106.12183,18.26718],[106.14161,18.26569],[106.15479,18.26866],[106.1819,18.2568],[106.19508,18.24345],[106.19874,18.24345],[106.20973,18.23307],[106.21413,18.23455],[106.21852,18.22713],[106.23024,18.22269],[106.23244,18.21824],[106.25222,18.21527],[106.27492,18.18709],[106.30349,18.1604],[106.30496,18.15595],[106.31009,18.15446],[106.32327,18.13963],[106.35623,18.11294],[106.35697,18.10997],[106.35404,18.10849],[106.34671,18.11442],[106.33939,18.1159],[106.33939,18.11294],[106.33133,18.11442],[106.31888,18.107],[106.31302,18.10849],[106.30716,18.11442],[106.31741,18.10552],[106.32254,18.10552],[106.33646,18.11294],[106.33572,18.10997],[106.34305,18.10404],[106.34598,18.09662],[106.34232,18.08772],[106.33279,18.08476],[106.34158,18.06993],[106.34158,18.06399],[106.33792,18.05955],[106.34085,18.05955],[106.34305,18.06399],[106.33939,18.08031],[106.34525,18.08476],[106.34891,18.09514],[106.36209,18.10849],[106.36942,18.10849],[106.37308,18.10552],[106.38114,18.107],[106.38041,18.10404],[106.3848,18.10107],[106.39506,18.09811],[106.40605,18.09959],[106.40824,18.10997],[106.40531,18.11145],[106.41044,18.11294],[106.40898,18.11739],[106.4141,18.1248],[106.42216,18.12628],[106.42143,18.12184],[106.43535,18.12332],[106.43095,18.11294],[106.4207,18.10256],[106.42363,18.09662],[106.42143,18.09217],[106.43095,18.07586],[106.43828,18.05065],[106.46758,17.99874],[106.47417,17.99726],[106.4771,17.98836],[106.48223,17.98984],[106.48149,17.98539],[106.49321,17.96759],[106.49102,17.96314],[106.5042,17.96463],[106.51079,17.96018]]]]}},{"type":"Feature","properties":{"id":"lai-chau","name":"Lai Châu","type":"Tỉnh","region":"Tây Bắc","mergedFrom":["Lai Châu"],"areaKm2":null,"population":null},"geometry":{"type":"MultiPolygon","coordinates":[[[[103.53165,22.59483],[103.53531,22.58593],[103.55729,22.58741],[103.56535,22.58],[103.57487,22.57852],[103.56974,22.57258],[103.56974,22.56665],[103.58219,22.5444],[103.58366,22.53254],[103.59538,22.52957],[103.59465,22.52364],[103.58732,22.51326],[103.58879,22.50733],[103.58146,22.4925],[103.56901,22.48656],[103.55729,22.47322],[103.55656,22.46877],[103.55949,22.46283],[103.56974,22.4569],[103.5734,22.448],[103.57926,22.44652],[103.58366,22.4391],[103.58952,22.43614],[103.59245,22.42724],[103.60563,22.42427],[103.6071,22.40796],[103.62908,22.3961],[103.63347,22.3961],[103.64519,22.40351],[103.68328,22.40351],[103.695,22.40796],[103.70379,22.40499],[103.71038,22.40944],[103.71405,22.40796],[103.71624,22.41241],[103.72943,22.41538],[103.75067,22.40648],[103.76752,22.39016],[103.76972,22.38126],[103.76825,22.35457],[103.77631,22.35309],[103.78144,22.34864],[103.77924,22.34122],[103.78364,22.33825],[103.77118,22.33232],[103.77338,22.32342],[103.76313,22.31156],[103.77411,22.30859],[103.77778,22.30414],[103.77558,22.30118],[103.79023,22.29969],[103.80415,22.28635],[103.81733,22.27893],[103.82759,22.26707],[103.83564,22.24927],[103.8415,22.2463],[103.84443,22.23592],[103.84297,22.22406],[103.85249,22.21812],[103.85762,22.20478],[103.873,22.19736],[103.873,22.18846],[103.86641,22.18253],[103.87081,22.17512],[103.89205,22.16918],[103.89937,22.15732],[103.90743,22.15584],[103.91476,22.14397],[103.92208,22.141],[103.93673,22.141],[103.93966,22.13804],[103.93746,22.12024],[103.94479,22.10986],[103.94552,22.09651],[103.93893,22.08168],[103.94918,22.0713],[103.95504,22.05943],[103.95797,22.04905],[103.95431,22.02532],[103.96603,22.01346],[103.95797,21.99863],[103.96823,21.98973],[103.97409,21.98231],[103.97556,21.9749],[103.98068,21.97342],[103.98435,21.96748],[103.97629,21.96007],[103.97043,21.96007],[103.96091,21.94524],[103.96091,21.93782],[103.94259,21.91854],[103.93673,21.91854],[103.93453,21.92299],[103.92794,21.92299],[103.92501,21.93041],[103.91695,21.93189],[103.90597,21.92151],[103.89278,21.92151],[103.88546,21.90816],[103.88839,21.90074],[103.88619,21.89333],[103.88839,21.86515],[103.91769,21.83994],[103.91915,21.83252],[103.91695,21.83252],[103.91695,21.82807],[103.92867,21.82362],[103.93453,21.81917],[103.9338,21.81472],[103.94406,21.81028],[103.94406,21.80434],[103.94845,21.80286],[103.95211,21.79693],[103.95065,21.78803],[103.95651,21.78506],[103.95944,21.77616],[103.9675,21.77023],[103.96237,21.75688],[103.95065,21.75392],[103.95285,21.74205],[103.94113,21.74354],[103.93673,21.73909],[103.93087,21.74354],[103.91476,21.74057],[103.91695,21.72871],[103.91549,21.72129],[103.91036,21.71536],[103.92062,21.70943],[103.92208,21.70053],[103.91549,21.69459],[103.9045,21.69311],[103.90084,21.69756],[103.89132,21.69904],[103.88179,21.70794],[103.8796,21.6857],[103.87447,21.68421],[103.87154,21.68718],[103.86568,21.68718],[103.86202,21.69163],[103.85469,21.69015],[103.8481,21.70053],[103.8415,21.70053],[103.83931,21.70498],[103.83418,21.72722],[103.83638,21.73612],[103.83418,21.74354],[103.82905,21.73464],[103.81587,21.73909],[103.80781,21.73612],[103.80122,21.74947],[103.79682,21.75095],[103.79023,21.76282],[103.7829,21.76282],[103.77997,21.77765],[103.7558,21.77765],[103.75434,21.78803],[103.7602,21.80731],[103.74335,21.80731],[103.73529,21.81028],[103.72503,21.80583],[103.71551,21.81324],[103.71331,21.81917],[103.70159,21.82214],[103.69427,21.82807],[103.6972,21.83697],[103.70599,21.84142],[103.70819,21.85032],[103.71844,21.86367],[103.72284,21.87701],[103.71624,21.8785],[103.71624,21.88443],[103.70672,21.88295],[103.70672,21.90223],[103.70086,21.90964],[103.69207,21.91261],[103.68401,21.92151],[103.69061,21.93041],[103.68987,21.9393],[103.67522,21.94375],[103.66643,21.94969],[103.66057,21.96452],[103.66277,21.97193],[103.65252,21.98825],[103.63054,21.98825],[103.61296,22.00159],[103.60856,22.01049],[103.59758,22.01049],[103.5778,22.01791],[103.57047,22.01791],[103.5441,22.02829],[103.52579,22.02384],[103.51334,22.01049],[103.5148,21.99121],[103.51114,21.9838],[103.50162,21.97935],[103.49795,21.96897],[103.49283,21.9749],[103.47671,21.97786],[103.47085,21.9838],[103.46646,21.99714],[103.454,22.00753],[103.45474,22.01494],[103.47012,22.02829],[103.454,22.05499],[103.44741,22.05795],[103.43642,22.05499],[103.43276,22.06537],[103.42251,22.07278],[103.41958,22.08761],[103.40786,22.11579],[103.40786,22.12766],[103.39394,22.141],[103.39174,22.14545],[103.39394,22.15584],[103.39101,22.15732],[103.35951,22.15287],[103.33314,22.15435],[103.32874,22.14694],[103.32069,22.14397],[103.31629,22.13062],[103.30897,22.12766],[103.3097,22.11431],[103.29358,22.11283],[103.28772,22.10838],[103.28626,22.08761],[103.27527,22.07723],[103.27673,22.06685],[103.28919,22.05647],[103.29358,22.04757],[103.29285,22.04164],[103.28406,22.03719],[103.26208,22.04609],[103.24597,22.04757],[103.22399,22.06537],[103.21374,22.06982],[103.19836,22.06685],[103.17491,22.07871],[103.1544,22.07575],[103.15294,22.06833],[103.14561,22.06685],[103.12803,22.08168],[103.1273,22.09058],[103.12364,22.09503],[103.10826,22.10096],[103.10459,22.10096],[103.09727,22.07723],[103.09141,22.0713],[103.098,22.06537],[103.09727,22.05647],[103.06137,22.0624],[103.05698,22.0535],[103.04746,22.04905],[103.03647,22.04905],[103.02621,22.05647],[103.02109,22.05647],[103.01376,22.05054],[103.00351,22.05202],[102.99911,22.0446],[102.99838,22.0357],[102.99032,22.02681],[102.97054,22.03126],[102.96542,22.03719],[102.96835,22.04164],[102.96395,22.05054],[102.95369,22.05647],[102.9471,22.06685],[102.93392,22.06833],[102.93172,22.07723],[102.93904,22.08465],[102.93758,22.09503],[102.91487,22.09058],[102.90608,22.08613],[102.90169,22.07871],[102.89436,22.07575],[102.88264,22.0802],[102.87019,22.07871],[102.8636,22.06092],[102.85993,22.06092],[102.85554,22.06685],[102.82331,22.06537],[102.81452,22.07427],[102.77936,22.08761],[102.77862,22.09355],[102.78375,22.10096],[102.77936,22.10096],[102.77936,22.10541],[102.7713,22.11727],[102.76617,22.11579],[102.75958,22.12469],[102.74859,22.12914],[102.74273,22.14397],[102.74566,22.15139],[102.74127,22.16325],[102.74273,22.17067],[102.75225,22.1766],[102.75225,22.1855],[102.75885,22.20774],[102.75372,22.20923],[102.75372,22.21368],[102.74566,22.21961],[102.74053,22.22999],[102.73247,22.23444],[102.73101,22.23889],[102.7127,22.23889],[102.70977,22.24334],[102.69585,22.2463],[102.6812,22.26262],[102.66801,22.2552],[102.66801,22.25224],[102.68413,22.24482],[102.68779,22.23889],[102.69219,22.2374],[102.69145,22.22999],[102.69951,22.22109],[102.70244,22.20923],[102.70098,22.19884],[102.69438,22.1944],[102.68559,22.17215],[102.68193,22.1677],[102.67461,22.1677],[102.67241,22.17215],[102.66801,22.17215],[102.66582,22.17512],[102.6497,22.17363],[102.64164,22.18105],[102.64091,22.18698],[102.63285,22.18846],[102.62846,22.19736],[102.62333,22.19884],[102.6226,22.20181],[102.62113,22.21516],[102.62186,22.22406],[102.62553,22.22702],[102.62406,22.23444],[102.61307,22.24037],[102.60941,22.23889],[102.58231,22.26113],[102.56619,22.25965],[102.5574,22.24334],[102.54715,22.24185],[102.52591,22.25372],[102.51858,22.25965],[102.51052,22.28338],[102.49441,22.29673],[102.49367,22.30414],[102.47829,22.32046],[102.47756,22.32787],[102.47463,22.32787],[102.47097,22.33529],[102.45998,22.3427],[102.46071,22.35012],[102.45192,22.36198],[102.44606,22.36643],[102.43874,22.36643],[102.42995,22.37088],[102.42775,22.38423],[102.42482,22.3872],[102.4131,22.38868],[102.40431,22.40054],[102.39918,22.40054],[102.39332,22.40648],[102.39039,22.41093],[102.39552,22.41686],[102.39552,22.42427],[102.40211,22.41834],[102.40064,22.43317],[102.39478,22.44059],[102.39771,22.45987],[102.39039,22.46877],[102.36695,22.4747],[102.36109,22.49101],[102.3523,22.48953],[102.3523,22.50584],[102.34864,22.50733],[102.34278,22.52216],[102.34717,22.52809],[102.33325,22.53551],[102.3252,22.55034],[102.32593,22.55924],[102.33472,22.55924],[102.35376,22.56665],[102.3523,22.57407],[102.34497,22.58296],[102.34571,22.59038],[102.36988,22.59335],[102.38306,22.60669],[102.38892,22.62004],[102.40211,22.63339],[102.41749,22.63636],[102.41603,22.64229],[102.40211,22.64525],[102.39771,22.65712],[102.38746,22.6675],[102.38306,22.67937],[102.38453,22.6853],[102.39185,22.68975],[102.41163,22.6853],[102.41896,22.69271],[102.42262,22.69123],[102.42921,22.69865],[102.43654,22.70161],[102.43727,22.71051],[102.4446,22.72534],[102.45705,22.73276],[102.45119,22.74314],[102.45339,22.74759],[102.45192,22.75352],[102.45851,22.76242],[102.46657,22.76983],[102.47976,22.77132],[102.48195,22.78022],[102.50173,22.78022],[102.50539,22.77725],[102.50979,22.77873],[102.51858,22.76835],[102.53689,22.75797],[102.54275,22.74907],[102.54935,22.74759],[102.55228,22.73424],[102.56546,22.72386],[102.56912,22.70458],[102.58451,22.70606],[102.5889,22.72386],[102.59989,22.73276],[102.60795,22.73276],[102.64018,22.70309],[102.64824,22.70013],[102.65556,22.68975],[102.66142,22.6942],[102.6812,22.69865],[102.68779,22.70309],[102.70317,22.69716],[102.70903,22.69123],[102.70977,22.68085],[102.71782,22.67788],[102.72442,22.67937],[102.72588,22.67343],[102.73614,22.66602],[102.75079,22.6675],[102.75518,22.66157],[102.75445,22.65712],[102.76617,22.64674],[102.78668,22.64377],[102.78229,22.63636],[102.78815,22.62597],[102.81745,22.62301],[102.82477,22.62746],[102.83136,22.62301],[102.84455,22.62004],[102.84601,22.61263],[102.86213,22.61114],[102.86506,22.60224],[102.87751,22.59483],[102.87898,22.5889],[102.87312,22.58148],[102.87312,22.57555],[102.88337,22.56813],[102.87971,22.55924],[102.89656,22.54589],[102.89143,22.53847],[102.89216,22.53551],[102.90901,22.52512],[102.91048,22.51178],[102.91341,22.50881],[102.9222,22.50733],[102.92586,22.48953],[102.93025,22.4836],[102.94271,22.48508],[102.95076,22.48211],[102.95296,22.48508],[102.95809,22.48508],[102.96468,22.47767],[102.98519,22.48063],[102.98886,22.47915],[102.98886,22.4747],[102.99325,22.47173],[102.99325,22.4658],[102.99691,22.46135],[103.00717,22.45987],[103.01376,22.45245],[103.02035,22.45097],[103.02988,22.44355],[103.03574,22.44652],[103.05332,22.44652],[103.05771,22.45245],[103.0709,22.44652],[103.08042,22.45245],[103.07896,22.47025],[103.0709,22.47618],[103.07456,22.48508],[103.07163,22.49101],[103.07603,22.49398],[103.07896,22.50584],[103.08408,22.51178],[103.09214,22.51178],[103.09727,22.51623],[103.11631,22.51771],[103.12364,22.52661],[103.13096,22.52957],[103.13902,22.54144],[103.15001,22.54292],[103.15733,22.53847],[103.16319,22.54589],[103.18151,22.55627],[103.18297,22.55924],[103.16393,22.58],[103.15807,22.59483],[103.16246,22.59631],[103.16612,22.61411],[103.17272,22.62152],[103.17565,22.63042],[103.18444,22.63042],[103.18297,22.6408],[103.18517,22.64377],[103.19323,22.6497],[103.20495,22.64525],[103.22692,22.64674],[103.23278,22.6586],[103.23571,22.6586],[103.23645,22.66453],[103.24963,22.66898],[103.25036,22.67195],[103.26208,22.67047],[103.27966,22.67788],[103.28259,22.68381],[103.28113,22.70013],[103.28772,22.70754],[103.28479,22.73572],[103.30311,22.75945],[103.30897,22.76242],[103.3097,22.76983],[103.31776,22.7817],[103.31995,22.78911],[103.31922,22.81729],[103.33827,22.80543],[103.34779,22.80543],[103.37416,22.79801],[103.38734,22.78763],[103.39174,22.78022],[103.40419,22.78022],[103.41445,22.77428],[103.41811,22.76242],[103.43056,22.7639],[103.43789,22.76094],[103.44448,22.73869],[103.43716,22.73869],[103.42837,22.73424],[103.4291,22.72089],[103.42617,22.71496],[103.43642,22.70161],[103.44521,22.69568],[103.44668,22.68975],[103.45986,22.68085],[103.46133,22.67492],[103.4562,22.66157],[103.46499,22.65415],[103.46719,22.64674],[103.47378,22.64377],[103.47891,22.63636],[103.48257,22.63636],[103.48916,22.61856],[103.50455,22.61411],[103.50894,22.61559],[103.50748,22.60521],[103.52799,22.59335],[103.53165,22.59483]]]]}},{"type":"Feature","properties":{"id":"lang-son","name":"Lạng Sơn","type":"Tỉnh","region":"Đông Bắc","mergedFrom":["Lạng Sơn"],"areaKm2":null,"population":null},"geometry":{"type":"MultiPolygon","coordinates":[[[[106.56061,22.42279],[106.57086,22.40351],[106.58478,22.39461],[106.58551,22.38571],[106.58844,22.38275],[106.58478,22.37533],[106.57159,22.3694],[106.57452,22.35902],[106.56793,22.35754],[106.56061,22.34864],[106.57086,22.34122],[106.57526,22.34715],[106.58038,22.33974],[106.58917,22.34419],[106.59064,22.34122],[106.60016,22.33825],[106.61408,22.33974],[106.61921,22.33381],[106.6302,22.33825],[106.63239,22.33677],[106.63606,22.34122],[106.65144,22.34122],[106.65583,22.33529],[106.66023,22.33529],[106.65657,22.32936],[106.66023,22.32046],[106.66829,22.31156],[106.66755,22.29969],[106.67268,22.29673],[106.66609,22.28931],[106.67415,22.28635],[106.68074,22.2908],[106.69173,22.27597],[106.6844,22.26558],[106.69099,22.25817],[106.68953,22.25075],[106.70345,22.22554],[106.70271,22.21961],[106.69978,22.21961],[106.69759,22.21516],[106.69685,22.20626],[106.69173,22.20181],[106.68074,22.20329],[106.68001,22.19588],[106.67488,22.18698],[106.66975,22.1855],[106.67781,22.1766],[106.67854,22.17067],[106.68367,22.16918],[106.68587,22.16473],[106.69246,22.16177],[106.70345,22.16325],[106.70638,22.1588],[106.70564,22.15435],[106.69759,22.15435],[106.69612,22.14545],[106.69099,22.13952],[106.69466,22.13359],[106.69246,22.11876],[106.69539,22.11727],[106.69759,22.10689],[106.70564,22.10244],[106.70857,22.10393],[106.71297,22.09503],[106.71077,22.08761],[106.70857,22.08761],[106.70711,22.07427],[106.7115,22.06537],[106.70711,22.06537],[106.70638,22.05795],[106.69759,22.0535],[106.69978,22.04905],[106.69685,22.0446],[106.70564,22.03867],[106.70784,22.02384],[106.68513,22.00456],[106.68294,21.99566],[106.68513,21.97935],[106.70271,21.966],[106.70711,21.9749],[106.71956,21.97342],[106.73714,22.00308],[106.73714,22.00753],[106.76718,22.01346],[106.7767,22.00901],[106.7789,22.00456],[106.78549,22.00604],[106.78842,21.9927],[106.79574,21.9927],[106.80307,21.98825],[106.8038,21.98231],[106.80673,21.98231],[106.80453,21.97638],[106.81039,21.97342],[106.83237,21.97342],[106.83383,21.9838],[106.84116,21.9838],[106.84482,21.97935],[106.84995,21.98231],[106.85801,21.98083],[106.86021,21.9838],[106.8624,21.98083],[106.86826,21.98231],[106.87266,21.97935],[106.88145,21.98083],[106.90416,21.97045],[106.91075,21.9749],[106.91807,21.9749],[106.9232,21.96452],[106.92174,21.95265],[106.92906,21.94079],[106.92979,21.93041],[106.9525,21.93337],[106.95323,21.92447],[106.96129,21.91854],[106.96496,21.92299],[106.97887,21.92596],[106.99206,21.95265],[106.99499,21.95265],[107.00012,21.94375],[107.00598,21.94672],[107.02429,21.94375],[107.02282,21.9393],[107.02649,21.93634],[107.03308,21.93782],[107.03821,21.93041],[107.0426,21.92892],[107.06018,21.93189],[107.06091,21.91706],[107.06531,21.91113],[107.05872,21.90223],[107.06238,21.89333],[107.05798,21.89185],[107.05212,21.88146],[107.04187,21.87701],[107.03894,21.8785],[107.02356,21.86367],[107.02868,21.85773],[107.03967,21.85477],[107.02063,21.82659],[107.02429,21.81917],[107.03967,21.81769],[107.06091,21.80879],[107.07557,21.80731],[107.07776,21.81028],[107.08436,21.81028],[107.09022,21.79989],[107.09608,21.79841],[107.09974,21.79396],[107.10487,21.79544],[107.1078,21.79248],[107.11366,21.79248],[107.12098,21.78061],[107.12757,21.77616],[107.1327,21.77616],[107.14076,21.76133],[107.14515,21.76282],[107.14735,21.75985],[107.1598,21.75688],[107.16347,21.74947],[107.17226,21.75244],[107.17445,21.74799],[107.18544,21.7465],[107.19277,21.73464],[107.20302,21.73019],[107.20962,21.72129],[107.22353,21.71684],[107.22573,21.71239],[107.23086,21.71239],[107.23159,21.70646],[107.24771,21.70349],[107.2499,21.71684],[107.25357,21.71684],[107.25723,21.72426],[107.26236,21.72426],[107.26382,21.72871],[107.27408,21.73019],[107.27481,21.73315],[107.28799,21.73167],[107.28726,21.73612],[107.29532,21.73909],[107.29605,21.74205],[107.30118,21.74205],[107.30777,21.73019],[107.3129,21.73019],[107.3151,21.72426],[107.32242,21.72574],[107.32023,21.71387],[107.32389,21.70498],[107.33414,21.69904],[107.33854,21.68718],[107.34513,21.68718],[107.34953,21.68125],[107.34513,21.6768],[107.35758,21.66938],[107.35685,21.66642],[107.36051,21.66345],[107.35905,21.65307],[107.36344,21.63675],[107.35392,21.62934],[107.35612,21.62192],[107.36051,21.61896],[107.35905,21.61302],[107.36125,21.61006],[107.35685,21.60561],[107.36198,21.59968],[107.35905,21.59523],[107.3466,21.59523],[107.34293,21.59078],[107.33927,21.59078],[107.34,21.58781],[107.32828,21.58781],[107.32682,21.59226],[107.32316,21.59374],[107.3129,21.5893],[107.30924,21.59671],[107.29459,21.59374],[107.29166,21.59226],[107.28799,21.5804],[107.28287,21.57891],[107.28213,21.56853],[107.27554,21.5626],[107.25869,21.56408],[107.24844,21.55667],[107.24624,21.54925],[107.23525,21.55222],[107.23306,21.55518],[107.22866,21.55222],[107.21841,21.5537],[107.21181,21.54629],[107.20376,21.54332],[107.21035,21.53145],[107.21621,21.53294],[107.21987,21.52849],[107.22207,21.51959],[107.23013,21.52256],[107.23306,21.51959],[107.23306,21.51366],[107.23745,21.50773],[107.23599,21.49586],[107.24551,21.484],[107.24478,21.47806],[107.23892,21.47361],[107.24111,21.46472],[107.23745,21.46027],[107.24038,21.45582],[107.23965,21.44692],[107.24478,21.44395],[107.24111,21.43357],[107.24697,21.42912],[107.24771,21.42319],[107.2521,21.42319],[107.2565,21.41726],[107.25723,21.40391],[107.26455,21.40094],[107.26089,21.39501],[107.25796,21.37573],[107.25283,21.36683],[107.24771,21.36832],[107.24038,21.36387],[107.23452,21.37425],[107.22646,21.37721],[107.22646,21.38166],[107.21621,21.38908],[107.20888,21.3876],[107.20302,21.3787],[107.18471,21.37573],[107.18251,21.37128],[107.17665,21.3698],[107.17152,21.36387],[107.15761,21.36832],[107.14589,21.36387],[107.14222,21.36535],[107.14296,21.3698],[107.13856,21.37128],[107.12391,21.3698],[107.11732,21.37425],[107.10047,21.37721],[107.09608,21.37425],[107.09461,21.35942],[107.08289,21.35497],[107.08289,21.35052],[107.0785,21.34607],[107.06238,21.34904],[107.05725,21.34014],[107.05066,21.33569],[107.05139,21.32975],[107.03015,21.32531],[107.02136,21.33124],[107.02209,21.33717],[107.01696,21.34014],[107.0177,21.34459],[107.00158,21.35052],[106.99865,21.35645],[106.9884,21.35645],[106.98693,21.35942],[106.99206,21.3787],[106.98693,21.3876],[106.98473,21.40243],[106.99059,21.40836],[106.98986,21.41429],[107.00305,21.42022],[107.00158,21.42467],[106.99059,21.4306],[106.9862,21.4395],[106.96789,21.43654],[106.95836,21.42467],[106.95104,21.42319],[106.94444,21.43505],[106.93932,21.43505],[106.9276,21.42616],[106.92906,21.43802],[106.92613,21.44099],[106.91441,21.42912],[106.90489,21.43505],[106.90123,21.44099],[106.89756,21.44099],[106.89024,21.45433],[106.8917,21.46027],[106.89683,21.46175],[106.90123,21.47065],[106.89097,21.47658],[106.89097,21.48103],[106.88804,21.48251],[106.88951,21.48993],[106.86973,21.49734],[106.85142,21.49586],[106.85142,21.50031],[106.84482,21.49438],[106.84116,21.50476],[106.83823,21.50624],[106.83969,21.51366],[106.84629,21.51366],[106.84995,21.51662],[106.85142,21.52552],[106.85947,21.52256],[106.8646,21.52849],[106.8646,21.53442],[106.84995,21.54184],[106.84775,21.5537],[106.84336,21.55963],[106.83164,21.5626],[106.82797,21.55963],[106.82358,21.5626],[106.8038,21.55963],[106.78695,21.5715],[106.78622,21.57743],[106.77304,21.5715],[106.76351,21.57298],[106.75692,21.56853],[106.75472,21.56112],[106.75692,21.5626],[106.75692,21.55667],[106.76058,21.55518],[106.75912,21.55222],[106.75765,21.5537],[106.75912,21.54777],[106.75619,21.54777],[106.75692,21.54332],[106.75472,21.54035],[106.74081,21.54184],[106.73275,21.5448],[106.73275,21.54925],[106.72615,21.55518],[106.70931,21.56112],[106.70491,21.56853],[106.69905,21.5715],[106.70198,21.59374],[106.68294,21.60264],[106.67708,21.60264],[106.66975,21.60858],[106.66389,21.60413],[106.6595,21.60709],[106.65217,21.60264],[106.64411,21.60709],[106.63752,21.60116],[106.62433,21.60264],[106.62433,21.60561],[106.61408,21.60858],[106.61335,21.60561],[106.58991,21.59819],[106.57013,21.60264],[106.56427,21.59523],[106.55548,21.59374],[106.55108,21.5893],[106.55182,21.58336],[106.54376,21.57743],[106.53936,21.56705],[106.52911,21.5626],[106.52252,21.53739],[106.5064,21.52256],[106.52105,21.50031],[106.50933,21.48696],[106.50713,21.48845],[106.50567,21.48548],[106.49321,21.48251],[106.48149,21.4484],[106.47197,21.4484],[106.47051,21.44099],[106.46318,21.43654],[106.45366,21.4395],[106.45,21.43654],[106.44267,21.43654],[106.43828,21.44395],[106.43388,21.44247],[106.43242,21.43802],[106.41703,21.43802],[106.41337,21.43209],[106.40678,21.4306],[106.40385,21.42616],[106.40824,21.41874],[106.4141,21.41726],[106.41484,21.40836],[106.40458,21.40391],[106.40092,21.40688],[106.39359,21.40539],[106.38773,21.39798],[106.37748,21.39353],[106.37088,21.39501],[106.36722,21.39946],[106.36209,21.39649],[106.34891,21.39649],[106.34671,21.40094],[106.33865,21.39798],[106.33499,21.40391],[106.3306,21.40391],[106.32913,21.40836],[106.32327,21.40984],[106.3262,21.41726],[106.32474,21.42467],[106.32767,21.42616],[106.3284,21.43357],[106.33206,21.43505],[106.3262,21.4484],[106.31741,21.44692],[106.31521,21.44395],[106.31155,21.45137],[106.30716,21.45137],[106.30349,21.4484],[106.30496,21.44247],[106.3013,21.44247],[106.29837,21.44692],[106.29251,21.44395],[106.28811,21.4484],[106.28957,21.45582],[106.28298,21.45285],[106.28591,21.46917],[106.28152,21.47361],[106.28445,21.48845],[106.28738,21.49141],[106.27712,21.49141],[106.27199,21.49438],[106.26833,21.48993],[106.26027,21.49141],[106.25734,21.48696],[106.24782,21.48696],[106.24343,21.48251],[106.24489,21.48548],[106.2405,21.48696],[106.23757,21.49438],[106.21266,21.49586],[106.20607,21.50031],[106.19435,21.50179],[106.19215,21.50624],[106.16724,21.51217],[106.16651,21.52404],[106.16944,21.5359],[106.16651,21.53887],[106.16651,21.5448],[106.16944,21.55074],[106.16651,21.56112],[106.16871,21.57446],[106.16578,21.57743],[106.17017,21.5893],[106.16871,21.59671],[106.18263,21.60264],[106.18702,21.61154],[106.18995,21.61154],[106.19655,21.61896],[106.19435,21.62786],[106.19728,21.63379],[106.19142,21.63675],[106.19069,21.64714],[106.20167,21.65307],[106.20607,21.66493],[106.22438,21.67828],[106.22585,21.6857],[106.22365,21.69311],[106.22804,21.69311],[106.23097,21.69756],[106.23757,21.71832],[106.23464,21.72722],[106.23097,21.72722],[106.22585,21.73315],[106.21852,21.72722],[106.21266,21.72722],[106.20753,21.73315],[106.19508,21.73612],[106.19362,21.74205],[106.18336,21.74057],[106.1731,21.74947],[106.16798,21.74947],[106.16724,21.7554],[106.15845,21.7554],[106.15479,21.76133],[106.1482,21.76133],[106.14747,21.76727],[106.13941,21.77616],[106.13648,21.78506],[106.11084,21.7821],[106.11011,21.78803],[106.10571,21.78951],[106.10645,21.80434],[106.09839,21.81176],[106.09473,21.82214],[106.10059,21.82511],[106.09985,21.83104],[106.10718,21.83104],[106.10645,21.84142],[106.11377,21.83994],[106.11743,21.8429],[106.11524,21.84735],[106.11084,21.84884],[106.11011,21.86367],[106.1145,21.8696],[106.11304,21.87553],[106.11524,21.8785],[106.11231,21.89036],[106.11377,21.89481],[106.12696,21.89926],[106.12915,21.90519],[106.12622,21.91113],[106.13062,21.91557],[106.13062,21.92151],[106.12842,21.92447],[106.12036,21.92447],[106.11743,21.92892],[106.11231,21.92892],[106.11157,21.93337],[106.09766,21.93782],[106.11084,21.94969],[106.10938,21.95265],[106.09766,21.95117],[106.09766,21.95858],[106.10498,21.96303],[106.11084,21.96155],[106.1145,21.97935],[106.11231,21.98231],[106.11377,21.99418],[106.10645,21.99714],[106.10938,22.00011],[106.10938,22.01791],[106.10059,22.02829],[106.09619,22.02977],[106.09473,22.03719],[106.10205,22.0446],[106.09839,22.0535],[106.09985,22.07278],[106.10571,22.07278],[106.10718,22.07575],[106.11377,22.07278],[106.11817,22.08316],[106.12329,22.08613],[106.13868,22.08613],[106.14087,22.08168],[106.15626,22.08168],[106.16212,22.10393],[106.16724,22.10541],[106.17017,22.11283],[106.17603,22.10986],[106.17677,22.11431],[106.18409,22.11727],[106.18409,22.12469],[106.18043,22.12914],[106.18702,22.13359],[106.19069,22.14397],[106.19581,22.14249],[106.20021,22.1499],[106.21193,22.1588],[106.21706,22.1677],[106.22292,22.1677],[106.23317,22.17808],[106.23317,22.18253],[106.22731,22.1855],[106.22072,22.19736],[106.22072,22.20774],[106.23097,22.22109],[106.2361,22.22109],[106.24196,22.2374],[106.24196,22.24927],[106.24636,22.25817],[106.24416,22.25965],[106.24416,22.26855],[106.23903,22.27448],[106.22731,22.28338],[106.22365,22.2819],[106.22365,22.28783],[106.22072,22.2908],[106.21706,22.28783],[106.21193,22.28931],[106.19948,22.31008],[106.20021,22.32342],[106.21046,22.34122],[106.21852,22.34715],[106.21925,22.3516],[106.21706,22.35754],[106.20973,22.36198],[106.20753,22.3694],[106.18629,22.37978],[106.18702,22.38423],[106.18409,22.3872],[106.18629,22.40054],[106.19288,22.40796],[106.19215,22.41686],[106.19874,22.42131],[106.20094,22.43317],[106.2046,22.43466],[106.2046,22.4391],[106.20973,22.44059],[106.21559,22.45245],[106.21999,22.45542],[106.23171,22.45542],[106.23317,22.45987],[106.24123,22.46135],[106.25368,22.45394],[106.25515,22.45542],[106.25734,22.45097],[106.26174,22.45097],[106.26394,22.45394],[106.27859,22.44652],[106.28518,22.43614],[106.28738,22.42576],[106.29617,22.42576],[106.31228,22.40944],[106.32107,22.40796],[106.3262,22.41241],[106.33279,22.41093],[106.33206,22.40203],[106.34378,22.39165],[106.34378,22.38126],[106.34012,22.37533],[106.35916,22.35754],[106.37748,22.35902],[106.37894,22.36347],[106.38627,22.36495],[106.39432,22.37385],[106.40165,22.3694],[106.41337,22.37088],[106.42436,22.35902],[106.43242,22.36347],[106.43974,22.36347],[106.44267,22.35902],[106.45366,22.35754],[106.46025,22.3605],[106.46611,22.35902],[106.46758,22.36198],[106.48589,22.36792],[106.48809,22.37682],[106.48003,22.37682],[106.47856,22.37978],[106.48955,22.38423],[106.48882,22.38868],[106.48296,22.39165],[106.49248,22.39461],[106.49028,22.40203],[106.50493,22.40499],[106.50713,22.40203],[106.52032,22.39906],[106.52325,22.40499],[106.53131,22.40796],[106.52764,22.41389],[106.5335,22.41538],[106.53424,22.41982],[106.55475,22.41982],[106.56061,22.42279]]]]}},{"type":"Feature","properties":{"id":"nghe-an","name":"Nghệ An","type":"Tỉnh","region":"Bắc Trung Bộ","mergedFrom":["Nghệ An"],"areaKm2":null,"population":null},"geometry":{"type":"MultiPolygon","coordinates":[[[[105.78194,18.80257],[105.77388,18.79664],[105.76949,18.79961],[105.77022,18.80257],[105.77755,18.80257],[105.77828,18.80702],[105.78194,18.80554],[105.78194,18.80257]]],[[[105.80611,19.27716],[105.80392,19.27271],[105.80392,19.27864],[105.80611,19.27716]]],[[[104.90658,19.99794],[104.91025,19.99498],[104.91611,19.99646],[104.92123,19.98756],[104.94834,19.98756],[104.95713,19.99053],[104.96372,19.97273],[104.96958,19.97421],[104.99522,19.96086],[104.99742,19.95938],[104.99522,19.95197],[105.01426,19.95345],[105.03917,19.93862],[105.0443,19.94307],[105.04869,19.9401],[105.04723,19.9312],[105.09411,19.93862],[105.11608,19.93417],[105.12854,19.9223],[105.15637,19.9223],[105.16809,19.91489],[105.17029,19.90154],[105.17761,19.89561],[105.17908,19.88226],[105.18494,19.87781],[105.18934,19.86446],[105.18128,19.85705],[105.18201,19.8526],[105.17249,19.85557],[105.15124,19.85557],[105.14465,19.8348],[105.1322,19.82739],[105.1322,19.80959],[105.12854,19.79921],[105.13147,19.79328],[105.13147,19.78141],[105.13806,19.76955],[105.13513,19.76065],[105.13586,19.74433],[105.15564,19.72654],[105.16223,19.72505],[105.16223,19.71764],[105.15491,19.71467],[105.15417,19.71022],[105.16443,19.69984],[105.16443,19.68798],[105.16736,19.68353],[105.17468,19.67908],[105.18348,19.68204],[105.20472,19.6687],[105.22376,19.64942],[105.23475,19.64497],[105.23841,19.64793],[105.23841,19.65387],[105.2472,19.65831],[105.26259,19.63755],[105.26332,19.63014],[105.26771,19.62569],[105.26771,19.61975],[105.27211,19.61234],[105.26991,19.60641],[105.27504,19.60937],[105.28236,19.60641],[105.28163,19.59454],[105.2765,19.58861],[105.28236,19.57378],[105.28236,19.56488],[105.27357,19.56191],[105.26991,19.55598],[105.27357,19.54708],[105.26918,19.5278],[105.27357,19.52187],[105.27138,19.50852],[105.27943,19.50407],[105.27724,19.49221],[105.28896,19.49073],[105.29335,19.47589],[105.29848,19.48034],[105.29775,19.48479],[105.308,19.48924],[105.30874,19.49962],[105.31167,19.49962],[105.31606,19.50704],[105.32265,19.50852],[105.32558,19.52039],[105.33144,19.52335],[105.33291,19.53077],[105.34023,19.53077],[105.34316,19.53818],[105.35269,19.53818],[105.36807,19.52039],[105.371,19.50111],[105.36734,19.49666],[105.37759,19.48628],[105.38272,19.48479],[105.38199,19.48034],[105.39151,19.46551],[105.38858,19.4581],[105.39078,19.45365],[105.40323,19.4492],[105.41202,19.4581],[105.43253,19.45513],[105.44645,19.4403],[105.45231,19.44327],[105.45744,19.45217],[105.46623,19.45661],[105.47062,19.45661],[105.47428,19.45068],[105.48161,19.44772],[105.4882,19.45068],[105.49186,19.4581],[105.49992,19.46255],[105.5219,19.46255],[105.53215,19.4581],[105.53948,19.44772],[105.54094,19.4403],[105.56438,19.40767],[105.58196,19.39136],[105.58343,19.37801],[105.58856,19.37208],[105.612,19.3706],[105.61346,19.37801],[105.62079,19.38394],[105.62811,19.37949],[105.63104,19.36615],[105.63837,19.36615],[105.6391,19.36021],[105.6435,19.35873],[105.6435,19.3528],[105.65302,19.3528],[105.65522,19.34093],[105.66401,19.34093],[105.66694,19.33055],[105.66327,19.32165],[105.66474,19.31276],[105.67573,19.32165],[105.67646,19.31276],[105.68818,19.30089],[105.69331,19.30386],[105.71308,19.30237],[105.71968,19.30979],[105.727,19.31127],[105.727,19.31424],[105.73359,19.31572],[105.74312,19.32314],[105.74239,19.31424],[105.74605,19.30386],[105.75044,19.30237],[105.75411,19.30831],[105.76729,19.29051],[105.80099,19.30089],[105.80538,19.28754],[105.80172,19.28458],[105.80245,19.27716],[105.79732,19.27123],[105.79146,19.27123],[105.78707,19.27568],[105.77901,19.27123],[105.77462,19.26085],[105.77315,19.24305],[105.77022,19.24008],[105.77242,19.23415],[105.76583,19.22674],[105.76143,19.22822],[105.75777,19.22377],[105.7563,19.23712],[105.75337,19.24008],[105.74751,19.2386],[105.74532,19.24898],[105.74092,19.24898],[105.73799,19.24305],[105.74385,19.2475],[105.74678,19.2386],[105.74165,19.2386],[105.73726,19.23267],[105.73506,19.23563],[105.73579,19.23119],[105.73066,19.23415],[105.72554,19.23267],[105.73213,19.23267],[105.73579,19.2297],[105.74385,19.23712],[105.75191,19.23267],[105.74239,19.2208],[105.74019,19.22229],[105.73726,19.21932],[105.73066,19.18818],[105.73066,19.17038],[105.73433,19.16741],[105.73066,19.16445],[105.7292,19.1244],[105.73066,19.1155],[105.73799,19.10364],[105.7314,19.10067],[105.72407,19.10216],[105.71675,19.09771],[105.71455,19.10512],[105.71235,19.10216],[105.71455,19.09771],[105.70356,19.09029],[105.7021,19.08584],[105.6955,19.08733],[105.69257,19.08139],[105.69038,19.08436],[105.68745,19.08288],[105.68745,19.08881],[105.68378,19.09326],[105.67939,19.09622],[105.67499,19.09474],[105.67499,19.09771],[105.66108,19.09177],[105.64643,19.07694],[105.62811,19.04283],[105.62079,19.02059],[105.61786,18.98796],[105.612,18.98499],[105.60687,18.99241],[105.60833,18.99982],[105.6054,18.99686],[105.60833,18.98648],[105.61859,18.97906],[105.62298,18.94198],[105.63617,18.89749],[105.65082,18.89304],[105.65082,18.88859],[105.64789,18.88711],[105.65668,18.88563],[105.66254,18.89007],[105.66694,18.88711],[105.66694,18.87969],[105.67353,18.88266],[105.67866,18.87524],[105.68452,18.87821],[105.69184,18.87376],[105.69477,18.86486],[105.70063,18.86486],[105.7021,18.85596],[105.70796,18.85448],[105.70722,18.85003],[105.71162,18.84707],[105.71748,18.85151],[105.71968,18.85003],[105.72041,18.84707],[105.71528,18.84558],[105.71528,18.84113],[105.72114,18.83372],[105.69843,18.83075],[105.69477,18.83817],[105.6977,18.82927],[105.69111,18.83075],[105.69331,18.83668],[105.68891,18.83223],[105.69038,18.82927],[105.70356,18.82779],[105.71382,18.83075],[105.727,18.80257],[105.7629,18.76401],[105.74458,18.74918],[105.74165,18.74177],[105.75704,18.70172],[105.76583,18.68837],[105.76729,18.67354],[105.75118,18.66761],[105.72334,18.67206],[105.71382,18.66613],[105.70429,18.63647],[105.70136,18.63202],[105.69331,18.63202],[105.68964,18.62757],[105.68818,18.59346],[105.67646,18.57714],[105.6662,18.58456],[105.66108,18.58456],[105.62591,18.56824],[105.62005,18.56973],[105.61566,18.57714],[105.59808,18.57714],[105.59515,18.57269],[105.58929,18.57269],[105.58416,18.55935],[105.55779,18.55935],[105.5512,18.55786],[105.54973,18.55341],[105.54534,18.55193],[105.53801,18.55935],[105.52996,18.56083],[105.52483,18.57863],[105.5219,18.57863],[105.51677,18.58604],[105.51457,18.59939],[105.50505,18.60681],[105.50505,18.60977],[105.48234,18.61422],[105.47575,18.61422],[105.47575,18.60829],[105.4589,18.60384],[105.4589,18.60087],[105.44791,18.60236],[105.44059,18.59939],[105.434,18.58752],[105.42374,18.58901],[105.42301,18.58604],[105.42008,18.58604],[105.41861,18.59049],[105.41568,18.59049],[105.40982,18.58456],[105.39957,18.58456],[105.39737,18.58011],[105.38492,18.58159],[105.37832,18.57863],[105.37246,18.58159],[105.35855,18.58159],[105.35562,18.58604],[105.33804,18.59049],[105.33144,18.59791],[105.33071,18.60384],[105.32265,18.60236],[105.30434,18.60681],[105.29409,18.62312],[105.28896,18.62015],[105.2809,18.62312],[105.26552,18.61719],[105.26185,18.61867],[105.23915,18.60384],[105.23329,18.59791],[105.22889,18.58752],[105.21351,18.59939],[105.20692,18.59791],[105.19666,18.60236],[105.19007,18.59939],[105.18641,18.60384],[105.19153,18.60681],[105.19153,18.62164],[105.1886,18.62609],[105.19739,18.64092],[105.19666,18.64388],[105.19373,18.64981],[105.18787,18.64981],[105.18494,18.65278],[105.18421,18.65871],[105.17395,18.6602],[105.16736,18.65723],[105.15784,18.67354],[105.13659,18.68689],[105.13513,18.68986],[105.13879,18.69134],[105.14465,18.70469],[105.13586,18.70914],[105.13366,18.71655],[105.11535,18.71507],[105.10583,18.70617],[105.09411,18.70617],[105.08898,18.70914],[105.08019,18.70914],[105.0758,18.70617],[105.06627,18.70914],[105.05602,18.70766],[105.05089,18.71062],[105.06041,18.72545],[105.05309,18.7299],[105.03917,18.72545],[105.03624,18.73287],[105.03038,18.7299],[105.02232,18.73138],[105.01793,18.73732],[105.02232,18.74918],[104.99668,18.73732],[104.98789,18.74325],[104.98203,18.7388],[104.96299,18.74177],[104.95639,18.7388],[104.94028,18.7388],[104.93955,18.75066],[104.93369,18.7566],[104.93955,18.7655],[104.93662,18.77143],[104.91684,18.78626],[104.89706,18.78626],[104.89047,18.78329],[104.87362,18.78478],[104.86703,18.77884],[104.86117,18.77884],[104.85824,18.77291],[104.84139,18.78478],[104.80916,18.78181],[104.8033,18.77884],[104.78938,18.78774],[104.78279,18.80109],[104.76228,18.79219],[104.75788,18.79219],[104.74909,18.79961],[104.74104,18.79961],[104.73664,18.80406],[104.73591,18.81444],[104.72052,18.8174],[104.7132,18.8352],[104.70587,18.83223],[104.70441,18.83668],[104.69635,18.83817],[104.69342,18.83372],[104.68829,18.83372],[104.67145,18.83965],[104.66925,18.853],[104.66119,18.85596],[104.65167,18.86486],[104.63629,18.86931],[104.6275,18.87821],[104.62823,18.88711],[104.59893,18.89601],[104.59233,18.90194],[104.58061,18.90046],[104.57915,18.90787],[104.56377,18.93457],[104.54765,18.95236],[104.54472,18.97016],[104.53154,18.98203],[104.51542,18.97906],[104.49491,19.00427],[104.48026,19.00427],[104.4722,18.98648],[104.45975,18.98796],[104.4451,18.98351],[104.42972,18.99982],[104.41873,19.00576],[104.41873,19.01762],[104.39675,19.03987],[104.39822,19.05321],[104.39236,19.05915],[104.37917,19.06063],[104.36672,19.07398],[104.34548,19.07249],[104.30519,19.09177],[104.2986,19.11402],[104.292,19.11254],[104.28761,19.11847],[104.27149,19.12144],[104.24732,19.11254],[104.23853,19.1155],[104.22974,19.11402],[104.21729,19.11847],[104.21216,19.12292],[104.21143,19.13034],[104.22315,19.1511],[104.22315,19.15555],[104.21216,19.16148],[104.19751,19.16296],[104.19385,19.16741],[104.19092,19.18076],[104.17773,19.19856],[104.14696,19.20004],[104.13378,19.20597],[104.12645,19.20449],[104.1118,19.22377],[104.10008,19.21487],[104.09129,19.2297],[104.07005,19.24453],[104.06932,19.2475],[104.05979,19.24453],[104.0532,19.24602],[103.999,19.23267],[103.98801,19.24157],[103.96677,19.2475],[103.95944,19.25343],[103.92281,19.28606],[103.91549,19.29644],[103.91476,19.30386],[103.90084,19.30979],[103.89205,19.30979],[103.88472,19.30237],[103.87227,19.30979],[103.87447,19.32165],[103.88546,19.32907],[103.89058,19.33204],[103.9089,19.33204],[103.91769,19.34242],[103.92794,19.3439],[103.94992,19.35725],[103.95065,19.36318],[103.95797,19.36911],[103.95871,19.37801],[103.95504,19.38394],[103.9631,19.39136],[103.96896,19.39136],[103.97409,19.39877],[103.98728,19.40026],[103.99167,19.40619],[104.00998,19.40322],[104.01365,19.40916],[104.01731,19.40916],[104.01951,19.41805],[104.02903,19.41657],[104.04588,19.42695],[104.04807,19.42695],[104.05027,19.41954],[104.06932,19.41657],[104.06858,19.43882],[104.07298,19.4492],[104.06199,19.45365],[104.08177,19.46996],[104.0825,19.48034],[104.0891,19.48924],[104.09056,19.49814],[104.09935,19.49073],[104.10814,19.49073],[104.1162,19.50111],[104.11913,19.50111],[104.11913,19.50407],[104.10082,19.52187],[104.10594,19.54115],[104.10375,19.54708],[104.10448,19.56933],[104.09935,19.57674],[104.08324,19.58268],[104.07005,19.59899],[104.06932,19.60641],[104.05906,19.61382],[104.0576,19.6242],[104.06492,19.63903],[104.05467,19.65238],[104.06272,19.6598],[104.06712,19.6687],[104.06932,19.67611],[104.06785,19.68353],[104.07811,19.67759],[104.0825,19.67166],[104.09789,19.66425],[104.10668,19.66128],[104.12645,19.66425],[104.13085,19.66128],[104.15063,19.66721],[104.15282,19.67018],[104.15209,19.68798],[104.15649,19.69687],[104.16821,19.69391],[104.16967,19.68946],[104.17407,19.68946],[104.177,19.69391],[104.18945,19.69539],[104.19678,19.69243],[104.20557,19.70281],[104.23267,19.70726],[104.2378,19.70429],[104.25977,19.70429],[104.26783,19.69687],[104.28175,19.69391],[104.30226,19.69687],[104.31984,19.68353],[104.31618,19.67166],[104.31911,19.66573],[104.3257,19.67315],[104.33522,19.67611],[104.34108,19.68649],[104.34841,19.69243],[104.36013,19.69094],[104.36452,19.69539],[104.37404,19.69391],[104.3843,19.69836],[104.40261,19.69687],[104.40188,19.70429],[104.41214,19.70577],[104.42239,19.70132],[104.41873,19.69391],[104.42166,19.69243],[104.42019,19.68056],[104.42605,19.67315],[104.44437,19.67315],[104.44949,19.65683],[104.45316,19.65535],[104.49051,19.65535],[104.49784,19.64793],[104.49857,19.64052],[104.50516,19.63162],[104.50516,19.62569],[104.51908,19.62124],[104.52494,19.61531],[104.53813,19.61531],[104.54399,19.62124],[104.55717,19.61086],[104.5601,19.61679],[104.56816,19.61531],[104.57915,19.63014],[104.59673,19.63162],[104.60698,19.63607],[104.63116,19.62272],[104.64141,19.62272],[104.64508,19.6242],[104.6502,19.63755],[104.64434,19.65238],[104.64581,19.65535],[104.65313,19.65535],[104.6546,19.6598],[104.66119,19.66128],[104.65753,19.67166],[104.66998,19.68501],[104.66266,19.70132],[104.67145,19.70132],[104.67511,19.71171],[104.6817,19.71467],[104.69049,19.72802],[104.70221,19.73247],[104.71247,19.75472],[104.72272,19.75916],[104.73298,19.75175],[104.75422,19.75027],[104.75788,19.75323],[104.76008,19.76213],[104.76521,19.7651],[104.76008,19.774],[104.77546,19.77696],[104.77986,19.78289],[104.79524,19.79031],[104.80476,19.78586],[104.81941,19.78438],[104.8304,19.79179],[104.8348,19.80514],[104.83113,19.81256],[104.8326,19.8259],[104.84359,19.84073],[104.84212,19.84518],[104.83187,19.84815],[104.83113,19.8526],[104.83406,19.85853],[104.84139,19.8615],[104.84652,19.8704],[104.83992,19.88226],[104.83992,19.88968],[104.84285,19.89264],[104.84359,19.90599],[104.84725,19.91192],[104.83992,19.91341],[104.83919,19.91786],[104.84285,19.92675],[104.85531,19.93862],[104.86556,19.94603],[104.88388,19.95197],[104.89999,19.96531],[104.90658,19.97718],[104.90658,19.99794]]],[[[104.90658,19.99794],[104.90658,19.99794],[104.90585,19.99794],[104.90658,19.99794]]]]}},{"type":"Feature","properties":{"id":"quang-ninh","name":"Quảng Ninh","type":"Tỉnh","region":"Đông Bắc","mergedFrom":["Quảng Ninh"],"areaKm2":null,"population":null},"geometry":{"type":"MultiPolygon","coordinates":[[[[107.15101,20.738],[107.15248,20.73504],[107.14955,20.73355],[107.15101,20.738]]],[[[107.47332,20.74097],[107.47039,20.7291],[107.45867,20.71724],[107.44549,20.71724],[107.44768,20.72466],[107.45208,20.72317],[107.466,20.73504],[107.46526,20.738],[107.47332,20.74097]]],[[[107.15761,20.74394],[107.16054,20.74245],[107.15907,20.73949],[107.15468,20.74097],[107.15468,20.74394],[107.15761,20.74394]]],[[[107.14955,20.74542],[107.15101,20.73949],[107.15394,20.74097],[107.15834,20.73652],[107.14662,20.74097],[107.14735,20.74542],[107.14808,20.74097],[107.14955,20.74542]]],[[[107.1935,20.74838],[107.19204,20.74542],[107.1913,20.74838],[107.1935,20.74838]]],[[[107.14515,20.74987],[107.14662,20.7469],[107.14369,20.7469],[107.14515,20.74987]]],[[[107.37883,20.75283],[107.37883,20.74838],[107.37516,20.74838],[107.37516,20.75135],[107.37883,20.75283]]],[[[107.18764,20.75728],[107.18837,20.75432],[107.18618,20.75432],[107.18764,20.75728]]],[[[107.39567,20.76025],[107.39567,20.75728],[107.40007,20.75877],[107.40007,20.75135],[107.39567,20.75135],[107.39421,20.7469],[107.38542,20.74542],[107.38688,20.75283],[107.39567,20.76025]]],[[[107.1913,20.76173],[107.1935,20.76173],[107.18984,20.76025],[107.1913,20.76173]]],[[[107.14955,20.76322],[107.15394,20.74987],[107.15321,20.75283],[107.14589,20.75135],[107.14442,20.75432],[107.14955,20.76322]]],[[[107.15175,20.7647],[107.15541,20.76322],[107.15394,20.75877],[107.15175,20.7647]]],[[[107.14369,20.7736],[107.14662,20.77063],[107.14369,20.76766],[107.14589,20.76173],[107.14149,20.75728],[107.14369,20.7558],[107.14296,20.74838],[107.1371,20.74838],[107.1371,20.74542],[107.14149,20.74542],[107.14076,20.74245],[107.14369,20.74245],[107.14369,20.7469],[107.14662,20.73949],[107.13563,20.74245],[107.13783,20.73949],[107.13197,20.738],[107.12904,20.74542],[107.12684,20.74542],[107.12538,20.75135],[107.12757,20.75432],[107.12464,20.75432],[107.12245,20.7647],[107.12464,20.7647],[107.12538,20.76025],[107.1305,20.76025],[107.12904,20.7647],[107.12757,20.76173],[107.12538,20.76322],[107.12538,20.76766],[107.1327,20.76322],[107.14149,20.76618],[107.14369,20.7736]]],[[[107.14003,20.77508],[107.14222,20.77211],[107.13856,20.7736],[107.14003,20.77508]]],[[[107.17445,20.77656],[107.17519,20.7736],[107.17299,20.7736],[107.17445,20.77656]]],[[[107.1957,20.77656],[107.19643,20.77656],[107.19643,20.77508],[107.1957,20.77508],[107.19497,20.77508],[107.19497,20.77656],[107.1957,20.77656]]],[[[107.18178,20.77805],[107.18251,20.77508],[107.18837,20.77656],[107.18618,20.77063],[107.18105,20.77211],[107.17958,20.77656],[107.18178,20.77805]]],[[[107.49237,20.77805],[107.49383,20.77508],[107.49017,20.77211],[107.49017,20.7647],[107.48504,20.75877],[107.47918,20.7558],[107.47186,20.76025],[107.47332,20.76618],[107.47845,20.76766],[107.47991,20.77211],[107.48651,20.77063],[107.49017,20.77656],[107.4887,20.77805],[107.49237,20.77805]]],[[[107.17299,20.77953],[107.16859,20.77508],[107.17006,20.77953],[107.17299,20.77953]]],[[[107.17738,20.78101],[107.17738,20.77953],[107.17812,20.77953],[107.17812,20.77805],[107.17738,20.77805],[107.17665,20.77805],[107.17592,20.77805],[107.17592,20.77656],[107.17592,20.77805],[107.17519,20.77805],[107.17519,20.77953],[107.17592,20.77953],[107.17665,20.77953],[107.17665,20.78101],[107.17738,20.78101]]],[[[107.18837,20.78694],[107.18764,20.78694],[107.18764,20.78546],[107.18691,20.78546],[107.18691,20.78694],[107.18764,20.78694],[107.18837,20.78694]]],[[[107.19204,20.78843],[107.19204,20.78694],[107.1913,20.78694],[107.19057,20.78694],[107.19057,20.78843],[107.1913,20.78843],[107.19204,20.78843]]],[[[107.33781,20.79139],[107.33781,20.78694],[107.33561,20.78694],[107.33781,20.79139]]],[[[107.38322,20.79139],[107.38688,20.78991],[107.38615,20.78546],[107.38249,20.78843],[107.38322,20.79139]]],[[[107.13856,20.79139],[107.13929,20.78843],[107.1371,20.78843],[107.13856,20.79139]]],[[[107.4301,20.79288],[107.4345,20.78694],[107.4301,20.78694],[107.4301,20.79288]]],[[[107.20229,20.79733],[107.20302,20.79733],[107.20302,20.79584],[107.20229,20.79584],[107.20229,20.79436],[107.20156,20.79436],[107.20156,20.79584],[107.20083,20.79584],[107.20083,20.79733],[107.20156,20.79733],[107.20229,20.79733]]],[[[107.18325,20.80029],[107.18398,20.79733],[107.18178,20.79881],[107.18105,20.79584],[107.18105,20.80029],[107.18325,20.80029]]],[[[107.17592,20.80326],[107.17592,20.79733],[107.17958,20.79584],[107.17152,20.79436],[107.17226,20.79733],[107.17445,20.79584],[107.17372,20.80178],[107.17592,20.80326]]],[[[107.48211,20.80326],[107.48284,20.80029],[107.48065,20.80029],[107.47991,20.80326],[107.48211,20.80326]]],[[[107.18471,20.80474],[107.18178,20.80178],[107.18178,20.80474],[107.18471,20.80474]]],[[[107.13636,20.80474],[107.1371,20.80474],[107.13636,20.80474],[107.13636,20.80326],[107.13563,20.80326],[107.1349,20.80326],[107.13417,20.80326],[107.13417,20.80474],[107.1349,20.80474],[107.13636,20.80474]]],[[[107.1305,20.80622],[107.1305,20.80474],[107.12977,20.80474],[107.12977,20.80622],[107.1305,20.80622]]],[[[107.11073,20.80771],[107.11073,20.80622],[107.10926,20.80622],[107.10926,20.80771],[107.10999,20.80771],[107.11073,20.80771]]],[[[107.4074,20.80919],[107.42278,20.79881],[107.41765,20.78694],[107.41619,20.7736],[107.41106,20.77211],[107.41106,20.76766],[107.40666,20.77805],[107.40007,20.77805],[107.3986,20.80178],[107.40373,20.80919],[107.4074,20.80919]]],[[[107.19423,20.80919],[107.19497,20.80919],[107.19423,20.80919],[107.19423,20.80771],[107.1935,20.80771],[107.1935,20.80919],[107.19423,20.80919]]],[[[107.18471,20.81067],[107.18837,20.81067],[107.18837,20.80474],[107.18544,20.80474],[107.18471,20.81067]]],[[[107.33341,20.81364],[107.33561,20.80919],[107.33121,20.81067],[107.33341,20.81364]]],[[[107.26822,20.81512],[107.26895,20.81216],[107.26675,20.81216],[107.26822,20.81512]]],[[[107.12904,20.81661],[107.13124,20.81216],[107.12757,20.80919],[107.12904,20.81661]]],[[[107.17665,20.81809],[107.17812,20.80771],[107.17226,20.81067],[107.17665,20.81809]]],[[[107.12391,20.81809],[107.12318,20.81364],[107.12611,20.81216],[107.12318,20.81067],[107.12391,20.80771],[107.12831,20.80771],[107.12684,20.80326],[107.1327,20.80029],[107.1327,20.79733],[107.1327,20.80029],[107.13563,20.79881],[107.1371,20.79139],[107.13417,20.78694],[107.13856,20.78843],[107.14296,20.7825],[107.13783,20.7825],[107.13929,20.78546],[107.13636,20.78546],[107.13783,20.78101],[107.1349,20.77805],[107.1371,20.7736],[107.13417,20.7736],[107.13197,20.76915],[107.12684,20.77063],[107.12318,20.76766],[107.12318,20.77508],[107.11878,20.78101],[107.11952,20.78398],[107.11659,20.78398],[107.11878,20.79584],[107.11439,20.79881],[107.11219,20.80622],[107.11732,20.80622],[107.11732,20.80919],[107.11292,20.80919],[107.11659,20.81216],[107.11292,20.81661],[107.11732,20.81512],[107.11878,20.81067],[107.12098,20.81216],[107.11952,20.81512],[107.12318,20.81364],[107.12391,20.81809]]],[[[107.25869,20.81809],[107.25869,20.81661],[107.25943,20.81661],[107.25869,20.81661],[107.25723,20.81661],[107.25796,20.81661],[107.25796,20.81809],[107.25869,20.81809]]],[[[107.22134,20.81957],[107.22134,20.81809],[107.21987,20.81809],[107.21914,20.81809],[107.21914,20.81957],[107.2206,20.81957],[107.2206,20.81809],[107.22134,20.81809],[107.22134,20.81957]]],[[[107.22939,20.81957],[107.23159,20.81957],[107.23086,20.81661],[107.22939,20.81957]]],[[[107.09461,20.82106],[107.09754,20.81809],[107.09461,20.81809],[107.09461,20.82106]]],[[[107.13563,20.82106],[107.13636,20.82106],[107.13636,20.81957],[107.13563,20.81957],[107.1349,20.81957],[107.1349,20.82106],[107.13563,20.82106]]],[[[107.21108,20.82106],[107.21181,20.82106],[107.21181,20.81957],[107.21255,20.81957],[107.21328,20.81957],[107.21328,20.81809],[107.21401,20.81809],[107.21401,20.81661],[107.21255,20.81661],[107.21255,20.81809],[107.21181,20.81809],[107.21108,20.81809],[107.21035,20.81957],[107.21035,20.82106],[107.21108,20.82106]]],[[[107.26382,20.82106],[107.26602,20.81809],[107.26236,20.81957],[107.26382,20.82106]]],[[[107.16713,20.82106],[107.17299,20.81957],[107.17372,20.81364],[107.16713,20.81067],[107.17445,20.80771],[107.17079,20.80029],[107.16859,20.80178],[107.17226,20.80771],[107.16566,20.80919],[107.16493,20.81512],[107.16933,20.81364],[107.16933,20.81661],[107.16566,20.81809],[107.16713,20.82106]]],[[[107.21694,20.82106],[107.21841,20.81957],[107.21548,20.81957],[107.21694,20.82106]]],[[[107.23379,20.82254],[107.23452,20.81957],[107.23013,20.81957],[107.23086,20.82254],[107.23379,20.82254]]],[[[107.225,20.82254],[107.22353,20.81809],[107.2228,20.82254],[107.225,20.82254]]],[[[107.25869,20.82254],[107.26016,20.82254],[107.26016,20.82106],[107.26016,20.81957],[107.26089,20.81957],[107.26089,20.82106],[107.26089,20.81957],[107.26162,20.81957],[107.26162,20.81809],[107.26089,20.81809],[107.26089,20.81957],[107.26016,20.81957],[107.25943,20.81957],[107.25869,20.81957],[107.25869,20.82106],[107.25796,20.82106],[107.25796,20.82254],[107.25869,20.82254]]],[[[107.12684,20.82402],[107.12831,20.82254],[107.12464,20.82254],[107.12684,20.82402]]],[[[107.17445,20.82402],[107.18325,20.81957],[107.17445,20.81809],[107.17152,20.82254],[107.17445,20.82402]]],[[[107.2565,20.82551],[107.25796,20.82254],[107.25283,20.82254],[107.2565,20.82551]]],[[[107.25943,20.82551],[107.26016,20.82551],[107.26016,20.82402],[107.25943,20.82402],[107.25869,20.82402],[107.25869,20.82551],[107.25943,20.82551]]],[[[107.14222,20.82699],[107.14515,20.82254],[107.14076,20.82551],[107.14222,20.82699]]],[[[107.21401,20.82699],[107.21401,20.82254],[107.21181,20.82254],[107.21108,20.82551],[107.21401,20.82699]]],[[[107.2792,20.82402],[107.27701,20.82254],[107.27774,20.82699],[107.2792,20.82402]]],[[[107.10267,20.82699],[107.10926,20.82402],[107.1034,20.82402],[107.10267,20.82699]]],[[[107.29459,20.82699],[107.29532,20.82699],[107.29605,20.82699],[107.29605,20.82551],[107.29459,20.82551],[107.29386,20.82551],[107.29386,20.82699],[107.29459,20.82699]]],[[[107.22646,20.82847],[107.2272,20.82847],[107.2272,20.82699],[107.22646,20.82699],[107.22573,20.82699],[107.22573,20.82847],[107.22646,20.82847]]],[[[107.27701,20.82847],[107.27774,20.82847],[107.27774,20.82699],[107.27701,20.82699],[107.27701,20.82847]]],[[[107.17592,20.82995],[107.18178,20.82402],[107.17738,20.82402],[107.17592,20.82995]]],[[[107.26822,20.82995],[107.27041,20.82699],[107.26748,20.82699],[107.26822,20.82995]]],[[[107.27481,20.82995],[107.27261,20.82254],[107.27554,20.81809],[107.27261,20.81661],[107.27041,20.82551],[107.27481,20.82995]]],[[[107.2814,20.82995],[107.2814,20.82847],[107.28213,20.82847],[107.28213,20.82699],[107.2814,20.82699],[107.2814,20.82551],[107.28067,20.82551],[107.27994,20.82551],[107.27994,20.82699],[107.28067,20.82699],[107.27994,20.82699],[107.27994,20.82847],[107.27994,20.82995],[107.2814,20.82995]]],[[[107.11292,20.82995],[107.11439,20.82699],[107.10999,20.82551],[107.11292,20.82995]]],[[[107.21181,20.83292],[107.21181,20.83144],[107.21255,20.83144],[107.21181,20.83144],[107.21035,20.83144],[107.21035,20.83292],[107.21181,20.83292]]],[[[107.18691,20.83292],[107.18544,20.82847],[107.18105,20.82699],[107.18251,20.83144],[107.18691,20.83292]]],[[[107.28799,20.83292],[107.28873,20.83292],[107.28873,20.83144],[107.28946,20.83144],[107.29019,20.83144],[107.29019,20.82995],[107.28946,20.82995],[107.28873,20.82995],[107.28873,20.83144],[107.28799,20.83144],[107.28726,20.83144],[107.28726,20.83292],[107.28799,20.83292]]],[[[107.20742,20.83292],[107.20888,20.82995],[107.20595,20.83144],[107.20742,20.83292]]],[[[107.22207,20.83292],[107.22573,20.83292],[107.22427,20.82847],[107.21987,20.83144],[107.22207,20.83292]]],[[[107.31363,20.83292],[107.3107,20.82847],[107.30924,20.83292],[107.31363,20.83292]]],[[[107.19863,20.8344],[107.19936,20.8344],[107.19936,20.83292],[107.19863,20.83292],[107.1979,20.83292],[107.19716,20.83292],[107.19716,20.8344],[107.19863,20.8344]]],[[[107.14003,20.8344],[107.14296,20.8344],[107.14369,20.83144],[107.13929,20.83144],[107.14076,20.82847],[107.13783,20.82847],[107.13783,20.8344],[107.14003,20.8344]]],[[[107.24624,20.8344],[107.24771,20.8344],[107.24771,20.83292],[107.24697,20.83292],[107.24697,20.83144],[107.24624,20.83144],[107.24551,20.83144],[107.24551,20.83292],[107.24478,20.83292],[107.24478,20.8344],[107.24624,20.8344]]],[[[107.2543,20.8344],[107.2543,20.83292],[107.25357,20.83292],[107.25357,20.8344],[107.2543,20.8344],[107.25503,20.8344],[107.2543,20.8344]]],[[[107.17738,20.83589],[107.17738,20.8344],[107.17665,20.8344],[107.17592,20.8344],[107.17519,20.8344],[107.17592,20.8344],[107.17592,20.83589],[107.17738,20.83589]]],[[[107.32902,20.83589],[107.32902,20.8344],[107.32755,20.8344],[107.32755,20.83589],[107.32828,20.83589],[107.32902,20.83589]]],[[[107.30997,20.83589],[107.3107,20.83589],[107.31217,20.83589],[107.31217,20.8344],[107.31144,20.8344],[107.3107,20.8344],[107.30924,20.8344],[107.30924,20.83589],[107.30997,20.83589]]],[[[107.22134,20.83737],[107.2228,20.8344],[107.21841,20.8344],[107.21767,20.83737],[107.22134,20.83737]]],[[[107.10926,20.83885],[107.11146,20.83589],[107.1078,20.83737],[107.10926,20.83885]]],[[[107.07923,20.84034],[107.08143,20.83589],[107.08948,20.83144],[107.08802,20.82551],[107.08655,20.82995],[107.07264,20.83589],[107.07337,20.83885],[107.07923,20.84034]]],[[[107.2565,20.84034],[107.26016,20.84034],[107.25723,20.83737],[107.26382,20.83737],[107.26089,20.83589],[107.26162,20.83144],[107.25576,20.83144],[107.25503,20.8344],[107.25869,20.83292],[107.25723,20.83737],[107.25357,20.83885],[107.2565,20.84034]]],[[[107.30851,20.84182],[107.30851,20.83737],[107.30118,20.83589],[107.30045,20.83885],[107.30484,20.83737],[107.30851,20.84182]]],[[[107.10926,20.8433],[107.10926,20.84182],[107.10853,20.84182],[107.10853,20.84034],[107.1078,20.84034],[107.10633,20.84034],[107.10706,20.84034],[107.10706,20.84182],[107.1078,20.84182],[107.1078,20.8433],[107.10926,20.8433]]],[[[107.11659,20.8433],[107.11732,20.84034],[107.12464,20.84034],[107.12757,20.83292],[107.11585,20.8344],[107.11878,20.83737],[107.11732,20.84034],[107.11292,20.84034],[107.11659,20.8433]]],[[[107.19423,20.8433],[107.19643,20.84034],[107.19057,20.84034],[107.19423,20.8433]]],[[[107.20595,20.8433],[107.21548,20.83589],[107.21474,20.83292],[107.20962,20.8344],[107.20962,20.83737],[107.20376,20.83737],[107.20595,20.8433]]],[[[107.06751,20.8433],[107.06824,20.84034],[107.06604,20.84034],[107.06751,20.8433]]],[[[107.30338,20.8433],[107.30484,20.84034],[107.30118,20.84034],[107.30045,20.8433],[107.30338,20.8433]]],[[[107.33048,20.8433],[107.33268,20.84034],[107.32902,20.84034],[107.33048,20.8433]]],[[[107.12318,20.84479],[107.12318,20.8433],[107.12171,20.8433],[107.12025,20.8433],[107.12025,20.84479],[107.12098,20.84479],[107.12171,20.84479],[107.12318,20.84479]]],[[[107.20888,20.84479],[107.20962,20.84479],[107.20962,20.8433],[107.20888,20.8433],[107.20815,20.8433],[107.20815,20.84479],[107.20888,20.84479]]],[[[107.21255,20.84479],[107.21328,20.84479],[107.21328,20.8433],[107.21255,20.8433],[107.21181,20.8433],[107.21108,20.8433],[107.21035,20.8433],[107.21035,20.84479],[107.21108,20.84479],[107.21181,20.84479],[107.21255,20.84479]]],[[[107.30997,20.84479],[107.31144,20.84182],[107.30851,20.8433],[107.30997,20.84479]]],[[[107.16493,20.84627],[107.16933,20.8433],[107.16859,20.84034],[107.17079,20.8433],[107.17152,20.83737],[107.17445,20.83589],[107.17592,20.82995],[107.17226,20.83144],[107.17226,20.82699],[107.17006,20.82699],[107.17152,20.82995],[107.162,20.82699],[107.16273,20.83144],[107.15761,20.8344],[107.16566,20.83589],[107.16713,20.84182],[107.1642,20.83589],[107.15394,20.83885],[107.15687,20.84627],[107.1598,20.8433],[107.15834,20.83885],[107.16347,20.8433],[107.16566,20.84182],[107.16566,20.84479],[107.162,20.8433],[107.162,20.84627],[107.16493,20.84627]]],[[[107.15175,20.84627],[107.15394,20.84627],[107.15248,20.84034],[107.15175,20.84627]]],[[[107.32462,20.84775],[107.32535,20.8433],[107.32023,20.84479],[107.32462,20.84775]]],[[[107.38835,20.84775],[107.39128,20.84479],[107.38688,20.8433],[107.38469,20.84775],[107.38835,20.84775]]],[[[107.11512,20.84775],[107.11585,20.84775],[107.11585,20.84627],[107.11439,20.84627],[107.11439,20.84775],[107.11292,20.84775],[107.11219,20.84775],[107.11366,20.84775],[107.11439,20.84775],[107.11512,20.84775]]],[[[107.0785,20.84923],[107.07996,20.84479],[107.07703,20.84775],[107.0785,20.84923]]],[[[107.16566,20.84923],[107.16713,20.84627],[107.16493,20.84627],[107.16566,20.84923]]],[[[107.29898,20.84923],[107.29972,20.84923],[107.29972,20.84775],[107.29898,20.84775],[107.29825,20.84775],[107.29825,20.84627],[107.29752,20.84627],[107.29752,20.84775],[107.29679,20.84775],[107.29752,20.84775],[107.29752,20.84923],[107.29825,20.84923],[107.29898,20.84923]]],[[[107.26309,20.85072],[107.26309,20.84923],[107.26382,20.84923],[107.26455,20.84923],[107.26382,20.84923],[107.26382,20.84775],[107.26309,20.84775],[107.26236,20.84775],[107.26236,20.84923],[107.26236,20.85072],[107.26309,20.85072]]],[[[107.15687,20.85072],[107.1598,20.84923],[107.1598,20.84479],[107.15907,20.84775],[107.15541,20.84775],[107.15687,20.85072]]],[[[107.08509,20.85072],[107.08802,20.84923],[107.08362,20.84923],[107.08509,20.85072]]],[[[107.12245,20.85072],[107.12538,20.84775],[107.12171,20.84775],[107.12245,20.85072]]],[[[107.07483,20.8522],[107.07557,20.84627],[107.0719,20.84923],[107.0719,20.8522],[107.07483,20.8522]]],[[[107.07044,20.85072],[107.06824,20.85072],[107.06824,20.8522],[107.07044,20.8522],[107.07044,20.85072]]],[[[107.06165,20.8522],[107.06384,20.84775],[107.06091,20.84923],[107.06165,20.8522]]],[[[107.25283,20.8522],[107.25576,20.85072],[107.25357,20.84182],[107.25064,20.84182],[107.2499,20.84479],[107.24478,20.84182],[107.24624,20.84627],[107.24331,20.84923],[107.24844,20.84775],[107.24844,20.8522],[107.25283,20.8522]]],[[[107.29239,20.8522],[107.28873,20.84775],[107.28873,20.8522],[107.29239,20.8522]]],[[[107.08216,20.85368],[107.08069,20.84923],[107.07996,20.85368],[107.08216,20.85368]]],[[[107.16493,20.85368],[107.16493,20.85072],[107.16127,20.85368],[107.16493,20.85368]]],[[[107.17372,20.85517],[107.17665,20.85072],[107.17885,20.8522],[107.18471,20.84775],[107.18544,20.8433],[107.18911,20.84627],[107.18764,20.84034],[107.1935,20.83737],[107.18471,20.83885],[107.18178,20.8433],[107.17885,20.84034],[107.17226,20.84775],[107.17152,20.85368],[107.17372,20.85517]]],[[[107.29459,20.85517],[107.29605,20.85517],[107.29605,20.85368],[107.29532,20.85368],[107.29459,20.85368],[107.29459,20.8522],[107.29386,20.8522],[107.29386,20.85368],[107.29386,20.85517],[107.29459,20.85517]]],[[[107.26822,20.85517],[107.27188,20.8522],[107.26748,20.84775],[107.26675,20.85072],[107.26968,20.85072],[107.26529,20.8522],[107.26822,20.85517]]],[[[107.31217,20.85665],[107.31437,20.85368],[107.3107,20.85368],[107.31217,20.85665]]],[[[107.34367,20.85665],[107.34733,20.8522],[107.34586,20.84627],[107.34367,20.84627],[107.34733,20.84034],[107.34806,20.83144],[107.35246,20.83885],[107.35539,20.83885],[107.35832,20.84923],[107.36344,20.83589],[107.36125,20.83144],[107.36344,20.82699],[107.36784,20.82699],[107.37004,20.8344],[107.3715,20.82551],[107.37809,20.82551],[107.37883,20.82995],[107.38395,20.82995],[107.38029,20.81364],[107.38469,20.79436],[107.37956,20.79288],[107.37516,20.80029],[107.3693,20.80178],[107.3693,20.80622],[107.36418,20.80771],[107.34953,20.80771],[107.34806,20.80326],[107.34367,20.80326],[107.3422,20.83144],[107.33341,20.84923],[107.33414,20.85517],[107.34074,20.8522],[107.34367,20.85665]]],[[[107.18544,20.85665],[107.18691,20.85368],[107.18398,20.85517],[107.18544,20.85665]]],[[[107.41619,20.85665],[107.41619,20.85072],[107.41179,20.84775],[107.41106,20.85368],[107.41619,20.85665]]],[[[107.0719,20.85813],[107.0719,20.85665],[107.07264,20.85665],[107.0719,20.85665],[107.07044,20.85665],[107.07117,20.85665],[107.07117,20.85813],[107.0719,20.85813]]],[[[107.10853,20.85813],[107.11073,20.85517],[107.11732,20.85517],[107.11952,20.84923],[107.11439,20.84923],[107.11366,20.85368],[107.10706,20.85665],[107.10853,20.85813]]],[[[107.2499,20.85813],[107.2521,20.85665],[107.24697,20.85517],[107.24624,20.85813],[107.2499,20.85813]]],[[[107.04553,20.85813],[107.05652,20.85517],[107.05798,20.84775],[107.05286,20.84627],[107.04993,20.84923],[107.04993,20.8522],[107.05432,20.84923],[107.05579,20.85072],[107.05505,20.85517],[107.0448,20.8522],[107.04333,20.85813],[107.04553,20.85813]]],[[[107.19057,20.85813],[107.1913,20.85813],[107.1913,20.85665],[107.18984,20.85665],[107.18911,20.85665],[107.18837,20.85665],[107.18911,20.85665],[107.18911,20.85813],[107.18984,20.85813],[107.19057,20.85813]]],[[[107.26968,20.85962],[107.27115,20.85665],[107.26822,20.85517],[107.26968,20.85962]]],[[[107.08069,20.85962],[107.08069,20.85813],[107.07996,20.85813],[107.07923,20.85813],[107.07923,20.85962],[107.08069,20.85962]]],[[[107.28726,20.85962],[107.29166,20.85517],[107.28799,20.85368],[107.2858,20.84775],[107.28873,20.84479],[107.28946,20.84775],[107.29459,20.84775],[107.29605,20.8433],[107.29019,20.84034],[107.28873,20.83589],[107.28433,20.84034],[107.28433,20.83589],[107.28067,20.83737],[107.28287,20.8344],[107.26822,20.8344],[107.27334,20.83885],[107.26675,20.83885],[107.26748,20.84182],[107.27115,20.84182],[107.26895,20.8433],[107.27408,20.85072],[107.27334,20.85665],[107.2792,20.85072],[107.27847,20.85368],[107.28287,20.8522],[107.2836,20.85813],[107.28726,20.85962]]],[[[106.921,20.85962],[106.92247,20.85813],[106.91368,20.85072],[106.91441,20.84775],[106.90855,20.83885],[106.91002,20.84923],[106.91441,20.85665],[106.921,20.85962]]],[[[107.29605,20.85962],[107.29679,20.85962],[107.29679,20.85813],[107.29605,20.85813],[107.29532,20.85813],[107.29459,20.85813],[107.29459,20.85665],[107.29386,20.85665],[107.29312,20.85665],[107.29312,20.85813],[107.29386,20.85813],[107.29386,20.85962],[107.29459,20.85962],[107.29605,20.85962]]],[[[107.2521,20.8611],[107.25357,20.85813],[107.25064,20.85813],[107.2521,20.8611]]],[[[107.18178,20.8611],[107.18251,20.8611],[107.18325,20.8611],[107.18325,20.85962],[107.18398,20.85962],[107.18325,20.85962],[107.18178,20.85962],[107.18105,20.85962],[107.18105,20.8611],[107.18178,20.8611]]],[[[107.08436,20.8611],[107.08802,20.8611],[107.08875,20.85813],[107.08362,20.85665],[107.08436,20.8611]]],[[[107.05066,20.86258],[107.05505,20.85962],[107.04993,20.85962],[107.04846,20.86258],[107.05066,20.86258]]],[[[107.09315,20.86407],[107.09534,20.86258],[107.09315,20.85962],[107.09534,20.84923],[107.09827,20.85072],[107.09534,20.85813],[107.09754,20.85813],[107.09754,20.86258],[107.1012,20.85517],[107.1034,20.85665],[107.1034,20.85072],[107.09827,20.85517],[107.10267,20.84775],[107.09681,20.84775],[107.10487,20.8433],[107.10194,20.8344],[107.1034,20.83144],[107.1056,20.83589],[107.11146,20.8344],[107.10633,20.83144],[107.10706,20.82847],[107.11146,20.82995],[107.10926,20.82551],[107.09534,20.83292],[107.09534,20.83589],[107.09681,20.8344],[107.1012,20.83737],[107.09681,20.84182],[107.09681,20.84627],[107.09241,20.84479],[107.09241,20.83589],[107.09022,20.83589],[107.09095,20.83885],[107.08729,20.83589],[107.08509,20.83885],[107.08729,20.84034],[107.08362,20.84034],[107.08509,20.84627],[107.08802,20.84627],[107.08729,20.8433],[107.09241,20.84479],[107.08802,20.85072],[107.09388,20.85072],[107.08948,20.8611],[107.09241,20.8611],[107.09315,20.86407]]],[[[107.13197,20.86407],[107.13636,20.85962],[107.14076,20.85962],[107.12757,20.85962],[107.12684,20.86258],[107.13197,20.86407]]],[[[107.15687,20.86555],[107.15687,20.86407],[107.15761,20.86407],[107.15687,20.86407],[107.15687,20.86258],[107.15614,20.86258],[107.15614,20.86407],[107.15614,20.86555],[107.15687,20.86555]]],[[[107.3151,20.86555],[107.3151,20.86407],[107.31583,20.86407],[107.3151,20.86407],[107.31437,20.86407],[107.31363,20.86407],[107.31363,20.86555],[107.3151,20.86555]]],[[[107.17592,20.86555],[107.17738,20.86258],[107.17445,20.86407],[107.17592,20.86555]]],[[[107.23379,20.86703],[107.23525,20.86258],[107.23232,20.86258],[107.23379,20.86703]]],[[[107.03674,20.86703],[107.03747,20.86703],[107.03747,20.86555],[107.03674,20.86555],[107.03747,20.86555],[107.03674,20.86555],[107.03674,20.86407],[107.03674,20.86258],[107.03528,20.86258],[107.03528,20.86407],[107.03601,20.86407],[107.03601,20.86555],[107.03528,20.86555],[107.03528,20.86703],[107.03601,20.86703],[107.03674,20.86703]]],[[[107.07117,20.86703],[107.0719,20.86703],[107.0719,20.86555],[107.07264,20.86555],[107.07337,20.86555],[107.07264,20.86555],[107.07117,20.86555],[107.07044,20.86555],[107.07044,20.86703],[107.07117,20.86703]]],[[[107.1371,20.86703],[107.1371,20.86555],[107.13783,20.86555],[107.1371,20.86555],[107.1371,20.86407],[107.13636,20.86407],[107.13563,20.86407],[107.13563,20.86555],[107.13563,20.86703],[107.13636,20.86703],[107.1371,20.86703]]],[[[107.24771,20.86703],[107.24917,20.8611],[107.24624,20.85962],[107.24771,20.86703]]],[[[107.30191,20.86703],[107.30118,20.86258],[107.30411,20.86258],[107.30484,20.85962],[107.29898,20.86258],[107.29972,20.86703],[107.30191,20.86703]]],[[[107.32169,20.86703],[107.32316,20.86407],[107.31583,20.86555],[107.32169,20.86703]]],[[[106.99719,20.86703],[106.99719,20.86407],[106.99426,20.86407],[106.99426,20.86851],[106.99719,20.86703]]],[[[107.04919,20.86851],[107.04993,20.86555],[107.04773,20.86555],[107.04919,20.86851]]],[[[107.08436,20.86851],[107.08436,20.86555],[107.08875,20.86555],[107.08655,20.86258],[107.08216,20.86555],[107.08436,20.86851]]],[[[107.16566,20.86851],[107.16859,20.86258],[107.16054,20.86407],[107.16054,20.86703],[107.16566,20.86555],[107.16566,20.86851]]],[[[107.31876,20.87],[107.31876,20.86851],[107.31803,20.86851],[107.3173,20.86851],[107.3173,20.87],[107.31876,20.87]]],[[[107.05579,20.87],[107.05652,20.87],[107.05652,20.86851],[107.05579,20.86851],[107.05505,20.86851],[107.05505,20.87],[107.05579,20.87]]],[[[107.28067,20.87],[107.28287,20.86555],[107.28653,20.86703],[107.28287,20.8611],[107.2792,20.8611],[107.27627,20.86703],[107.28067,20.87]]],[[[107.19643,20.87148],[107.1957,20.86703],[107.20009,20.86555],[107.20009,20.86258],[107.1913,20.86703],[107.19643,20.87148]]],[[[106.87998,20.87],[106.88291,20.86851],[106.87925,20.86555],[106.87632,20.87],[106.87998,20.87]]],[[[107.2228,20.87148],[107.23232,20.87148],[107.22866,20.86555],[107.23232,20.8611],[107.22939,20.86258],[107.22793,20.85962],[107.22427,20.86258],[107.22207,20.86703],[107.22793,20.86555],[107.2272,20.86851],[107.21987,20.87],[107.2228,20.87148]]],[[[107.2543,20.87148],[107.2565,20.86851],[107.26162,20.86851],[107.26016,20.8611],[107.25869,20.86555],[107.25283,20.86851],[107.2543,20.87148]]],[[[107.12318,20.87148],[107.12464,20.86851],[107.12171,20.86851],[107.12318,20.87148]]],[[[107.03308,20.87148],[107.03381,20.86555],[107.03088,20.86555],[107.03308,20.86703],[107.03015,20.87296],[107.03308,20.87148]]],[[[107.15761,20.87296],[107.15834,20.87296],[107.15834,20.87148],[107.15761,20.87148],[107.15687,20.87148],[107.15687,20.87296],[107.15761,20.87296]]],[[[107.26089,20.87445],[107.26382,20.87148],[107.26602,20.87296],[107.26748,20.86851],[107.27041,20.87],[107.26895,20.86555],[107.27261,20.86703],[107.27261,20.86258],[107.27554,20.86258],[107.27408,20.85665],[107.27115,20.85665],[107.27261,20.85962],[107.26675,20.85962],[107.26602,20.85665],[107.26455,20.85962],[107.26089,20.85813],[107.26089,20.8611],[107.26602,20.8611],[107.26822,20.86407],[107.26382,20.87],[107.25796,20.87],[107.25723,20.87296],[107.26089,20.87445]]],[[[107.02795,20.87445],[107.02868,20.87445],[107.02868,20.87296],[107.02795,20.87296],[107.02649,20.87296],[107.02649,20.87445],[107.02795,20.87445]]],[[[106.89024,20.87445],[106.8939,20.87148],[106.89976,20.85517],[106.89976,20.84479],[106.8939,20.84775],[106.89537,20.8433],[106.88804,20.84182],[106.87705,20.84923],[106.87632,20.85368],[106.88438,20.8611],[106.88365,20.86555],[106.88731,20.86851],[106.88438,20.87148],[106.89024,20.87445]]],[[[107.27627,20.87593],[107.27847,20.87445],[107.27701,20.87],[107.27481,20.87296],[107.27627,20.87593]]],[[[107.46307,20.87593],[107.46819,20.86258],[107.46307,20.86703],[107.46233,20.86258],[107.4594,20.86258],[107.45867,20.86703],[107.46233,20.87],[107.45867,20.87445],[107.46307,20.87593]]],[[[107.25064,20.87593],[107.25137,20.87296],[107.24917,20.87296],[107.25064,20.87593]]],[[[107.31144,20.87593],[107.31363,20.87148],[107.30924,20.87296],[107.31144,20.87593]]],[[[107.11732,20.87593],[107.12025,20.86851],[107.11732,20.86851],[107.11659,20.87296],[107.11439,20.87148],[107.11732,20.87593]]],[[[106.97448,20.87593],[106.97448,20.87445],[106.97375,20.87445],[106.97301,20.87445],[106.97301,20.87593],[106.97375,20.87593],[106.97448,20.87593]]],[[[107.11292,20.87593],[107.11292,20.87],[107.11073,20.87],[107.10926,20.87445],[107.11292,20.87593]]],[[[107.26382,20.87593],[107.26309,20.87593],[107.26236,20.87593],[107.26382,20.87593]]],[[[107.28873,20.87593],[107.28946,20.87593],[107.29019,20.87593],[107.29019,20.87445],[107.29092,20.87445],[107.29092,20.87296],[107.29019,20.87296],[107.28946,20.87296],[107.28873,20.87296],[107.28873,20.87445],[107.28799,20.87445],[107.28799,20.87593],[107.28726,20.87593],[107.28799,20.87593],[107.28873,20.87593]]],[[[107.225,20.87741],[107.22573,20.87741],[107.22573,20.87593],[107.225,20.87593],[107.225,20.87445],[107.22427,20.87445],[107.22427,20.87593],[107.22427,20.87741],[107.225,20.87741]]],[[[107.05945,20.87741],[107.06091,20.87],[107.06604,20.87445],[107.06824,20.87296],[107.06531,20.86851],[107.07264,20.86258],[107.07264,20.85962],[107.06824,20.8611],[107.06897,20.85665],[107.06311,20.85962],[107.06531,20.86703],[107.05945,20.87],[107.05945,20.87741]]],[[[107.29825,20.87741],[107.30191,20.87148],[107.30631,20.87593],[107.30484,20.87],[107.31217,20.87],[107.31144,20.86703],[107.30631,20.86555],[107.30338,20.87],[107.29898,20.86851],[107.29898,20.87296],[107.29459,20.87296],[107.29825,20.87741]]],[[[106.97741,20.87741],[106.97741,20.87593],[106.97668,20.87593],[106.97741,20.87593],[106.97668,20.87445],[106.97668,20.87593],[106.97594,20.87593],[106.97594,20.87741],[106.97668,20.87741],[106.97741,20.87741]]],[[[107.00671,20.8789],[107.00817,20.87593],[107.00451,20.87445],[107.00378,20.87741],[107.00671,20.8789]]],[[[107.1371,20.8789],[107.14222,20.87593],[107.14076,20.87296],[107.13929,20.87445],[107.14003,20.87],[107.14589,20.87445],[107.14955,20.86703],[107.15101,20.86851],[107.15321,20.86258],[107.15175,20.8611],[107.15028,20.86555],[107.15248,20.85962],[107.15028,20.85517],[107.14662,20.85665],[107.14955,20.86555],[107.14808,20.87],[107.14222,20.87],[107.14076,20.86703],[107.13783,20.86851],[107.1371,20.8789]]],[[[107.01037,20.8789],[107.01184,20.87445],[107.01257,20.87741],[107.0155,20.87741],[107.0133,20.87445],[107.01477,20.87],[107.01696,20.87],[107.01696,20.87593],[107.01989,20.87296],[107.02209,20.87593],[107.02942,20.86555],[107.02649,20.86407],[107.02429,20.87],[107.01916,20.87148],[107.01843,20.86555],[107.01696,20.86851],[107.01184,20.86851],[107.01403,20.86258],[107.0111,20.86555],[107.00817,20.86407],[107.00305,20.87296],[107.00817,20.87148],[107.01037,20.8789]]],[[[107.23379,20.8789],[107.23599,20.87445],[107.24038,20.87445],[107.24038,20.86851],[107.24404,20.86703],[107.24624,20.87],[107.24624,20.86555],[107.24038,20.86407],[107.23818,20.86851],[107.23672,20.86703],[107.23525,20.87],[107.23818,20.87445],[107.23379,20.87148],[107.23452,20.87445],[107.23013,20.87593],[107.23379,20.8789]]],[[[106.99938,20.87593],[106.99938,20.87741],[106.99865,20.87741],[106.99865,20.8789],[106.99938,20.8789],[106.99938,20.87741],[106.99938,20.87593]]],[[[107.11073,20.8789],[107.11073,20.87741],[107.10926,20.87741],[107.10853,20.87741],[107.10853,20.8789],[107.10926,20.8789],[107.11073,20.8789]]],[[[107.1305,20.8789],[107.13563,20.87593],[107.13563,20.87296],[107.12904,20.87741],[107.12318,20.87741],[107.1305,20.8789]]],[[[107.21255,20.8789],[107.21401,20.87741],[107.21108,20.87741],[107.21255,20.8789]]],[[[107.2814,20.8789],[107.2836,20.87593],[107.27847,20.87741],[107.2814,20.8789]]],[[[107.24771,20.8789],[107.24624,20.87593],[107.24551,20.8789],[107.24771,20.8789]]],[[[106.93858,20.8789],[106.94005,20.87593],[106.93712,20.87593],[106.93346,20.86851],[106.92833,20.86851],[106.93565,20.8789],[106.93858,20.8789]]],[[[107.11512,20.88038],[107.11512,20.8789],[107.11366,20.8789],[107.11366,20.88038],[107.11512,20.88038]]],[[[107.29386,20.88038],[107.29459,20.88038],[107.29459,20.8789],[107.29239,20.8789],[107.29166,20.8789],[107.29239,20.8789],[107.29239,20.88038],[107.29312,20.88038],[107.29386,20.88038]]],[[[106.96862,20.88186],[106.97082,20.8789],[106.96789,20.8789],[106.96862,20.88186]]],[[[106.99426,20.88038],[106.99426,20.87741],[106.98986,20.8789],[106.99206,20.88186],[106.99426,20.88038]]],[[[107.12757,20.88186],[107.12757,20.88038],[107.12684,20.88038],[107.12611,20.88038],[107.12611,20.88186],[107.12684,20.88186],[107.12757,20.88186]]],[[[107.21767,20.88186],[107.2206,20.8789],[107.21841,20.87593],[107.22134,20.87593],[107.21914,20.87148],[107.21401,20.87296],[107.21548,20.88186],[107.21767,20.88186]]],[[[107.1598,20.88186],[107.16054,20.88186],[107.16127,20.88186],[107.16127,20.88038],[107.16054,20.88038],[107.16054,20.8789],[107.1598,20.8789],[107.1598,20.88038],[107.15907,20.88038],[107.15834,20.88038],[107.15834,20.88186],[107.15907,20.88186],[107.1598,20.88186]]],[[[107.00744,20.88038],[107.00671,20.88038],[107.00671,20.88186],[107.00671,20.88335],[107.00744,20.88335],[107.00744,20.88186],[107.00744,20.88038]]],[[[107.02795,20.88335],[107.02795,20.88186],[107.02868,20.88186],[107.02795,20.88186],[107.02795,20.88038],[107.02722,20.88038],[107.02722,20.88186],[107.02649,20.88186],[107.02722,20.88186],[107.02722,20.88335],[107.02795,20.88335]]],[[[107.01403,20.88335],[107.0155,20.8789],[107.01184,20.88038],[107.01403,20.88335]]],[[[107.39787,20.88335],[107.3986,20.8789],[107.39567,20.88038],[107.39787,20.88335]]],[[[107.13929,20.88335],[107.14003,20.88335],[107.14076,20.88335],[107.14076,20.88186],[107.13929,20.88186],[107.13856,20.88186],[107.13856,20.88335],[107.13929,20.88335]]],[[[107.23379,20.88335],[107.23452,20.88335],[107.23452,20.88186],[107.23379,20.88186],[107.23379,20.88335],[107.23306,20.88335],[107.23379,20.88335]]],[[[107.2499,20.88483],[107.25064,20.88038],[107.24844,20.88186],[107.2499,20.88483]]],[[[107.16859,20.88483],[107.17152,20.8789],[107.17445,20.8789],[107.17299,20.88186],[107.17592,20.88038],[107.17592,20.87741],[107.17152,20.87741],[107.17006,20.87445],[107.16713,20.87741],[107.17006,20.88038],[107.16859,20.88483]]],[[[107.17958,20.88483],[107.17958,20.88335],[107.18031,20.88335],[107.18031,20.88186],[107.18105,20.88186],[107.18105,20.88038],[107.17958,20.88038],[107.17958,20.88186],[107.17885,20.88186],[107.17885,20.88335],[107.17958,20.88335],[107.17958,20.88483]]],[[[107.18178,20.88483],[107.18178,20.88335],[107.18105,20.88335],[107.18105,20.88483],[107.18178,20.88483]]],[[[106.97228,20.88335],[106.97448,20.87741],[106.97008,20.87445],[106.96862,20.87741],[106.97155,20.87741],[106.97082,20.88483],[106.97228,20.88335]]],[[[107.03308,20.87148],[107.03381,20.87741],[107.02942,20.87445],[107.03015,20.88038],[107.03161,20.88335],[107.03454,20.88038],[107.03454,20.88483],[107.03747,20.88483],[107.03674,20.88038],[107.04114,20.88038],[107.04187,20.87445],[107.04626,20.87445],[107.04626,20.87148],[107.0448,20.87445],[107.04187,20.87148],[107.04773,20.87],[107.04773,20.86703],[107.0426,20.86555],[107.0426,20.87],[107.0404,20.86703],[107.03821,20.86851],[107.03674,20.87445],[107.03967,20.87296],[107.0404,20.87593],[107.03747,20.87593],[107.03674,20.8789],[107.03381,20.8789],[107.03308,20.87148]]],[[[106.99206,20.88186],[106.99133,20.88186],[106.99059,20.88335],[106.98986,20.88483],[106.99059,20.88483],[106.99133,20.88483],[106.99133,20.88335],[106.99206,20.88335],[106.99279,20.88335],[106.99279,20.88186],[106.99206,20.88186]]],[[[107.1642,20.88631],[107.16493,20.88631],[107.16493,20.88483],[107.16347,20.88483],[107.16273,20.88483],[107.16273,20.88631],[107.1642,20.88631]]],[[[107.17372,20.88631],[107.17519,20.88631],[107.17519,20.88335],[107.17592,20.88335],[107.17592,20.88186],[107.17519,20.88186],[107.17445,20.88186],[107.17445,20.88335],[107.17372,20.88335],[107.17372,20.88483],[107.17299,20.88483],[107.17299,20.88631],[107.17226,20.88631],[107.17372,20.88631]]],[[[107.20962,20.88631],[107.21181,20.88038],[107.20742,20.88483],[107.20962,20.88631]]],[[[107.02356,20.88779],[107.02356,20.88631],[107.02429,20.88631],[107.02429,20.88483],[107.02429,20.88335],[107.02356,20.88335],[107.02282,20.88335],[107.02282,20.88483],[107.02282,20.88631],[107.02209,20.88631],[107.02209,20.88779],[107.02356,20.88779]]],[[[107.39787,20.88779],[107.3986,20.88483],[107.39348,20.88631],[107.39787,20.88779]]],[[[107.1371,20.88779],[107.13783,20.88779],[107.13783,20.88631],[107.1371,20.88631],[107.1371,20.88779],[107.13636,20.88779],[107.1371,20.88779]]],[[[107.39128,20.88779],[107.39201,20.88779],[107.39201,20.88631],[107.39128,20.88631],[107.39055,20.88631],[107.39055,20.88779],[107.39201,20.88779],[107.39128,20.88779]]],[[[107.16786,20.88928],[107.16786,20.88779],[107.16713,20.88779],[107.1664,20.88779],[107.16713,20.88779],[107.16713,20.88928],[107.16786,20.88928]]],[[[107.17885,20.88928],[107.17958,20.88928],[107.17958,20.88779],[107.17885,20.88779],[107.17812,20.88779],[107.17738,20.88779],[107.17812,20.88779],[107.17812,20.88928],[107.17885,20.88928]]],[[[106.95323,20.88928],[106.95323,20.88779],[106.9525,20.88779],[106.95177,20.88779],[106.95104,20.88779],[106.9503,20.88779],[106.94957,20.88779],[106.94884,20.88779],[106.94811,20.88779],[106.94884,20.88779],[106.94884,20.88928],[106.94957,20.88928],[106.9503,20.88928],[106.95104,20.88928],[106.95177,20.88928],[106.9525,20.88928],[106.95323,20.88928]]],[[[107.01843,20.89076],[107.01843,20.88928],[107.0177,20.88928],[107.0177,20.88779],[107.01623,20.88779],[107.01623,20.88928],[107.01623,20.88779],[107.01623,20.88928],[107.01696,20.88928],[107.0177,20.88928],[107.0177,20.89076],[107.0177,20.88928],[107.01843,20.88928],[107.01843,20.89076]]],[[[107.18178,20.88483],[107.18325,20.88779],[107.18618,20.88038],[107.18618,20.88779],[107.18984,20.88335],[107.1935,20.88779],[107.19497,20.88335],[107.20083,20.89076],[107.20156,20.88779],[107.20522,20.88779],[107.20156,20.88335],[107.20302,20.8789],[107.20595,20.88631],[107.20888,20.87445],[107.21328,20.87445],[107.2228,20.8611],[107.22646,20.8611],[107.22646,20.85813],[107.21841,20.85665],[107.21694,20.85962],[107.2206,20.8611],[107.21987,20.86407],[107.21694,20.86555],[107.21548,20.8611],[107.21255,20.86851],[107.21548,20.86851],[107.21035,20.86851],[107.21401,20.8611],[107.21035,20.85813],[107.20742,20.86258],[107.20962,20.86703],[107.20595,20.86407],[107.19936,20.86703],[107.20229,20.87],[107.20449,20.86555],[107.20522,20.87148],[107.20009,20.87],[107.18984,20.87296],[107.18911,20.8789],[107.18544,20.8789],[107.19057,20.87],[107.18618,20.87],[107.18544,20.87445],[107.17958,20.87148],[107.17885,20.87445],[107.18325,20.87593],[107.18178,20.88483]]],[[[107.12171,20.89076],[107.12611,20.88928],[107.12611,20.88483],[107.12098,20.88779],[107.12171,20.89076]]],[[[107.18984,20.89076],[107.19057,20.89076],[107.19057,20.88928],[107.1913,20.88928],[107.19277,20.88928],[107.19204,20.88928],[107.19204,20.88779],[107.1913,20.88779],[107.19057,20.88779],[107.18984,20.88779],[107.18984,20.88928],[107.18911,20.88928],[107.18911,20.89076],[107.18984,20.89076]]],[[[107.38981,20.89076],[107.38981,20.88928],[107.39055,20.88928],[107.38908,20.88928],[107.38835,20.88928],[107.38835,20.89076],[107.38981,20.89076]]],[[[106.95543,20.88928],[106.95763,20.88631],[106.96056,20.88779],[106.96129,20.88483],[106.95763,20.88631],[106.95397,20.88186],[106.94957,20.88335],[106.95543,20.88631],[106.95397,20.89224],[106.95543,20.88928]]],[[[107.11732,20.89224],[107.11878,20.88631],[107.11585,20.88928],[107.11732,20.89224]]],[[[107.17592,20.89224],[107.17592,20.89076],[107.17519,20.89076],[107.17445,20.89076],[107.17445,20.89224],[107.17592,20.89224]]],[[[106.99938,20.89224],[106.99865,20.88631],[106.99426,20.88631],[106.99352,20.88335],[106.98986,20.88779],[106.98913,20.8789],[106.98547,20.8789],[106.98766,20.87593],[106.99572,20.87741],[106.99645,20.86851],[106.99426,20.87148],[106.99059,20.86851],[106.99059,20.87148],[106.98547,20.87148],[106.98547,20.86851],[106.98034,20.87],[106.97887,20.87445],[106.98327,20.87296],[106.98473,20.8789],[106.9818,20.87741],[106.97741,20.88779],[106.9818,20.88928],[106.9818,20.88483],[106.9862,20.88483],[106.98693,20.88928],[106.98986,20.88779],[106.99059,20.89076],[106.99645,20.88779],[106.99938,20.89224]]],[[[107.17006,20.89373],[107.17006,20.89224],[107.16933,20.89224],[107.16859,20.89224],[107.16786,20.89224],[107.16713,20.89224],[107.16713,20.89373],[107.17006,20.89373]]],[[[106.99719,20.89373],[106.99645,20.89224],[106.99572,20.89224],[106.99572,20.89373],[106.99645,20.89373],[106.99572,20.89373],[106.99645,20.89373],[106.99719,20.89373]]],[[[107.12684,20.89521],[107.12904,20.89373],[107.12684,20.89076],[107.12245,20.89224],[107.12684,20.89521]]],[[[106.97448,20.89373],[106.97521,20.88928],[106.97155,20.89373],[106.97448,20.89373]]],[[[107.35758,20.89521],[107.35758,20.89373],[107.35685,20.89373],[107.35685,20.89521],[107.35758,20.89521]]],[[[107.39128,20.89521],[107.39348,20.89224],[107.38908,20.89076],[107.39128,20.89521]]],[[[107.00964,20.89669],[107.01257,20.88335],[107.01037,20.88186],[107.00891,20.88928],[107.00524,20.8789],[107.00305,20.8789],[107.00158,20.88186],[107.00524,20.88631],[107.00231,20.88631],[107.00231,20.89076],[107.00378,20.89224],[107.00744,20.88928],[107.00598,20.89521],[107.00964,20.89669]]],[[[106.96642,20.89521],[106.96789,20.88483],[106.96496,20.88335],[106.96203,20.88631],[106.96642,20.89521]]],[[[107.12904,20.89669],[107.13417,20.89224],[107.13124,20.89373],[107.1305,20.89076],[107.12684,20.89521],[107.12904,20.89669]]],[[[107.15101,20.89669],[107.15175,20.89224],[107.14955,20.89224],[107.15101,20.89669]]],[[[107.41179,20.89669],[107.41252,20.89373],[107.41033,20.89373],[107.40886,20.89669],[107.41179,20.89669]]],[[[107.1078,20.89818],[107.10633,20.89521],[107.10926,20.89521],[107.10999,20.89076],[107.10633,20.89076],[107.10487,20.89521],[107.1078,20.89818]]],[[[107.15541,20.89818],[107.15687,20.89373],[107.16347,20.89521],[107.1642,20.89224],[107.15614,20.89076],[107.15541,20.89818]]],[[[107.12318,20.89818],[107.12538,20.89818],[107.12464,20.89521],[107.12318,20.89818]]],[[[107.46526,20.89818],[107.47186,20.88928],[107.46819,20.88928],[107.46233,20.89521],[107.46233,20.89818],[107.46526,20.89818]]],[[[107.01989,20.89818],[107.01989,20.89669],[107.01916,20.89669],[107.01916,20.89521],[107.01843,20.89521],[107.0177,20.89521],[107.0177,20.89669],[107.0177,20.89818],[107.01843,20.89818],[107.01916,20.89818],[107.01989,20.89818]]],[[[107.34147,20.89966],[107.34147,20.89669],[107.34806,20.89966],[107.34513,20.89373],[107.34806,20.89373],[107.35172,20.89966],[107.35026,20.89521],[107.35392,20.89669],[107.35465,20.89373],[107.35099,20.89373],[107.35026,20.88928],[107.35392,20.89224],[107.35905,20.89076],[107.35978,20.88779],[107.36271,20.88779],[107.36344,20.89076],[107.3693,20.88928],[107.37443,20.89521],[107.38102,20.88483],[107.38176,20.89076],[107.38762,20.89076],[107.38762,20.88483],[107.39421,20.88483],[107.39348,20.8789],[107.39567,20.8789],[107.39567,20.87296],[107.39128,20.87741],[107.38688,20.87445],[107.39201,20.86407],[107.38102,20.86555],[107.37297,20.85813],[107.36344,20.85665],[107.36198,20.85962],[107.35832,20.85962],[107.35392,20.85665],[107.3444,20.86851],[107.34074,20.88186],[107.33854,20.88186],[107.33781,20.87148],[107.32902,20.87593],[107.33048,20.89669],[107.33414,20.89373],[107.33634,20.89373],[107.33414,20.89818],[107.33781,20.89669],[107.33927,20.89076],[107.34879,20.88483],[107.34953,20.88779],[107.34733,20.88631],[107.34,20.89669],[107.33927,20.89966],[107.34147,20.89966]]],[[[107.00598,20.90114],[107.00964,20.89818],[107.00817,20.89669],[107.00598,20.90114]]],[[[107.12318,20.89818],[107.12245,20.89818],[107.12171,20.89818],[107.12171,20.89966],[107.12098,20.89966],[107.12025,20.89966],[107.12025,20.90114],[107.12098,20.90114],[107.12171,20.90114],[107.12245,20.90114],[107.12245,20.89966],[107.12318,20.89966],[107.12318,20.89818]]],[[[107.32682,20.90114],[107.32755,20.90114],[107.32828,20.90114],[107.32828,20.89966],[107.32902,20.89966],[107.32828,20.89966],[107.32755,20.89966],[107.32609,20.89966],[107.32609,20.90114],[107.32535,20.90114],[107.32609,20.90114],[107.32682,20.90114]]],[[[107.10047,20.89966],[107.09901,20.89966],[107.09901,20.90114],[107.09974,20.90114],[107.10047,20.90114],[107.10047,20.89966]]],[[[107.33341,20.90114],[107.33268,20.90114],[107.33268,20.89966],[107.33195,20.89966],[107.33195,20.90114],[107.33268,20.90114],[107.33341,20.90114]]],[[[107.37956,20.90114],[107.37883,20.90114],[107.37809,20.90114],[107.37736,20.90114],[107.37809,20.90114],[107.37956,20.90114]]],[[[107.02649,20.90263],[107.02649,20.90114],[107.02722,20.90114],[107.02649,20.90114],[107.02575,20.90114],[107.02575,20.90263],[107.02649,20.90263]]],[[[107.17372,20.90263],[107.17372,20.90114],[107.17372,20.89966],[107.17299,20.89966],[107.17299,20.90114],[107.17299,20.90263],[107.17372,20.90263]]],[[[107.01477,20.90263],[107.0155,20.89521],[107.01257,20.89521],[107.01403,20.90114],[107.01184,20.90263],[107.01477,20.90263]]],[[[107.34879,20.90263],[107.34879,20.90114],[107.34806,20.90114],[107.34733,20.90114],[107.34733,20.90263],[107.34806,20.90263],[107.34879,20.90263],[107.34953,20.90263],[107.34879,20.90263]]],[[[107.13929,20.90263],[107.14076,20.90114],[107.13783,20.90114],[107.13929,20.90263]]],[[[107.14296,20.90263],[107.14369,20.90263],[107.14369,20.90114],[107.14149,20.90114],[107.14149,20.90263],[107.14222,20.90263],[107.14296,20.90263]]],[[[107.30631,20.90411],[107.30631,20.90263],[107.30484,20.90263],[107.30484,20.90411],[107.30631,20.90411]]],[[[106.97155,20.90263],[106.96935,20.89669],[106.96715,20.90263],[106.97155,20.90263]]],[[[107.1664,20.90411],[107.17006,20.89669],[107.162,20.89669],[107.1642,20.90411],[107.1664,20.90411]]],[[[107.33048,20.90411],[107.33121,20.90411],[107.33121,20.90114],[107.33048,20.90114],[107.33048,20.90263],[107.32975,20.90263],[107.32975,20.90411],[107.33048,20.90411]]],[[[107.15175,20.90559],[107.15175,20.90114],[107.14955,20.90114],[107.14955,20.90559],[107.15175,20.90559]]],[[[107.28799,20.90559],[107.29166,20.90411],[107.29166,20.90114],[107.28433,20.90411],[107.28799,20.90559]]],[[[107.34074,20.90559],[107.34586,20.90263],[107.34074,20.90114],[107.33854,20.90411],[107.34074,20.90559]]],[[[106.7745,20.90707],[106.78549,20.90559],[106.78476,20.89373],[106.79281,20.89076],[106.79355,20.88038],[106.80966,20.87296],[106.81992,20.86407],[106.81625,20.85368],[106.82138,20.84923],[106.82871,20.84775],[106.83017,20.84182],[106.79501,20.84923],[106.78329,20.84034],[106.76864,20.85072],[106.75912,20.86851],[106.75692,20.88186],[106.7745,20.90707]]],[[[107.01037,20.90856],[107.0133,20.90856],[107.01403,20.90411],[107.00964,20.90411],[107.01037,20.90856]]],[[[107.32096,20.90856],[107.32169,20.90856],[107.32242,20.90856],[107.32242,20.90707],[107.32316,20.90707],[107.32242,20.90707],[107.32316,20.90707],[107.32316,20.90559],[107.32389,20.90559],[107.32462,20.90559],[107.32462,20.90411],[107.32535,20.90411],[107.32535,20.90263],[107.32609,20.90263],[107.32682,20.90263],[107.32682,20.90114],[107.32462,20.90114],[107.32462,20.90263],[107.32389,20.90263],[107.32389,20.90411],[107.32316,20.90411],[107.32316,20.90559],[107.32242,20.90559],[107.32169,20.90559],[107.32169,20.90707],[107.32096,20.90707],[107.32023,20.90707],[107.32023,20.90856],[107.31949,20.90856],[107.32096,20.90856]]],[[[107.12464,20.91004],[107.12538,20.91004],[107.12538,20.90856],[107.12464,20.90856],[107.12391,20.90856],[107.12391,20.91004],[107.12318,20.91004],[107.12464,20.91004]]],[[[106.87339,20.90559],[106.87339,20.90707],[106.87412,20.90707],[106.87339,20.90856],[106.87412,20.90856],[106.87339,20.90856],[106.87339,20.91004],[106.87412,20.91004],[106.87486,20.91004],[106.87486,20.90856],[106.87559,20.90707],[106.87486,20.90707],[106.87412,20.90559],[106.87339,20.90559]]],[[[107.14076,20.91152],[107.14296,20.90856],[107.13929,20.90707],[107.14076,20.91152]]],[[[107.10926,20.91152],[107.10999,20.90411],[107.10633,20.90411],[107.10853,20.90707],[107.10706,20.91152],[107.10926,20.91152]]],[[[107.29605,20.91152],[107.29459,20.90856],[107.29386,20.91152],[107.29605,20.91152]]],[[[107.11366,20.91301],[107.11512,20.91004],[107.11878,20.91004],[107.11952,20.90411],[107.11512,20.91004],[107.11219,20.90856],[107.11366,20.91301]]],[[[107.12831,20.91449],[107.12904,20.91004],[107.12538,20.90707],[107.12831,20.91449]]],[[[107.25943,20.91449],[107.26382,20.91301],[107.26529,20.90856],[107.25796,20.91004],[107.25943,20.91449]]],[[[107.1034,20.91449],[107.10487,20.91152],[107.1012,20.91152],[107.1034,20.91449]]],[[[107.12245,20.91449],[107.12318,20.91449],[107.12318,20.91301],[107.12391,20.91301],[107.12318,20.91301],[107.12245,20.91301],[107.12171,20.91301],[107.12171,20.91449],[107.12245,20.91449]]],[[[107.01843,20.91449],[107.02063,20.90856],[107.02063,20.91301],[107.02282,20.91301],[107.02356,20.89818],[107.02136,20.89818],[107.02282,20.90263],[107.01989,20.89966],[107.01989,20.90559],[107.01477,20.90559],[107.0155,20.91004],[107.0177,20.90707],[107.01989,20.90856],[107.01623,20.91152],[107.01843,20.91449]]],[[[107.51801,20.91449],[107.50995,20.89818],[107.50409,20.89224],[107.49969,20.89521],[107.49237,20.89373],[107.49017,20.89669],[107.48211,20.89373],[107.47625,20.89521],[107.47991,20.90114],[107.49163,20.90114],[107.49237,20.90559],[107.50702,20.91152],[107.50848,20.91449],[107.51801,20.91449]]],[[[107.11439,20.91597],[107.11439,20.91449],[107.11512,20.91449],[107.11366,20.91449],[107.11292,20.91449],[107.11366,20.91449],[107.11366,20.91597],[107.11439,20.91597]]],[[[107.3715,20.91746],[107.3715,20.91301],[107.36271,20.91301],[107.36125,20.91597],[107.3715,20.91746]]],[[[107.11659,20.91894],[107.11952,20.91746],[107.11878,20.91449],[107.11659,20.91894]]],[[[107.15101,20.91894],[107.14882,20.91152],[107.15321,20.91301],[107.15541,20.90707],[107.14589,20.91301],[107.14735,20.91746],[107.15101,20.91894]]],[[[107.09827,20.91894],[107.09901,20.91597],[107.09534,20.91746],[107.09827,20.91894]]],[[[106.77816,20.91894],[106.78476,20.91301],[106.78476,20.90707],[106.7767,20.90707],[106.7745,20.91449],[106.77816,20.91894]]],[[[107.30411,20.92042],[107.30631,20.91152],[107.30265,20.91301],[107.29825,20.91004],[107.30411,20.92042]]],[[[107.15907,20.92042],[107.15907,20.91746],[107.15541,20.91746],[107.15541,20.92042],[107.15907,20.92042]]],[[[107.30704,20.92042],[107.31437,20.91449],[107.31949,20.90263],[107.32023,20.89076],[107.32462,20.88483],[107.32389,20.88186],[107.32023,20.88186],[107.32023,20.8789],[107.32462,20.87741],[107.32389,20.87148],[107.31803,20.87296],[107.29825,20.89224],[107.29019,20.90707],[107.29239,20.90856],[107.30851,20.89669],[107.30851,20.90559],[107.30558,20.90707],[107.30924,20.91152],[107.30704,20.92042]]],[[[107.10999,20.92339],[107.11146,20.91301],[107.10487,20.91597],[107.1056,20.91894],[107.10853,20.91597],[107.10999,20.92339]]],[[[107.1664,20.92339],[107.16566,20.92339],[107.16566,20.92191],[107.1664,20.92191],[107.16713,20.92191],[107.16713,20.92042],[107.1664,20.92042],[107.1664,20.91894],[107.16493,20.91894],[107.16493,20.92042],[107.1642,20.92042],[107.1642,20.92191],[107.16493,20.92191],[107.16493,20.92339],[107.1664,20.92339]]],[[[106.87486,20.91597],[106.87412,20.91597],[106.87339,20.91746],[106.87412,20.91746],[106.87339,20.91894],[106.87412,20.91894],[106.87339,20.92042],[106.87339,20.92191],[106.87339,20.92339],[106.87412,20.92339],[106.87486,20.92487],[106.87486,20.92339],[106.87486,20.92191],[106.87559,20.92042],[106.87559,20.91894],[106.87559,20.91746],[106.87559,20.91597],[106.87486,20.91597]]],[[[106.87852,20.92191],[106.87632,20.92191],[106.87705,20.92487],[106.87852,20.92191]]],[[[107.10194,20.92487],[107.09974,20.91894],[107.09827,20.92191],[107.10194,20.92487]]],[[[107.18105,20.92487],[107.18325,20.92191],[107.17958,20.92191],[107.18105,20.92487]]],[[[107.09315,20.92487],[107.09315,20.92339],[107.09315,20.92191],[107.09315,20.92042],[107.09315,20.92191],[107.09241,20.92191],[107.09241,20.92042],[107.09241,20.92191],[107.09168,20.92191],[107.09168,20.92339],[107.09241,20.92339],[107.09241,20.92487],[107.09315,20.92487]]],[[[107.14735,20.92487],[107.14882,20.92042],[107.14662,20.92042],[107.14735,20.92487]]],[[[107.12098,20.92636],[107.12098,20.92487],[107.12098,20.92339],[107.12025,20.92339],[107.11952,20.92339],[107.11952,20.92487],[107.12025,20.92487],[107.12025,20.92636],[107.12098,20.92636]]],[[[107.18837,20.92636],[107.18911,20.92636],[107.18911,20.92487],[107.18837,20.92487],[107.18764,20.92487],[107.18691,20.92487],[107.18691,20.92636],[107.18764,20.92636],[107.18837,20.92636]]],[[[107.08655,20.92636],[107.08802,20.92191],[107.08509,20.92191],[107.08655,20.92636]]],[[[107.12538,20.92636],[107.12684,20.92339],[107.1305,20.92636],[107.1305,20.92339],[107.12611,20.92191],[107.12538,20.92636]]],[[[107.32023,20.92784],[107.34367,20.92191],[107.34953,20.91449],[107.34074,20.91301],[107.33927,20.91597],[107.32096,20.91894],[107.32169,20.92191],[107.3107,20.92191],[107.31437,20.92784],[107.32023,20.92784]]],[[[107.3986,20.92784],[107.3986,20.92487],[107.39567,20.92487],[107.39494,20.92784],[107.3986,20.92784]]],[[[106.88438,20.92932],[106.88511,20.92784],[106.88511,20.92636],[106.88438,20.92487],[106.88365,20.92487],[106.88365,20.92636],[106.88291,20.92636],[106.88365,20.92784],[106.88365,20.92932],[106.88438,20.92932]]],[[[107.11732,20.92932],[107.11732,20.92784],[107.11805,20.92784],[107.11732,20.92784],[107.11659,20.92784],[107.11659,20.92932],[107.11732,20.92932]]],[[[107.08289,20.92932],[107.08289,20.92784],[107.08216,20.92784],[107.08143,20.92784],[107.08143,20.92932],[107.08069,20.92932],[107.08216,20.92932],[107.08289,20.92932]]],[[[107.28213,20.92932],[107.28287,20.92932],[107.28287,20.92784],[107.2836,20.92784],[107.28433,20.92784],[107.2836,20.92784],[107.28287,20.92784],[107.28213,20.92784],[107.2814,20.92784],[107.2814,20.92932],[107.28067,20.92932],[107.28213,20.92932]]],[[[107.43596,20.92932],[107.4301,20.92487],[107.43157,20.92932],[107.43596,20.92932]]],[[[106.79574,20.93229],[106.806,20.93229],[106.81332,20.92487],[106.82504,20.92339],[106.82871,20.92042],[106.8309,20.91152],[106.84702,20.90114],[106.84262,20.88928],[106.84482,20.88186],[106.84922,20.87741],[106.85361,20.86407],[106.8646,20.85665],[106.869,20.84182],[106.86826,20.83144],[106.84555,20.81957],[106.84043,20.81957],[106.83017,20.82995],[106.83237,20.84627],[106.82871,20.85072],[106.81772,20.85368],[106.82285,20.8611],[106.82211,20.86555],[106.80673,20.87741],[106.79648,20.88038],[106.79501,20.89076],[106.78549,20.89521],[106.78695,20.91152],[106.77816,20.92339],[106.7767,20.93229],[106.79574,20.93229]]],[[[107.44036,20.93377],[107.44036,20.93229],[107.44109,20.93229],[107.44036,20.93229],[107.44036,20.9308],[107.43963,20.9308],[107.43889,20.9308],[107.43889,20.93229],[107.43963,20.93229],[107.43963,20.93377],[107.44036,20.93377]]],[[[107.1078,20.93377],[107.10999,20.92784],[107.10633,20.92784],[107.1078,20.93377]]],[[[107.1349,20.93377],[107.13783,20.93377],[107.1371,20.9308],[107.13929,20.93229],[107.13929,20.92784],[107.1327,20.92932],[107.13343,20.92636],[107.12904,20.92636],[107.12904,20.92932],[107.13417,20.9308],[107.1349,20.93377]]],[[[107.39494,20.93377],[107.39567,20.93377],[107.39567,20.93229],[107.39494,20.93229],[107.39494,20.93377],[107.39421,20.93377],[107.39494,20.93377]]],[[[107.20229,20.93525],[107.20376,20.93229],[107.20156,20.93229],[107.20229,20.93525]]],[[[107.1034,20.93674],[107.1056,20.93229],[107.10267,20.93525],[107.10047,20.92784],[107.09974,20.93229],[107.09608,20.92932],[107.09827,20.93525],[107.10047,20.93377],[107.1034,20.93674]]],[[[107.38615,20.93674],[107.38615,20.93525],[107.38615,20.93377],[107.38542,20.93377],[107.38542,20.93674],[107.38615,20.93674]]],[[[107.11146,20.93674],[107.11219,20.93674],[107.11292,20.93674],[107.11292,20.93525],[107.11219,20.93525],[107.11146,20.93525],[107.11073,20.93525],[107.11073,20.93674],[107.11146,20.93674]]],[[[107.08069,20.93822],[107.08069,20.93377],[107.07776,20.93377],[107.07703,20.93674],[107.07996,20.93377],[107.08069,20.93822]]],[[[107.1012,20.93822],[107.10047,20.93525],[107.09901,20.93822],[107.1012,20.93822]]],[[[106.99206,20.9397],[106.99572,20.93229],[106.99059,20.92784],[106.98986,20.91894],[106.98693,20.91894],[106.97741,20.92487],[106.9818,20.92636],[106.98034,20.92932],[106.97668,20.92932],[106.97301,20.93674],[106.98107,20.9397],[106.98766,20.93525],[106.99206,20.9397]]],[[[107.07776,20.9397],[107.07776,20.93822],[107.07703,20.93822],[107.07776,20.93822],[107.07776,20.93674],[107.07703,20.93674],[107.0763,20.93674],[107.0763,20.93822],[107.07703,20.93822],[107.07703,20.9397],[107.07776,20.9397]]],[[[107.09901,20.94119],[107.09974,20.94119],[107.09974,20.9397],[107.10047,20.9397],[107.09974,20.9397],[107.09974,20.93822],[107.09974,20.9397],[107.09901,20.9397],[107.09901,20.94119]]],[[[107.07996,20.94119],[107.08216,20.93822],[107.0785,20.9397],[107.07996,20.94119]]],[[[107.09534,20.94267],[107.09608,20.94267],[107.09681,20.94267],[107.09681,20.94119],[107.09754,20.94119],[107.09754,20.9397],[107.09681,20.9397],[107.09608,20.9397],[107.09608,20.94119],[107.09681,20.94119],[107.09608,20.94119],[107.09534,20.94119],[107.09534,20.94267]]],[[[107.08655,20.94267],[107.08362,20.93822],[107.08289,20.94119],[107.08655,20.94267]]],[[[107.02502,20.94267],[107.02649,20.9397],[107.02429,20.9397],[107.02502,20.94267]]],[[[107.27188,20.94415],[107.27481,20.94119],[107.27334,20.9397],[107.27847,20.93822],[107.27774,20.93525],[107.27115,20.9397],[107.27188,20.94415]]],[[[107.09534,20.94267],[107.09095,20.94267],[107.09388,20.94564],[107.09534,20.94267]]],[[[107.29019,20.94712],[107.29166,20.94415],[107.29532,20.94415],[107.29825,20.93822],[107.29459,20.93674],[107.29605,20.9397],[107.29166,20.9397],[107.29166,20.93525],[107.28653,20.93525],[107.28799,20.93822],[107.28433,20.93822],[107.2836,20.94267],[107.29092,20.9397],[107.28873,20.94119],[107.29019,20.94712]]],[[[107.08436,20.94712],[107.08509,20.94712],[107.08582,20.94712],[107.08582,20.94564],[107.08509,20.94564],[107.08509,20.94415],[107.08436,20.94415],[107.08436,20.94564],[107.08509,20.94564],[107.08509,20.94712],[107.08509,20.94564],[107.08362,20.94564],[107.08289,20.94564],[107.08289,20.94712],[107.08362,20.94712],[107.08436,20.94712]]],[[[107.26529,20.9486],[107.26602,20.94564],[107.26309,20.94564],[107.26529,20.9486]]],[[[107.41545,20.95008],[107.41545,20.9486],[107.41472,20.9486],[107.41399,20.9486],[107.41399,20.95008],[107.41472,20.95008],[107.41545,20.95008]]],[[[106.94957,20.95008],[106.95763,20.9486],[106.9591,20.94267],[106.95104,20.94267],[106.94225,20.9486],[106.94957,20.95008]]],[[[107.39274,20.95008],[107.39348,20.95008],[107.39494,20.95008],[107.39494,20.9486],[107.39421,20.9486],[107.39348,20.9486],[107.39274,20.9486],[107.39201,20.9486],[107.39201,20.95008],[107.39274,20.95008]]],[[[107.38908,20.95008],[107.39274,20.9486],[107.39494,20.93822],[107.39787,20.9397],[107.3986,20.93674],[107.39128,20.93674],[107.38981,20.9397],[107.39201,20.94267],[107.37956,20.93822],[107.38395,20.94712],[107.38835,20.94712],[107.38908,20.95008]]],[[[107.27041,20.95008],[107.26675,20.94712],[107.26748,20.95008],[107.27041,20.95008]]],[[[107.27261,20.95008],[107.27334,20.95008],[107.27408,20.95008],[107.27481,20.95008],[107.27481,20.9486],[107.27554,20.9486],[107.27481,20.9486],[107.27481,20.94712],[107.27408,20.94712],[107.27334,20.94712],[107.27261,20.94712],[107.27261,20.9486],[107.27188,20.9486],[107.27188,20.95008],[107.27261,20.95008]]],[[[107.32755,20.95157],[107.33634,20.9486],[107.32609,20.94712],[107.32462,20.95008],[107.32755,20.95157]]],[[[107.26089,20.95157],[107.26236,20.9486],[107.25576,20.9486],[107.25723,20.95157],[107.26089,20.95157]]],[[[107.23379,20.95305],[107.23525,20.95157],[107.23232,20.95157],[107.23379,20.95305]]],[[[106.90342,20.95453],[106.91588,20.9486],[106.91954,20.94267],[106.92906,20.93674],[106.92247,20.92932],[106.92467,20.92784],[106.92979,20.93229],[106.93199,20.92784],[106.93272,20.92191],[106.92833,20.91597],[106.94005,20.92042],[106.94078,20.91597],[106.94664,20.91449],[106.94884,20.91894],[106.95177,20.91894],[106.94591,20.91152],[106.94591,20.90856],[106.9503,20.90707],[106.90635,20.90856],[106.90049,20.90263],[106.8961,20.90263],[106.8961,20.91449],[106.89976,20.91301],[106.89976,20.90856],[106.90635,20.91746],[106.91002,20.91301],[106.91514,20.91597],[106.91661,20.92042],[106.92247,20.92191],[106.91954,20.92339],[106.91368,20.91746],[106.90635,20.92042],[106.90269,20.91894],[106.90269,20.91597],[106.89537,20.91597],[106.88804,20.92191],[106.88658,20.9308],[106.88877,20.9308],[106.89097,20.92191],[106.89244,20.9308],[106.8983,20.93674],[106.89537,20.93229],[106.88584,20.93377],[106.89024,20.94712],[106.88804,20.95008],[106.89097,20.95305],[106.89976,20.95157],[106.90342,20.95453]]],[[[107.21987,20.95453],[107.21987,20.95305],[107.2206,20.95305],[107.21987,20.95305],[107.21987,20.95157],[107.21914,20.95157],[107.21841,20.95157],[107.21841,20.95305],[107.21841,20.95453],[107.21987,20.95453]]],[[[107.33121,20.95453],[107.33195,20.95157],[107.32902,20.95157],[107.33121,20.95453]]],[[[106.92979,20.95453],[106.94444,20.94415],[106.94811,20.94415],[106.95177,20.93822],[106.94005,20.93377],[106.9254,20.94267],[106.9254,20.95157],[106.92979,20.95453]]],[[[107.23379,20.95453],[107.23452,20.95453],[107.23452,20.95305],[107.23379,20.95305],[107.23379,20.95453],[107.23306,20.95453],[107.23379,20.95453]]],[[[107.24624,20.95453],[107.25064,20.95305],[107.24771,20.95305],[107.24771,20.95008],[107.24185,20.95008],[107.24111,20.95305],[107.24624,20.95157],[107.24624,20.95453]]],[[[107.38981,20.95453],[107.38981,20.95305],[107.38908,20.95305],[107.38762,20.95305],[107.38762,20.95453],[107.38835,20.95453],[107.38981,20.95453]]],[[[107.39348,20.95602],[107.39494,20.95157],[107.39128,20.95157],[107.39348,20.95602]]],[[[107.24331,20.95602],[107.24331,20.95453],[107.24258,20.95453],[107.24258,20.95305],[107.24185,20.95305],[107.24185,20.95453],[107.24258,20.95453],[107.24258,20.95602],[107.24331,20.95602]]],[[[107.23672,20.9575],[107.23745,20.95453],[107.23525,20.95453],[107.23672,20.9575]]],[[[107.35319,20.9575],[107.35319,20.95453],[107.34953,20.95305],[107.35319,20.9575]]],[[[107.23232,20.9575],[107.23306,20.9575],[107.23306,20.95602],[107.23232,20.95602],[107.23159,20.95602],[107.23159,20.9575],[107.23232,20.9575]]],[[[107.29972,20.9575],[107.30265,20.9575],[107.30484,20.95305],[107.30851,20.95305],[107.30851,20.9575],[107.3107,20.95157],[107.30484,20.95157],[107.30265,20.9486],[107.30265,20.95305],[107.29679,20.95453],[107.29679,20.9575],[107.29972,20.9575]]],[[[107.33634,20.95898],[107.33707,20.95602],[107.33488,20.9575],[107.33268,20.95453],[107.33268,20.95898],[107.33634,20.95898]]],[[[107.29092,20.95898],[107.28946,20.95453],[107.2814,20.95453],[107.28287,20.9575],[107.28726,20.95602],[107.29092,20.95898]]],[[[107.29312,20.95898],[107.29532,20.95453],[107.29239,20.95602],[107.29312,20.95898]]],[[[106.92247,20.95305],[106.92174,20.95305],[106.92174,20.95453],[106.92174,20.95602],[106.92174,20.9575],[106.92174,20.95898],[106.92174,20.96047],[106.92247,20.96047],[106.92247,20.95898],[106.9232,20.9575],[106.92393,20.95602],[106.92393,20.95453],[106.9232,20.95453],[106.92247,20.95453],[106.92247,20.95305]]],[[[107.23745,20.96195],[107.23818,20.96195],[107.23818,20.96047],[107.23892,20.96047],[107.23818,20.96047],[107.23672,20.96047],[107.23672,20.96195],[107.23745,20.96195]]],[[[107.36857,20.96492],[107.3693,20.96492],[107.3693,20.96343],[107.36857,20.96343],[107.36784,20.96343],[107.36784,20.96195],[107.36637,20.96195],[107.36637,20.96343],[107.36711,20.96343],[107.36711,20.96492],[107.36784,20.96492],[107.36857,20.96492]]],[[[107.3715,20.96492],[107.37223,20.96492],[107.3715,20.96492],[107.3715,20.96343],[107.37077,20.96343],[107.37077,20.96195],[107.37004,20.96195],[107.37004,20.96343],[107.37004,20.96492],[107.37077,20.96492],[107.3715,20.96492]]],[[[107.22573,20.9664],[107.22573,20.96492],[107.22427,20.96492],[107.22427,20.9664],[107.22573,20.9664]]],[[[107.34879,20.9664],[107.34879,20.96492],[107.34806,20.96492],[107.34733,20.96492],[107.34733,20.9664],[107.34806,20.9664],[107.34879,20.9664]]],[[[107.38762,20.9664],[107.38395,20.9575],[107.38615,20.96195],[107.39128,20.96047],[107.38688,20.9575],[107.38542,20.95008],[107.35758,20.92636],[107.34,20.92487],[107.33634,20.92784],[107.31656,20.9308],[107.30924,20.93674],[107.31217,20.94267],[107.32169,20.9397],[107.32902,20.94415],[107.34074,20.94415],[107.33927,20.9397],[107.3444,20.9397],[107.34293,20.93674],[107.3466,20.93674],[107.34806,20.94267],[107.35246,20.94119],[107.35685,20.94564],[107.36491,20.94712],[107.3737,20.96047],[107.37956,20.96047],[107.38762,20.9664]]],[[[107.36711,20.9664],[107.36784,20.9664],[107.36711,20.9664],[107.36711,20.96492],[107.36637,20.96492],[107.36491,20.96492],[107.36418,20.96492],[107.36418,20.9664],[107.36491,20.9664],[107.36564,20.9664],[107.36637,20.9664],[107.36711,20.9664]]],[[[107.43596,20.9664],[107.43377,20.96195],[107.42937,20.96047],[107.43157,20.9664],[107.43596,20.9664]]],[[[107.22134,20.96788],[107.22134,20.9664],[107.21987,20.9664],[107.21987,20.96788],[107.22134,20.96788]]],[[[107.26382,20.96936],[107.26382,20.96788],[107.26455,20.96788],[107.26382,20.96788],[107.26382,20.9664],[107.26309,20.9664],[107.26236,20.9664],[107.26236,20.96788],[107.26236,20.96936],[107.26382,20.96936]]],[[[107.55683,20.96936],[107.55903,20.96936],[107.55976,20.96492],[107.55243,20.95602],[107.55097,20.94564],[107.55317,20.94119],[107.55903,20.94267],[107.5561,20.93525],[107.56196,20.93377],[107.5495,20.92339],[107.54291,20.92339],[107.53266,20.91152],[107.53192,20.90707],[107.52826,20.90856],[107.5246,20.90559],[107.51874,20.89521],[107.51947,20.88335],[107.50482,20.87593],[107.50042,20.86851],[107.49456,20.86555],[107.49237,20.85962],[107.49383,20.84923],[107.48431,20.82995],[107.48284,20.82106],[107.47918,20.81661],[107.46966,20.81364],[107.46819,20.81957],[107.47112,20.82106],[107.47112,20.82699],[107.48065,20.83885],[107.48358,20.85962],[107.4887,20.86258],[107.48504,20.87445],[107.47698,20.87593],[107.47845,20.8789],[107.47479,20.88038],[107.47479,20.88779],[107.48358,20.88928],[107.48944,20.88483],[107.49237,20.88779],[107.50995,20.88779],[107.52094,20.92042],[107.52606,20.92487],[107.53046,20.92487],[107.5268,20.91746],[107.53266,20.91894],[107.53925,20.92932],[107.53852,20.93377],[107.53559,20.93377],[107.53632,20.93822],[107.54804,20.95157],[107.55243,20.96195],[107.55463,20.96195],[107.5539,20.96788],[107.55683,20.96936]]],[[[107.3715,20.96936],[107.36857,20.96492],[107.3693,20.96936],[107.3715,20.96936]]],[[[106.89097,20.96936],[106.90196,20.96343],[106.91661,20.96343],[106.91807,20.95305],[106.89756,20.9575],[106.8939,20.9664],[106.88951,20.96788],[106.89097,20.96936]]],[[[107.23232,20.97085],[107.23525,20.9664],[107.23306,20.96788],[107.22793,20.96343],[107.23232,20.97085]]],[[[107.45135,20.97085],[107.45501,20.9664],[107.44768,20.94415],[107.43596,20.93674],[107.43303,20.9308],[107.42351,20.92487],[107.41985,20.91894],[107.41326,20.91894],[107.40447,20.91152],[107.40153,20.91449],[107.38688,20.90559],[107.3715,20.90263],[107.37736,20.89669],[107.36564,20.89669],[107.36344,20.89966],[107.36198,20.89818],[107.36271,20.90114],[107.35685,20.90114],[107.36051,20.89669],[107.35905,20.89521],[107.35319,20.89818],[107.35246,20.90263],[107.34367,20.90559],[107.36711,20.90856],[107.38322,20.91597],[107.39494,20.91597],[107.4074,20.92042],[107.41765,20.93377],[107.42131,20.94267],[107.41985,20.9486],[107.42571,20.94712],[107.4323,20.9575],[107.45135,20.97085]]],[[[107.30704,20.97085],[107.3129,20.96343],[107.30924,20.96047],[107.3151,20.96195],[107.31437,20.9575],[107.30558,20.9575],[107.30411,20.96343],[107.29898,20.96195],[107.30704,20.97085]]],[[[107.46673,20.97085],[107.46673,20.96936],[107.466,20.96936],[107.46526,20.96936],[107.46453,20.96936],[107.46453,20.97085],[107.46526,20.97085],[107.46673,20.97085]]],[[[107.43963,20.97233],[107.43963,20.97085],[107.43963,20.96936],[107.43889,20.96936],[107.43889,20.97085],[107.43816,20.97085],[107.43816,20.97233],[107.43963,20.97233]]],[[[107.36125,20.97233],[107.36125,20.96788],[107.35685,20.96936],[107.36125,20.97233]]],[[[106.87632,20.97085],[106.88072,20.9664],[106.87632,20.96788],[106.87486,20.97233],[106.87632,20.97085]]],[[[107.44768,20.97381],[107.44842,20.97085],[107.44475,20.96788],[107.44475,20.97233],[107.44768,20.97381]]],[[[107.26822,20.97381],[107.26895,20.97381],[107.26895,20.97233],[107.26822,20.97233],[107.26748,20.97233],[107.26748,20.97381],[107.26675,20.97381],[107.26822,20.97381]]],[[[107.28653,20.97381],[107.28653,20.97233],[107.2858,20.97233],[107.28506,20.97233],[107.28506,20.97381],[107.28433,20.97381],[107.28653,20.97381]]],[[[107.39787,20.97381],[107.3986,20.97381],[107.3986,20.97233],[107.39934,20.97233],[107.3986,20.97233],[107.3986,20.97085],[107.39787,20.97085],[107.39714,20.97085],[107.39714,20.97233],[107.39641,20.97233],[107.39641,20.97381],[107.39787,20.97381]]],[[[107.44988,20.97381],[107.44988,20.97233],[107.44915,20.97233],[107.44842,20.97233],[107.44842,20.97381],[107.44988,20.97381]]],[[[107.32535,20.9753],[107.32535,20.97085],[107.32242,20.97085],[107.32535,20.9753]]],[[[106.88365,20.9753],[106.88804,20.96936],[106.88218,20.9664],[106.88365,20.9753]]],[[[107.22646,20.9753],[107.23306,20.97381],[107.23013,20.97233],[107.23086,20.96936],[107.22793,20.97085],[107.22793,20.96788],[107.22427,20.97085],[107.22646,20.9753]]],[[[107.23965,20.9753],[107.24258,20.96936],[107.23892,20.96936],[107.23965,20.9753]]],[[[107.3107,20.9753],[107.31144,20.97233],[107.30924,20.97233],[107.30851,20.9753],[107.3107,20.9753]]],[[[107.43377,20.9753],[107.43084,20.97085],[107.4301,20.97381],[107.43377,20.9753]]],[[[107.26236,20.97678],[107.26236,20.9753],[107.26089,20.9753],[107.26089,20.97678],[107.26236,20.97678]]],[[[107.23306,20.97678],[107.23379,20.97678],[107.23452,20.97678],[107.23452,20.9753],[107.23525,20.9753],[107.23452,20.9753],[107.23452,20.97381],[107.23379,20.97381],[107.23379,20.9753],[107.23306,20.9753],[107.23232,20.9753],[107.23232,20.97678],[107.23159,20.97678],[107.23232,20.97678],[107.23306,20.97678]]],[[[107.47625,20.97826],[107.48065,20.9753],[107.48211,20.96788],[107.47259,20.95305],[107.4616,20.94564],[107.45794,20.9397],[107.45208,20.93822],[107.45061,20.93377],[107.44256,20.93229],[107.44402,20.93674],[107.44768,20.93674],[107.45721,20.94712],[107.45794,20.95602],[107.4616,20.9575],[107.46453,20.9664],[107.46893,20.9664],[107.46746,20.96936],[107.47039,20.9753],[107.47625,20.97826]]],[[[107.37809,20.97826],[107.37883,20.9753],[107.37443,20.9753],[107.3737,20.97826],[107.37809,20.97826]]],[[[106.87266,20.97826],[106.87925,20.97826],[106.88218,20.97085],[106.87779,20.97085],[106.87852,20.9753],[106.87632,20.97381],[106.87266,20.97826]]],[[[107.41545,20.97975],[107.42058,20.9753],[107.41692,20.97381],[107.41765,20.97678],[107.41399,20.97678],[107.41545,20.97975]]],[[[107.41838,20.97975],[107.41838,20.97826],[107.41912,20.97826],[107.41765,20.97826],[107.41765,20.97975],[107.41838,20.97975]]],[[[107.7905,20.97975],[107.7927,20.97381],[107.78537,20.97233],[107.78391,20.97975],[107.78757,20.97678],[107.7905,20.97975]]],[[[107.28287,20.97975],[107.28799,20.97826],[107.28799,20.9753],[107.28506,20.97678],[107.28213,20.97381],[107.28287,20.97975]]],[[[107.29605,20.98123],[107.29679,20.97826],[107.28873,20.97826],[107.29605,20.98123]]],[[[107.0719,20.98123],[107.07557,20.97826],[107.07264,20.97085],[107.06824,20.97678],[107.06897,20.98123],[107.0719,20.98123]]],[[[107.24624,20.98123],[107.24697,20.98123],[107.24697,20.97975],[107.24771,20.97975],[107.24697,20.97975],[107.24624,20.97975],[107.24624,20.98123]]],[[[107.27481,20.98271],[107.27481,20.98123],[107.27408,20.98123],[107.27481,20.98123],[107.27408,20.98123],[107.27408,20.97975],[107.27334,20.97975],[107.27334,20.98123],[107.27408,20.98123],[107.27408,20.98271],[107.27481,20.98271]]],[[[107.26529,20.98271],[107.27115,20.98271],[107.27041,20.97826],[107.27261,20.97975],[107.27481,20.9753],[107.26895,20.9753],[107.26895,20.97975],[107.26602,20.97678],[107.26529,20.98271]]],[[[107.30924,20.98271],[107.30997,20.98271],[107.30997,20.98123],[107.30924,20.98123],[107.30851,20.98123],[107.30851,20.98271],[107.30777,20.98271],[107.30924,20.98271]]],[[[107.40666,20.98271],[107.40813,20.97678],[107.403,20.9753],[107.40153,20.97826],[107.40666,20.98271]]],[[[107.41472,20.98271],[107.41619,20.98123],[107.41326,20.98123],[107.41472,20.98271]]],[[[107.38322,20.9842],[107.38688,20.98271],[107.38615,20.97975],[107.38029,20.98123],[107.38322,20.9842]]],[[[107.31876,20.9842],[107.32462,20.97975],[107.31583,20.97975],[107.31876,20.9842]]],[[[107.43743,20.9842],[107.44256,20.98271],[107.44402,20.9753],[107.43523,20.97678],[107.43743,20.9842]]],[[[107.47186,20.9842],[107.47479,20.98271],[107.47479,20.97826],[107.46966,20.9753],[107.47186,20.97826],[107.46966,20.97975],[107.466,20.97678],[107.46673,20.98123],[107.46966,20.97975],[107.47186,20.9842]]],[[[107.34367,20.98568],[107.34513,20.98271],[107.34293,20.98271],[107.34367,20.98568]]],[[[107.31363,20.98716],[107.31144,20.98271],[107.30997,20.98568],[107.31363,20.98716]]],[[[107.27847,20.98716],[107.28067,20.98123],[107.27408,20.9842],[107.27408,20.98716],[107.27847,20.98716]]],[[[107.34953,20.98716],[107.35172,20.9842],[107.34879,20.9842],[107.34953,20.98716]]],[[[107.35539,20.98716],[107.35539,20.98568],[107.35612,20.98568],[107.35539,20.98568],[107.35465,20.98568],[107.35465,20.98716],[107.35539,20.98716]]],[[[107.34074,20.98716],[107.34147,20.98716],[107.3422,20.98716],[107.3422,20.98568],[107.34147,20.98568],[107.34074,20.98568],[107.34074,20.98716]]],[[[107.24771,20.98716],[107.2499,20.9842],[107.25503,20.98568],[107.25723,20.98123],[107.24917,20.98123],[107.24771,20.98716]]],[[[107.38981,20.98864],[107.38908,20.9842],[107.38688,20.98716],[107.38981,20.98864]]],[[[107.80149,20.98864],[107.80295,20.98271],[107.79709,20.9842],[107.80149,20.98864]]],[[[107.41106,20.98864],[107.41399,20.98568],[107.41033,20.98568],[107.41106,20.98864]]],[[[107.3466,20.98864],[107.3466,20.98568],[107.34367,20.98568],[107.3466,20.98864]]],[[[107.25357,20.99013],[107.25503,20.98568],[107.2521,20.98864],[107.25357,20.99013]]],[[[107.24551,20.99013],[107.24624,20.99013],[107.24697,20.99013],[107.24697,20.98864],[107.24771,20.98864],[107.24697,20.98864],[107.24624,20.98864],[107.24551,20.98864],[107.24551,20.99013],[107.24404,20.99013],[107.24551,20.99013]]],[[[107.41545,20.99013],[107.41619,20.98568],[107.41326,20.98864],[107.41545,20.99013]]],[[[107.2565,20.99161],[107.25723,20.99161],[107.25576,20.99161],[107.25576,20.99013],[107.25503,20.99013],[107.2543,20.99013],[107.2543,20.99161],[107.25503,20.99161],[107.2565,20.99161]]],[[[107.35978,20.99161],[107.36271,20.99013],[107.36051,20.98716],[107.35685,20.98864],[107.35978,20.98864],[107.35978,20.99161]]],[[[107.3444,20.99309],[107.3466,20.98864],[107.34074,20.98864],[107.34074,20.99161],[107.3444,20.99309]]],[[[107.35465,20.99309],[107.35539,20.98864],[107.35319,20.98864],[107.35465,20.99309]]],[[[107.30851,20.99309],[107.3129,20.99013],[107.30411,20.99013],[107.30851,20.99309]]],[[[107.39934,20.99309],[107.40153,20.98864],[107.39787,20.99013],[107.39934,20.99309]]],[[[107.39421,20.99458],[107.39421,20.99309],[107.39348,20.99309],[107.39274,20.99309],[107.39274,20.99458],[107.39421,20.99458]]],[[[107.403,20.99458],[107.4052,20.99161],[107.4008,20.99309],[107.403,20.99458]]],[[[107.30265,20.99606],[107.30265,20.99161],[107.29752,20.99161],[107.29898,20.98864],[107.28873,20.98123],[107.28506,20.9842],[107.28506,20.98864],[107.28213,20.98864],[107.28287,20.99161],[107.28653,20.98716],[107.29092,20.98716],[107.29166,20.99013],[107.29459,20.98716],[107.29825,20.98864],[107.29459,20.99161],[107.29239,20.99013],[107.29092,20.99458],[107.30265,20.99606]]],[[[107.35026,20.99754],[107.35539,20.99309],[107.34733,20.99013],[107.35026,20.99754]]],[[[107.37956,20.99754],[107.38249,20.99754],[107.37809,20.99458],[107.37663,20.99754],[107.37956,20.99754]]],[[[106.78549,20.99013],[106.78256,20.99458],[106.78402,20.99903],[106.78549,20.99013]]],[[[107.36198,20.99903],[107.36271,20.99903],[107.36271,20.99754],[107.36344,20.99754],[107.36344,20.99606],[107.36344,20.99458],[107.36418,20.99458],[107.36344,20.99458],[107.36271,20.99458],[107.36271,20.99606],[107.36198,20.99606],[107.36198,20.99754],[107.36125,20.99754],[107.36125,20.99903],[107.36198,20.99903]]],[[[106.7767,20.99606],[106.77597,20.99606],[106.77523,20.99606],[106.77597,20.99606],[106.77597,20.99754],[106.77523,20.99754],[106.77597,20.99754],[106.77597,20.99903],[106.7767,20.99903],[106.77743,20.99903],[106.77743,20.99754],[106.77743,20.99606],[106.7767,20.99606]]],[[[107.36784,21.00051],[107.36784,20.99903],[107.36857,20.99903],[107.36784,20.99903],[107.36711,20.99903],[107.36711,20.99754],[107.36637,20.99754],[107.36564,20.99754],[107.36491,20.99754],[107.36491,20.99903],[107.36564,20.99903],[107.36637,20.99903],[107.36711,20.99903],[107.36711,21.00051],[107.36784,21.00051]]],[[[107.41106,21.00051],[107.41179,20.99754],[107.4074,20.99606],[107.41106,21.00051]]],[[[107.39201,21.00051],[107.39494,20.99754],[107.39348,20.99606],[107.39128,20.99903],[107.38908,20.99754],[107.39201,21.00051]]],[[[107.40447,21.00051],[107.4052,21.00051],[107.40447,21.00051],[107.40447,20.99903],[107.40373,20.99903],[107.403,20.99903],[107.403,21.00051],[107.40373,21.00051],[107.40447,21.00051]]],[[[107.42498,21.00051],[107.42791,20.99754],[107.42717,20.99309],[107.42205,20.99458],[107.42498,21.00051]]],[[[107.36711,21.00199],[107.36711,21.00051],[107.36637,21.00051],[107.36564,21.00051],[107.36418,21.00051],[107.36491,21.00051],[107.36491,21.00199],[107.36564,21.00199],[107.36711,21.00199]]],[[[106.75326,21.00496],[106.75253,21.00496],[106.75179,21.00496],[106.75106,21.00496],[106.75179,21.00644],[106.75253,21.00644],[106.75326,21.00644],[106.75326,21.00496]]],[[[107.40813,21.00644],[107.40813,21.00496],[107.4074,21.00496],[107.40666,21.00496],[107.40666,21.00348],[107.40593,21.00348],[107.40593,21.00496],[107.40666,21.00496],[107.40666,21.00644],[107.4074,21.00644],[107.40813,21.00644]]],[[[106.77523,21.00644],[106.7767,21.00644],[106.7767,21.00496],[106.77743,21.00496],[106.77743,21.00348],[106.77816,21.00348],[106.77743,21.00199],[106.77523,21.00496],[106.77523,21.00644]]],[[[106.75912,21.00792],[106.76058,21.00644],[106.75399,21.00496],[106.75912,21.00792]]],[[[107.38542,21.00941],[107.38835,21.00792],[107.38249,21.00644],[107.38395,21.00199],[107.37883,21.00348],[107.37956,21.00792],[107.38469,21.00644],[107.38542,21.00941]]],[[[106.75253,21.01089],[106.75179,21.00792],[106.74813,21.00941],[106.75253,21.01089]]],[[[107.5517,21.01237],[107.55317,21.00941],[107.5495,21.00941],[107.5517,21.01237]]],[[[107.41838,21.01237],[107.41912,21.01237],[107.41912,21.01089],[107.41912,21.00941],[107.41838,21.00941],[107.41765,21.00941],[107.41765,21.01089],[107.41765,21.01237],[107.41838,21.01237]]],[[[107.4052,21.01237],[107.40813,21.00941],[107.40373,21.00941],[107.4052,21.01237]]],[[[107.42058,21.01386],[107.42424,21.01386],[107.42424,21.01089],[107.42131,21.01089],[107.42058,21.01386]]],[[[106.74813,21.01089],[106.7474,21.01386],[106.7496,21.01386],[106.74813,21.01089]]],[[[107.40886,21.01534],[107.40886,21.01386],[107.40813,21.01386],[107.4074,21.01386],[107.40666,21.01386],[107.40593,21.01386],[107.4052,21.01386],[107.40593,21.01386],[107.40666,21.01386],[107.40666,21.01534],[107.4074,21.01534],[107.40886,21.01534]]],[[[107.47772,21.01534],[107.47845,21.01534],[107.47772,21.01534],[107.47772,21.01386],[107.47772,21.01237],[107.47698,21.01237],[107.47625,21.01237],[107.47625,21.01386],[107.47698,21.01386],[107.47698,21.01534],[107.47772,21.01534]]],[[[106.75253,21.01682],[106.75912,21.01534],[106.75839,21.01237],[106.75253,21.01386],[106.75253,21.01682]]],[[[107.45794,21.01682],[107.46014,21.01534],[107.45721,21.00941],[107.44915,21.00941],[107.45501,21.01682],[107.45794,21.01682]]],[[[106.75106,21.01979],[106.75253,21.01831],[106.74813,21.01682],[106.75106,21.01979]]],[[[107.47698,21.01979],[107.47698,21.01831],[107.47625,21.01831],[107.47625,21.01682],[107.47479,21.01682],[107.47479,21.01831],[107.47552,21.01831],[107.47552,21.01979],[107.47698,21.01979]]],[[[106.75912,21.01979],[106.75839,21.01682],[106.75326,21.01682],[106.75912,21.01979]]],[[[107.45867,21.02127],[107.4616,21.01979],[107.46014,21.01682],[107.45867,21.02127]]],[[[107.41179,21.02276],[107.41399,21.01979],[107.41106,21.01979],[107.41179,21.02276]]],[[[107.47845,21.02276],[107.48065,21.01979],[107.47918,21.01534],[107.47845,21.02276]]],[[[106.75326,21.02276],[106.75472,21.01979],[106.75106,21.02127],[106.75326,21.02276]]],[[[107.49896,21.02276],[107.49969,21.02276],[107.49969,21.02127],[107.49896,21.02127],[107.49823,21.02127],[107.49823,21.02276],[107.49896,21.02276]]],[[[107.42424,21.02424],[107.42424,21.02127],[107.42351,21.02127],[107.42278,21.02127],[107.42278,21.02276],[107.42351,21.02276],[107.42351,21.02424],[107.42424,21.02424]]],[[[107.41619,21.02424],[107.41619,21.02276],[107.41472,21.02276],[107.41399,21.02276],[107.41472,21.02276],[107.41472,21.02424],[107.41545,21.02424],[107.41619,21.02424]]],[[[107.74875,21.02424],[107.74728,21.01831],[107.75095,21.01386],[107.75974,21.01386],[107.75974,21.01682],[107.76193,21.00941],[107.77219,20.99754],[107.77951,20.99458],[107.77951,20.99161],[107.78464,20.99309],[107.78757,20.98864],[107.78318,20.98123],[107.77951,20.98123],[107.77951,20.99013],[107.77512,20.98864],[107.77292,20.99309],[107.76633,20.99309],[107.76633,20.98864],[107.77146,20.98864],[107.77072,20.9842],[107.77732,20.98568],[107.77658,20.97678],[107.78098,20.97381],[107.78098,20.96936],[107.76486,20.96047],[107.76486,20.95602],[107.75021,20.95453],[107.74582,20.94415],[107.73703,20.94267],[107.73849,20.94712],[107.74216,20.94712],[107.74216,20.95008],[107.74728,20.95305],[107.74655,20.9575],[107.75314,20.95898],[107.75534,20.9664],[107.76267,20.96788],[107.76267,20.97233],[107.75461,20.9842],[107.74069,20.99161],[107.73556,20.99013],[107.73849,20.99903],[107.73043,21.00348],[107.73703,21.01682],[107.74289,21.02276],[107.74875,21.02424]]],[[[107.48431,21.02424],[107.48651,21.02127],[107.48284,21.02127],[107.48431,21.02424]]],[[[107.4323,21.02721],[107.42791,21.01831],[107.42644,21.02276],[107.4323,21.02721]]],[[[107.47552,21.02572],[107.47625,21.02572],[107.47625,21.02424],[107.47552,21.02424],[107.47479,21.02424],[107.47479,21.02572],[107.47479,21.02721],[107.47625,21.02721],[107.47625,21.02572],[107.47552,21.02572]]],[[[107.48724,21.02721],[107.48724,21.02572],[107.48724,21.02424],[107.48651,21.02424],[107.48651,21.02572],[107.48577,21.02572],[107.48577,21.02721],[107.48651,21.02721],[107.48724,21.02721]]],[[[107.44549,21.02721],[107.44622,21.01979],[107.45061,21.02572],[107.45281,21.02572],[107.45061,21.01979],[107.45208,21.02276],[107.45647,21.02127],[107.45354,21.02127],[107.45501,21.01831],[107.45061,21.01831],[107.45061,21.01534],[107.44549,21.01534],[107.44622,21.01089],[107.44182,21.01237],[107.44329,21.00941],[107.44622,21.01089],[107.44768,21.00348],[107.44402,21.00941],[107.43963,21.00792],[107.43963,21.01237],[107.43743,21.00792],[107.43303,21.01237],[107.43596,21.01237],[107.4345,21.01534],[107.43816,21.01979],[107.44329,21.02127],[107.44182,21.02721],[107.44549,21.02721]]],[[[107.4616,21.02721],[107.46233,21.02276],[107.4594,21.02276],[107.4616,21.02721]]],[[[107.44842,21.03017],[107.44842,21.02869],[107.44842,21.02721],[107.44768,21.02721],[107.44695,21.02721],[107.44622,21.02721],[107.44622,21.02869],[107.44695,21.02869],[107.44695,21.03017],[107.44842,21.03017]]],[[[107.45574,21.03017],[107.45721,21.02721],[107.45428,21.02424],[107.45574,21.03017]]],[[[107.41179,21.03165],[107.41106,21.02721],[107.40593,21.02721],[107.41179,21.03165]]],[[[107.41985,21.03165],[107.41692,21.02721],[107.41692,21.03165],[107.41985,21.03165]]],[[[107.51214,21.03314],[107.51214,21.03165],[107.51288,21.03165],[107.51434,21.03165],[107.51434,21.03017],[107.51434,21.02869],[107.51288,21.02869],[107.51288,21.03017],[107.51214,21.03017],[107.51214,21.03165],[107.51141,21.03165],[107.51141,21.03314],[107.51214,21.03314]]],[[[107.48284,21.03314],[107.48284,21.03165],[107.48211,21.03165],[107.48138,21.03165],[107.48065,21.03165],[107.48138,21.03165],[107.48138,21.03314],[107.48211,21.03314],[107.48284,21.03314]]],[[[107.4052,21.03462],[107.40593,21.03165],[107.403,21.03165],[107.40227,21.03462],[107.4052,21.03462]]],[[[107.4367,21.0361],[107.4367,21.03462],[107.43743,21.03462],[107.4367,21.03462],[107.4367,21.03314],[107.43596,21.03314],[107.43523,21.03314],[107.43523,21.03462],[107.43596,21.03462],[107.43596,21.0361],[107.4367,21.0361]]],[[[107.49163,21.0361],[107.49456,21.03314],[107.49383,21.03017],[107.4909,21.03017],[107.49237,21.02721],[107.48797,21.02572],[107.48724,21.02869],[107.48284,21.02869],[107.48284,21.03165],[107.48944,21.03165],[107.4887,21.0361],[107.49163,21.0361]]],[[[107.79563,21.0361],[107.79563,21.03462],[107.79636,21.03462],[107.79563,21.03462],[107.79563,21.03314],[107.7949,21.03314],[107.79416,21.03314],[107.79343,21.03314],[107.79343,21.03462],[107.7927,21.03462],[107.79343,21.03462],[107.79343,21.0361],[107.79416,21.0361],[107.7949,21.0361],[107.79563,21.0361]]],[[[107.42717,21.0361],[107.42791,21.03165],[107.42131,21.03017],[107.42278,21.03462],[107.42717,21.0361]]],[[[107.42937,21.0361],[107.4301,21.0361],[107.4301,21.03462],[107.42937,21.03462],[107.42864,21.03462],[107.42864,21.0361],[107.42937,21.0361]]],[[[107.43377,21.0361],[107.4345,21.03314],[107.4323,21.03314],[107.43377,21.0361]]],[[[107.56269,21.03759],[107.56269,21.0361],[107.56122,21.0361],[107.56122,21.03759],[107.56269,21.03759]]],[[[107.51874,21.03759],[107.51874,21.0361],[107.51801,21.0361],[107.51727,21.0361],[107.51654,21.0361],[107.51727,21.0361],[107.51727,21.03759],[107.51801,21.03759],[107.51874,21.03759]]],[[[107.82127,21.03907],[107.82493,21.03759],[107.82346,21.03165],[107.8198,21.03165],[107.81907,21.03759],[107.82127,21.03907]]],[[[107.41838,21.04055],[107.41838,21.03907],[107.41765,21.03907],[107.41619,21.03907],[107.41619,21.04055],[107.41692,21.04055],[107.41838,21.04055]]],[[[107.48944,21.04055],[107.49017,21.0361],[107.48724,21.0361],[107.48651,21.03907],[107.48944,21.04055]]],[[[107.41179,21.04055],[107.41106,21.04055],[107.41106,21.03907],[107.41033,21.03907],[107.40959,21.03907],[107.40959,21.04055],[107.41033,21.04055],[107.41106,21.04055],[107.41179,21.04055]]],[[[107.56489,21.04204],[107.56489,21.04055],[107.56562,21.04055],[107.56562,21.03907],[107.56489,21.03907],[107.56489,21.03759],[107.56415,21.03759],[107.56342,21.03759],[107.56342,21.03907],[107.56342,21.04055],[107.56415,21.04055],[107.56415,21.04204],[107.56489,21.04204]]],[[[107.3737,21.04204],[107.37663,21.0361],[107.37223,21.03314],[107.3715,21.04204],[107.3737,21.04204]]],[[[107.42058,21.045],[107.42131,21.04204],[107.41912,21.04204],[107.42058,21.045]]],[[[107.55756,21.045],[107.56049,21.0361],[107.5561,21.02869],[107.55317,21.03165],[107.55097,21.02869],[107.55243,21.02276],[107.54511,21.01979],[107.54657,21.00644],[107.54291,21.00348],[107.54804,20.99458],[107.55243,20.99606],[107.54731,20.98864],[107.5517,20.98568],[107.55024,20.98271],[107.54511,20.98568],[107.54511,20.98123],[107.53852,20.97826],[107.53266,20.95453],[107.5268,20.94564],[107.5268,20.9397],[107.5224,20.93822],[107.52313,20.92932],[107.51727,20.92042],[107.51068,20.91894],[107.50702,20.91449],[107.48431,20.91301],[107.48284,20.91004],[107.47186,20.91004],[107.46453,20.90559],[107.44842,20.90559],[107.45428,20.89818],[107.45061,20.89669],[107.44915,20.89224],[107.44256,20.89076],[107.43889,20.88631],[107.43377,20.88631],[107.4323,20.88335],[107.42791,20.88335],[107.42717,20.88779],[107.42205,20.88779],[107.41545,20.89373],[107.43084,20.89966],[107.43963,20.90856],[107.41179,20.90114],[107.40666,20.89224],[107.39348,20.89076],[107.39494,20.90263],[107.40373,20.90263],[107.41545,20.90856],[107.41912,20.91597],[107.43377,20.91746],[107.43303,20.92191],[107.44475,20.92636],[107.44549,20.9308],[107.44915,20.92932],[107.45647,20.93674],[107.4616,20.9397],[107.46453,20.93822],[107.47112,20.94564],[107.47479,20.94415],[107.48651,20.96343],[107.48797,20.9753],[107.4909,20.9753],[107.49017,20.97975],[107.48724,20.97975],[107.48284,20.97381],[107.47698,20.98568],[107.48577,20.98271],[107.48504,20.98864],[107.49017,20.98864],[107.49163,20.99606],[107.49456,20.99606],[107.50262,21.01089],[107.51068,21.01831],[107.50995,21.00941],[107.50702,21.00644],[107.50921,21.00199],[107.51068,21.00792],[107.51508,21.01089],[107.51508,21.01831],[107.5246,21.02572],[107.5246,21.03017],[107.52826,21.03017],[107.53266,21.03907],[107.53778,21.04055],[107.53632,21.03314],[107.54145,21.02869],[107.54071,21.04204],[107.54438,21.04055],[107.54657,21.04352],[107.54731,21.03314],[107.54438,21.03314],[107.54511,21.02869],[107.54145,21.02572],[107.54438,21.02721],[107.54364,21.02276],[107.55097,21.03017],[107.55097,21.045],[107.55317,21.04055],[107.55756,21.045]]],[[[107.48358,21.04649],[107.48358,21.045],[107.48284,21.045],[107.48211,21.045],[107.48211,21.04352],[107.48138,21.04352],[107.48138,21.045],[107.48211,21.045],[107.48284,21.045],[107.48284,21.04649],[107.48358,21.04649]]],[[[107.85496,21.04649],[107.86156,21.04055],[107.86156,21.03165],[107.86009,21.03462],[107.85936,21.03165],[107.86375,21.03017],[107.86302,21.02276],[107.85643,21.02721],[107.85716,21.02424],[107.8513,21.02276],[107.8535,21.01682],[107.85057,21.01979],[107.84471,21.01979],[107.84031,21.01534],[107.84178,21.01089],[107.83738,21.01089],[107.83811,21.00792],[107.83445,21.00941],[107.83225,21.00496],[107.83518,20.99754],[107.83152,21.00051],[107.82859,20.99903],[107.82932,20.99606],[107.82127,20.99458],[107.81907,20.98864],[107.82127,20.98864],[107.822,20.98271],[107.81174,20.98271],[107.80955,20.97826],[107.80442,20.97678],[107.80295,20.98271],[107.80735,20.98123],[107.80735,20.98716],[107.81101,20.98568],[107.81101,20.98864],[107.80588,20.99013],[107.80295,20.99606],[107.81101,20.99903],[107.81101,21.00199],[107.80588,21.00199],[107.80735,21.00644],[107.81394,21.00644],[107.81614,21.00941],[107.81614,21.01237],[107.81321,21.01237],[107.81541,21.01534],[107.81248,21.01682],[107.81687,21.01534],[107.82273,21.03017],[107.83152,21.03165],[107.83079,21.03759],[107.83518,21.0361],[107.83372,21.04055],[107.83665,21.045],[107.83958,21.045],[107.84324,21.03907],[107.8491,21.03907],[107.85496,21.04649]]],[[[107.43743,21.04797],[107.43743,21.04649],[107.4367,21.04649],[107.43596,21.04649],[107.43523,21.04649],[107.43523,21.04797],[107.43596,21.04797],[107.43816,21.04797],[107.43743,21.04797]]],[[[107.42424,21.04945],[107.42424,21.045],[107.42131,21.045],[107.42424,21.04945]]],[[[107.41692,21.04945],[107.41985,21.04649],[107.41619,21.04649],[107.41692,21.04945]]],[[[107.44549,21.04945],[107.44475,21.045],[107.43963,21.04352],[107.44109,21.04797],[107.43889,21.04945],[107.44549,21.04945]]],[[[107.5539,21.04945],[107.55463,21.04945],[107.55463,21.04797],[107.5539,21.04797],[107.55317,21.04797],[107.55317,21.04945],[107.55243,21.04945],[107.5539,21.04945]]],[[[107.77951,21.05093],[107.77878,21.04055],[107.78318,21.04055],[107.78391,21.0361],[107.76193,21.03314],[107.76486,21.0361],[107.7634,21.045],[107.77439,21.045],[107.77512,21.04945],[107.77951,21.05093]]],[[[107.42717,21.05093],[107.42644,21.04797],[107.42498,21.05093],[107.42717,21.05093]]],[[[107.85203,21.05242],[107.8535,21.04945],[107.85057,21.04945],[107.84984,21.05242],[107.85203,21.05242]]],[[[107.46014,21.0539],[107.46014,21.05242],[107.45867,21.05242],[107.45867,21.0539],[107.45794,21.0539],[107.46014,21.0539]]],[[[107.46966,21.0539],[107.47259,21.05242],[107.46819,21.05093],[107.46966,21.0539]]],[[[107.42351,21.0539],[107.42351,21.05242],[107.42278,21.05242],[107.42205,21.05242],[107.42131,21.05242],[107.42131,21.0539],[107.42205,21.0539],[107.42278,21.0539],[107.42351,21.0539],[107.42424,21.0539],[107.42351,21.0539]]],[[[107.44622,21.0539],[107.44402,21.04945],[107.44402,21.0539],[107.44622,21.0539]]],[[[107.75681,21.0539],[107.75681,21.04945],[107.75168,21.04649],[107.75681,21.0539]]],[[[107.3737,21.04204],[107.37223,21.05093],[107.3759,21.05538],[107.37883,21.05242],[107.37883,21.04352],[107.3737,21.04204]]],[[[107.44182,21.05538],[107.44256,21.05538],[107.44256,21.05242],[107.44182,21.05242],[107.44182,21.0539],[107.44109,21.0539],[107.44036,21.0539],[107.44036,21.05538],[107.44182,21.05538]]],[[[107.43084,21.05687],[107.4301,21.05687],[107.4301,21.05538],[107.42791,21.05538],[107.42791,21.05687],[107.43084,21.05687]]],[[[107.46966,21.05687],[107.47039,21.05687],[107.47112,21.05687],[107.47112,21.05538],[107.47186,21.05538],[107.47112,21.05538],[107.47039,21.05538],[107.46966,21.05538],[107.46893,21.05538],[107.46893,21.05687],[107.46966,21.05687]]],[[[107.43816,21.05835],[107.43816,21.0539],[107.43084,21.05242],[107.43303,21.05687],[107.43743,21.05538],[107.43816,21.05835]]],[[[107.49676,21.05835],[107.4953,21.0539],[107.4909,21.05538],[107.49676,21.05835]]],[[[107.46307,21.05835],[107.46233,21.05538],[107.45867,21.05687],[107.46307,21.05835]]],[[[107.53998,21.05835],[107.54145,21.0539],[107.53705,21.0539],[107.53778,21.05835],[107.53998,21.05835]]],[[[107.4345,21.05983],[107.43377,21.05983],[107.43377,21.05835],[107.43157,21.05835],[107.43157,21.05983],[107.4323,21.05983],[107.43303,21.05983],[107.4345,21.05983]]],[[[107.42644,21.06132],[107.42571,21.05687],[107.42424,21.06132],[107.42644,21.06132]]],[[[107.46673,21.06132],[107.46673,21.05983],[107.466,21.05983],[107.466,21.05835],[107.46526,21.05835],[107.46453,21.05835],[107.4638,21.05835],[107.4638,21.05983],[107.46453,21.05983],[107.46526,21.05983],[107.466,21.05983],[107.466,21.06132],[107.46673,21.06132]]],[[[107.50482,21.06132],[107.50482,21.05687],[107.49896,21.05835],[107.50335,21.05835],[107.50482,21.06132]]],[[[107.50848,21.06132],[107.50995,21.05983],[107.50702,21.05983],[107.50848,21.06132]]],[[[107.86522,21.06132],[107.86595,21.0539],[107.86082,21.05242],[107.86229,21.06132],[107.86522,21.06132]]],[[[107.54291,21.0628],[107.54438,21.05687],[107.54071,21.05835],[107.54291,21.0628]]],[[[107.54804,21.0628],[107.54877,21.0628],[107.54804,21.0628],[107.54804,21.06132],[107.54731,21.06132],[107.54731,21.05983],[107.54657,21.05983],[107.54657,21.0628],[107.54731,21.0628],[107.54804,21.0628]]],[[[107.43157,21.06428],[107.43084,21.06428],[107.43084,21.0628],[107.43084,21.06132],[107.4301,21.06132],[107.4301,21.05983],[107.42937,21.05983],[107.42864,21.05983],[107.42864,21.05835],[107.42791,21.05835],[107.42791,21.05983],[107.42864,21.05983],[107.42864,21.06132],[107.42937,21.06132],[107.42937,21.0628],[107.4301,21.0628],[107.4301,21.06428],[107.43084,21.06428],[107.43157,21.06428]]],[[[107.56855,21.06725],[107.56855,21.06577],[107.56928,21.06577],[107.56928,21.06428],[107.56855,21.06428],[107.56855,21.0628],[107.56782,21.0628],[107.56782,21.06428],[107.56708,21.06428],[107.56708,21.06577],[107.56782,21.06577],[107.56855,21.06577],[107.56855,21.06725]]],[[[107.49237,21.06725],[107.49237,21.0628],[107.48724,21.0628],[107.49237,21.06725]]],[[[107.51508,21.06725],[107.51727,21.06725],[107.51581,21.06132],[107.50628,21.06577],[107.51508,21.06725]]],[[[107.47625,21.06725],[107.47698,21.06725],[107.47772,21.06725],[107.47698,21.06725],[107.47552,21.06725],[107.47552,21.06577],[107.47479,21.06577],[107.47405,21.06577],[107.47479,21.06577],[107.47479,21.06725],[107.47552,21.06725],[107.47625,21.06725]]],[[[107.54804,21.06873],[107.5495,21.06873],[107.5495,21.06725],[107.5495,21.06577],[107.54877,21.06577],[107.54804,21.06577],[107.54804,21.06725],[107.54731,21.06725],[107.54731,21.06873],[107.54804,21.06873]]],[[[107.57075,21.07021],[107.57514,21.06725],[107.57587,21.0628],[107.57075,21.0628],[107.57075,21.07021]]],[[[107.44622,21.07021],[107.44622,21.06428],[107.44988,21.06428],[107.44842,21.06132],[107.44402,21.06577],[107.44036,21.06428],[107.44622,21.07021]]],[[[107.55829,21.07021],[107.55683,21.05835],[107.56049,21.04945],[107.55463,21.04945],[107.54804,21.0539],[107.55097,21.05835],[107.54731,21.05835],[107.55829,21.07021]]],[[[107.45647,21.0717],[107.45721,21.0717],[107.45794,21.0717],[107.45721,21.0717],[107.45721,21.07021],[107.45574,21.07021],[107.45574,21.0717],[107.45647,21.0717]]],[[[107.43889,21.0717],[107.44036,21.07021],[107.4367,21.0717],[107.43889,21.0717]]],[[[107.57221,21.07318],[107.57148,21.07318],[107.57148,21.0717],[107.57221,21.0717],[107.57294,21.0717],[107.57294,21.07021],[107.57221,21.07021],[107.57148,21.07021],[107.57148,21.0717],[107.57075,21.0717],[107.57075,21.07318],[107.57221,21.07318]]],[[[107.45281,21.07466],[107.45061,21.07021],[107.45061,21.07466],[107.45281,21.07466]]],[[[107.50921,21.07466],[107.51434,21.07466],[107.51508,21.06873],[107.51068,21.0717],[107.50482,21.06725],[107.49896,21.06725],[107.49676,21.0717],[107.50921,21.07466]]],[[[107.77512,21.07615],[107.77732,21.0717],[107.77146,21.06577],[107.76926,21.07021],[107.77219,21.07615],[107.77512,21.07615]]],[[[107.45574,21.07763],[107.45647,21.07763],[107.45647,21.07615],[107.45574,21.07615],[107.45501,21.07615],[107.45428,21.07615],[107.45428,21.07763],[107.45574,21.07763]]],[[[107.49969,21.07911],[107.49969,21.07763],[107.50042,21.07763],[107.49969,21.07763],[107.49823,21.07763],[107.49823,21.07911],[107.49896,21.07911],[107.49969,21.07911]]],[[[107.37809,21.08208],[107.37956,21.07911],[107.37516,21.07911],[107.37443,21.08208],[107.37809,21.08208]]],[[[107.48138,21.08208],[107.48138,21.0806],[107.48065,21.0806],[107.48065,21.07911],[107.47991,21.07911],[107.47991,21.0806],[107.47991,21.08208],[107.48065,21.08208],[107.48138,21.08208]]],[[[107.50995,21.08208],[107.50995,21.0806],[107.50921,21.0806],[107.50921,21.08208],[107.50995,21.08208]]],[[[107.45428,21.08801],[107.45501,21.08356],[107.45208,21.08356],[107.45428,21.08801]]],[[[107.51581,21.08801],[107.51654,21.08505],[107.51288,21.08653],[107.51581,21.08801]]],[[[107.49163,21.08949],[107.49603,21.08801],[107.48944,21.08208],[107.48504,21.08208],[107.48504,21.08505],[107.4909,21.08505],[107.48944,21.08801],[107.49163,21.08949]]],[[[107.50262,21.09543],[107.50262,21.09246],[107.49896,21.09098],[107.50262,21.09543]]],[[[107.58759,21.10136],[107.5854,21.09543],[107.58906,21.09543],[107.58466,21.09394],[107.5854,21.08505],[107.57221,21.07466],[107.57221,21.08208],[107.57661,21.08356],[107.57734,21.08949],[107.581,21.08505],[107.58393,21.09988],[107.58759,21.10136]]],[[[107.82713,21.10433],[107.82713,21.10136],[107.82346,21.10136],[107.82713,21.10433]]],[[[107.38469,21.11026],[107.38469,21.10877],[107.38542,21.10877],[107.38542,21.10729],[107.38469,21.10729],[107.38469,21.10581],[107.38395,21.10581],[107.38322,21.10581],[107.38322,21.10729],[107.38395,21.10729],[107.38395,21.10877],[107.38395,21.11026],[107.38469,21.11026]]],[[[107.53778,21.11026],[107.53852,21.11026],[107.53852,21.10877],[107.53852,21.10729],[107.53852,21.10581],[107.53925,21.10581],[107.53998,21.10581],[107.53998,21.10433],[107.53925,21.10433],[107.53852,21.10433],[107.53852,21.10581],[107.53778,21.10581],[107.53778,21.10729],[107.53705,21.10729],[107.53778,21.10729],[107.53778,21.10877],[107.53705,21.10877],[107.53705,21.11026],[107.53778,21.11026]]],[[[107.54511,21.11026],[107.54511,21.10877],[107.54438,21.10877],[107.54438,21.11026],[107.54511,21.11026]]],[[[107.5202,21.11174],[107.52094,21.11174],[107.52094,21.11026],[107.5202,21.11026],[107.51874,21.11026],[107.51801,21.11026],[107.51801,21.11174],[107.51874,21.11174],[107.51874,21.11026],[107.51947,21.11026],[107.51947,21.11174],[107.5202,21.11174]]],[[[107.60078,21.11322],[107.59712,21.10877],[107.59712,21.11174],[107.60078,21.11322]]],[[[107.39494,21.11322],[107.39567,21.10729],[107.39128,21.10433],[107.39494,21.11322]]],[[[107.6147,21.11322],[107.61323,21.11026],[107.6125,21.11322],[107.6147,21.11322]]],[[[107.39274,21.11619],[107.39274,21.11471],[107.39348,21.11471],[107.39494,21.11471],[107.39421,21.11471],[107.39348,21.11471],[107.39348,21.11322],[107.39274,21.11322],[107.39201,21.11322],[107.39201,21.11471],[107.39128,21.11471],[107.39201,21.11471],[107.39201,21.11619],[107.39274,21.11619]]],[[[107.52606,21.11619],[107.5268,21.11619],[107.5268,21.11471],[107.52533,21.11471],[107.5246,21.11471],[107.5246,21.11619],[107.52606,21.11619]]],[[[107.8176,21.11619],[107.82127,21.11322],[107.82053,21.10877],[107.8176,21.11026],[107.80515,21.10136],[107.80149,21.10284],[107.80149,21.10581],[107.81174,21.10877],[107.81174,21.11471],[107.81467,21.11322],[107.81467,21.11619],[107.8176,21.11619]]],[[[107.54364,21.11767],[107.54145,21.11322],[107.54071,21.11619],[107.54364,21.11767]]],[[[107.61982,21.12361],[107.62056,21.12361],[107.62056,21.12212],[107.61982,21.12212],[107.61982,21.12064],[107.61909,21.12064],[107.61909,21.11916],[107.61836,21.11916],[107.61836,21.11767],[107.61763,21.11767],[107.61689,21.11767],[107.61689,21.11916],[107.61763,21.11916],[107.61763,21.12064],[107.61836,21.12064],[107.61836,21.12212],[107.61909,21.12212],[107.61909,21.12361],[107.61982,21.12361]]],[[[107.39128,21.12361],[107.39274,21.11619],[107.38981,21.11767],[107.39128,21.12361]]],[[[107.5832,21.12509],[107.57954,21.11619],[107.58173,21.10877],[107.57661,21.10729],[107.581,21.10729],[107.581,21.10136],[107.57661,21.09543],[107.57734,21.09246],[107.57368,21.09246],[107.57514,21.08949],[107.57148,21.08949],[107.57294,21.08653],[107.57001,21.08208],[107.56269,21.08505],[107.55976,21.07318],[107.55097,21.07318],[107.54511,21.06725],[107.53705,21.06428],[107.53266,21.05687],[107.53266,21.05093],[107.52606,21.05242],[107.52753,21.04649],[107.52313,21.04352],[107.51874,21.04649],[107.51581,21.04352],[107.51288,21.045],[107.51068,21.03907],[107.50995,21.04204],[107.50409,21.04055],[107.50555,21.0361],[107.49676,21.03314],[107.49676,21.03907],[107.49383,21.04204],[107.49896,21.04204],[107.49749,21.04797],[107.50335,21.05242],[107.50775,21.05093],[107.50995,21.05687],[107.51874,21.05835],[107.5202,21.0628],[107.5246,21.06428],[107.5268,21.07021],[107.5224,21.07318],[107.52606,21.07466],[107.52753,21.0717],[107.53192,21.0717],[107.5246,21.07911],[107.52533,21.08208],[107.52826,21.07911],[107.52606,21.09098],[107.53485,21.08949],[107.53559,21.09543],[107.53852,21.09394],[107.53778,21.09988],[107.54438,21.09839],[107.54511,21.10729],[107.5495,21.11322],[107.54804,21.11619],[107.55097,21.11471],[107.5539,21.11916],[107.55756,21.11916],[107.5561,21.11471],[107.56489,21.11174],[107.57075,21.11767],[107.5788,21.11916],[107.5832,21.12509]]],[[[107.63155,21.12509],[107.62275,21.10729],[107.61982,21.09394],[107.61543,21.08949],[107.6081,21.05983],[107.60005,21.04945],[107.59858,21.03165],[107.58906,21.02572],[107.58466,20.99754],[107.58247,20.99754],[107.57734,20.97975],[107.57001,20.97085],[107.56342,20.96936],[107.56342,20.9842],[107.56635,20.9842],[107.56708,20.98716],[107.57148,20.9842],[107.57368,20.98716],[107.57368,20.99161],[107.56635,20.99309],[107.56489,20.99754],[107.57148,21.00941],[107.57294,21.02127],[107.57734,21.02869],[107.581,21.02721],[107.58613,21.03314],[107.58613,21.03907],[107.5832,21.03907],[107.5832,21.04204],[107.58686,21.05242],[107.5854,21.06577],[107.58759,21.07318],[107.59858,21.08801],[107.60371,21.08949],[107.60884,21.09839],[107.6103,21.09691],[107.61543,21.10284],[107.61543,21.10729],[107.62202,21.11767],[107.62715,21.12064],[107.62862,21.12509],[107.63155,21.12509]]],[[[107.60957,21.12806],[107.6125,21.12509],[107.6081,21.12657],[107.61177,21.12361],[107.60884,21.11767],[107.60298,21.11916],[107.60371,21.12361],[107.60957,21.12806]]],[[[107.7949,21.13102],[107.7949,21.12954],[107.79416,21.12954],[107.79416,21.12806],[107.79343,21.12806],[107.79343,21.12954],[107.7927,21.12954],[107.7927,21.12806],[107.7927,21.12954],[107.79197,21.12954],[107.7927,21.12954],[107.7927,21.13102],[107.79416,21.13102],[107.7949,21.13102]]],[[[107.80149,21.13102],[107.80369,21.12806],[107.79929,21.12806],[107.80149,21.13102]]],[[[107.86009,21.1325],[107.86156,21.12806],[107.85936,21.12806],[107.86009,21.1325]]],[[[107.59199,21.1325],[107.58759,21.12806],[107.58906,21.1325],[107.59199,21.1325]]],[[[107.61616,21.13399],[107.61616,21.1325],[107.61689,21.1325],[107.61689,21.13102],[107.61616,21.13102],[107.61543,21.13102],[107.61543,21.1325],[107.61543,21.13399],[107.61689,21.13399],[107.61616,21.13399]]],[[[107.79709,21.13399],[107.79783,21.12954],[107.7949,21.13102],[107.79709,21.13399]]],[[[107.58027,21.13992],[107.5832,21.13399],[107.57954,21.1325],[107.57734,21.12657],[107.56342,21.11767],[107.55756,21.11916],[107.55536,21.12806],[107.55976,21.12954],[107.56269,21.13695],[107.56928,21.13844],[107.56855,21.13547],[107.57294,21.13399],[107.57368,21.13695],[107.58027,21.13992]]],[[[107.8491,21.1414],[107.85203,21.13399],[107.84544,21.13695],[107.84617,21.1414],[107.8491,21.1414]]],[[[107.65059,21.1414],[107.64546,21.1325],[107.64253,21.1325],[107.644,21.13992],[107.65059,21.1414]]],[[[107.86668,21.14882],[107.87108,21.14585],[107.86961,21.13844],[107.86449,21.14437],[107.86668,21.14882]]],[[[107.84544,21.14882],[107.84544,21.14585],[107.84178,21.14585],[107.84544,21.14882]]],[[[107.59052,21.15623],[107.58979,21.1503],[107.58686,21.1503],[107.58466,21.14289],[107.581,21.1414],[107.581,21.1503],[107.5854,21.15327],[107.58759,21.15178],[107.59052,21.15623]]],[[[107.39055,21.1592],[107.39128,21.15623],[107.38908,21.15623],[107.39055,21.1592]]],[[[107.86815,21.1681],[107.86815,21.16217],[107.86302,21.15623],[107.85643,21.15178],[107.84984,21.15178],[107.85277,21.15772],[107.86815,21.1681]]],[[[107.62422,21.18145],[107.62495,21.18145],[107.62495,21.17996],[107.62495,21.17848],[107.62422,21.17848],[107.62349,21.17848],[107.62349,21.177],[107.62275,21.177],[107.62275,21.17848],[107.62202,21.17848],[107.62202,21.17996],[107.62275,21.17996],[107.62349,21.17996],[107.62349,21.18145],[107.62422,21.18145]]],[[[107.40666,21.18145],[107.40959,21.177],[107.40813,21.1503],[107.41106,21.13844],[107.40373,21.12954],[107.39567,21.12806],[107.38981,21.14734],[107.39201,21.16958],[107.39421,21.17403],[107.3986,21.17551],[107.39934,21.18145],[107.40666,21.18145]]],[[[107.62715,21.19331],[107.62642,21.18738],[107.62202,21.18441],[107.62129,21.177],[107.61689,21.17255],[107.62715,21.19331]]],[[[107.41399,21.19479],[107.41619,21.19183],[107.40886,21.18293],[107.4074,21.18441],[107.41399,21.19479]]],[[[107.40959,21.19479],[107.4074,21.18441],[107.39787,21.18441],[107.4008,21.19183],[107.40959,21.19479]]],[[[108.01685,21.19628],[108.02198,21.19183],[108.02051,21.18886],[108.00879,21.19034],[108.01685,21.19628]]],[[[107.41985,21.19924],[107.42205,21.19776],[107.41765,21.19628],[107.41985,21.19924]]],[[[108.01465,21.20666],[108.01319,21.20073],[108.01319,21.20518],[108.00733,21.20369],[108.00952,21.20666],[108.01465,21.20666]]],[[[107.41619,21.20814],[107.41765,21.20666],[107.40886,21.19924],[107.41619,21.20814]]],[[[107.4367,21.21556],[107.43157,21.20962],[107.43157,21.21259],[107.4367,21.21556]]],[[[107.67989,21.21556],[107.68209,21.21259],[107.6755,21.20518],[107.6733,21.18441],[107.66817,21.177],[107.66451,21.16365],[107.66597,21.14437],[107.65572,21.13695],[107.65352,21.1503],[107.65792,21.16068],[107.65718,21.17403],[107.66231,21.1859],[107.66231,21.19331],[107.66671,21.19776],[107.67037,21.20962],[107.67623,21.21556],[107.67989,21.21556]]],[[[107.58759,21.21704],[107.58393,21.21111],[107.56635,21.20518],[107.57294,21.21111],[107.58759,21.21704]]],[[[107.61836,21.23187],[107.61909,21.22891],[107.61323,21.22742],[107.61836,21.23187]]],[[[107.59858,21.23335],[107.60005,21.23039],[107.59345,21.22594],[107.57954,21.22297],[107.581,21.22742],[107.58393,21.22594],[107.5854,21.22891],[107.59199,21.22891],[107.59419,21.23335],[107.59858,21.23335]]],[[[107.69601,21.23484],[107.68722,21.22001],[107.68062,21.22001],[107.68941,21.22742],[107.69234,21.23484],[107.69601,21.23484]]],[[[107.59052,21.23929],[107.59126,21.23632],[107.58906,21.23632],[107.59052,21.23929]]],[[[107.64034,21.24374],[107.64034,21.24077],[107.63521,21.2378],[107.63521,21.23335],[107.62788,21.23335],[107.62788,21.2378],[107.64034,21.24374]]],[[[107.97436,21.25115],[107.97583,21.24374],[107.98169,21.24225],[107.97876,21.2378],[107.98242,21.23632],[107.97876,21.23632],[107.97803,21.23039],[107.96631,21.23187],[107.96264,21.22891],[107.94726,21.23484],[107.94726,21.23929],[107.95605,21.24225],[107.95605,21.24819],[107.95751,21.24522],[107.96118,21.24522],[107.96191,21.24819],[107.96631,21.2467],[107.97436,21.25115]]],[[[107.53852,21.25708],[107.54584,21.2556],[107.54657,21.25263],[107.53632,21.2556],[107.53852,21.25708]]],[[[107.55024,21.25857],[107.5495,21.2556],[107.54657,21.2556],[107.55024,21.25857]]],[[[107.67989,21.26153],[107.67476,21.2556],[107.67403,21.26005],[107.67989,21.26153]]],[[[107.63887,21.26153],[107.64327,21.26153],[107.64253,21.25857],[107.62788,21.25263],[107.62715,21.24967],[107.6396,21.2556],[107.6418,21.25412],[107.61763,21.24077],[107.6147,21.2378],[107.61543,21.23335],[107.6081,21.23335],[107.6081,21.23632],[107.60517,21.23632],[107.60444,21.23929],[107.61103,21.24225],[107.59126,21.23632],[107.59272,21.24077],[107.60591,21.24522],[107.60591,21.24819],[107.61396,21.24819],[107.61543,21.25263],[107.61909,21.25115],[107.61982,21.2556],[107.63008,21.2556],[107.63081,21.26005],[107.63887,21.26153]]],[[[107.53412,21.2645],[107.53412,21.26302],[107.53339,21.26302],[107.53266,21.26302],[107.53192,21.26302],[107.53192,21.2645],[107.53266,21.2645],[107.53339,21.2645],[107.53412,21.2645]]],[[[107.39567,21.26895],[107.39201,21.26302],[107.38542,21.26302],[107.38908,21.26747],[107.39567,21.26895]]],[[[107.69527,21.27191],[107.69234,21.26598],[107.68062,21.2645],[107.68282,21.26747],[107.69234,21.26747],[107.69527,21.27191]]],[[[107.64766,21.27488],[107.64913,21.26747],[107.64034,21.26747],[107.64766,21.27488]]],[[[107.43523,21.27488],[107.43523,21.27191],[107.43157,21.27043],[107.43523,21.27488]]],[[[107.39128,21.27488],[107.39128,21.27191],[107.38176,21.27043],[107.39128,21.27488]]],[[[107.46014,21.27636],[107.4638,21.27191],[107.47479,21.27191],[107.48431,21.25857],[107.49603,21.25115],[107.49823,21.24522],[107.50116,21.2467],[107.50995,21.23484],[107.51288,21.23632],[107.51434,21.23187],[107.51874,21.23187],[107.51874,21.22742],[107.52387,21.22742],[107.52826,21.22297],[107.5268,21.22001],[107.53339,21.21407],[107.53339,21.20666],[107.53632,21.20666],[107.53046,21.19924],[107.53412,21.19776],[107.53705,21.20221],[107.54071,21.19776],[107.53778,21.19776],[107.53632,21.19183],[107.53925,21.19479],[107.54291,21.19183],[107.54291,21.19776],[107.54877,21.19776],[107.5495,21.19479],[107.55317,21.20073],[107.55756,21.19924],[107.56269,21.20073],[107.56342,21.20369],[107.56855,21.20369],[107.56928,21.19924],[107.57221,21.20073],[107.57221,21.20518],[107.58466,21.20666],[107.59712,21.22001],[107.60224,21.21852],[107.60224,21.21556],[107.60591,21.22001],[107.61103,21.22001],[107.61177,21.21704],[107.60591,21.20369],[107.59931,21.20221],[107.59272,21.18738],[107.58613,21.18441],[107.58247,21.177],[107.57368,21.17551],[107.57075,21.16513],[107.56855,21.16662],[107.56489,21.16365],[107.56489,21.1592],[107.54291,21.14585],[107.54364,21.1414],[107.53632,21.14882],[107.53852,21.15772],[107.53412,21.15772],[107.53339,21.1503],[107.5246,21.1503],[107.52973,21.14585],[107.53852,21.14585],[107.53852,21.1414],[107.53339,21.13547],[107.51801,21.12954],[107.50995,21.12212],[107.50702,21.12212],[107.50628,21.12954],[107.50848,21.13102],[107.50628,21.13102],[107.50409,21.12657],[107.50628,21.12064],[107.47625,21.09988],[107.46673,21.08356],[107.46307,21.08505],[107.4616,21.08208],[107.45501,21.09098],[107.45208,21.09098],[107.44768,21.0806],[107.43889,21.07763],[107.4323,21.07021],[107.41912,21.0628],[107.41545,21.0539],[107.40959,21.04945],[107.39567,21.04945],[107.38762,21.045],[107.38981,21.045],[107.38908,21.04204],[107.38176,21.04055],[107.38322,21.05835],[107.38029,21.05687],[107.37809,21.05983],[107.38176,21.06577],[107.37956,21.06725],[107.37736,21.0628],[107.37297,21.06577],[107.3715,21.0628],[107.36711,21.07615],[107.37223,21.07911],[107.3759,21.07615],[107.38029,21.07763],[107.38395,21.08653],[107.39494,21.09246],[107.38102,21.08949],[107.38176,21.09394],[107.39641,21.10284],[107.4008,21.11767],[107.40886,21.12361],[107.41033,21.12806],[107.41326,21.12806],[107.41765,21.13844],[107.42131,21.13992],[107.41619,21.14585],[107.41692,21.1503],[107.42937,21.15178],[107.41472,21.15178],[107.41399,21.18441],[107.42278,21.19331],[107.4323,21.19628],[107.43889,21.18738],[107.43963,21.17255],[107.44402,21.1681],[107.44109,21.17255],[107.44036,21.19034],[107.43523,21.19776],[107.44109,21.20962],[107.44256,21.19183],[107.44549,21.20221],[107.44475,21.19776],[107.44915,21.19924],[107.45135,21.19331],[107.4616,21.19479],[107.46526,21.19331],[107.46746,21.1859],[107.47186,21.1859],[107.46746,21.18738],[107.46746,21.19331],[107.47259,21.19331],[107.46453,21.19331],[107.45061,21.19924],[107.44402,21.21407],[107.44768,21.22297],[107.45208,21.21704],[107.44988,21.23039],[107.45428,21.25115],[107.45354,21.2645],[107.45867,21.26747],[107.45867,21.27043],[107.45574,21.26747],[107.45574,21.2734],[107.46014,21.27636]]],[[[107.39494,21.27636],[107.39494,21.27488],[107.39421,21.27488],[107.39348,21.27488],[107.39348,21.27636],[107.39421,21.27636],[107.39421,21.27785],[107.39494,21.27785],[107.39494,21.27636]]],[[[107.56855,21.27785],[107.57587,21.27043],[107.58613,21.26598],[107.58833,21.26153],[107.57734,21.26153],[107.57807,21.25857],[107.57294,21.25857],[107.57368,21.2556],[107.56489,21.25857],[107.55976,21.25263],[107.5517,21.25412],[107.5517,21.25857],[107.5561,21.26005],[107.55024,21.25857],[107.54877,21.26302],[107.54584,21.2556],[107.53266,21.26005],[107.53778,21.26747],[107.5495,21.2734],[107.56855,21.27785]]],[[[107.38835,21.27785],[107.38688,21.2734],[107.38249,21.27191],[107.38542,21.27785],[107.38835,21.27785]]],[[[107.49603,21.27933],[107.49896,21.27636],[107.4953,21.27636],[107.49603,21.27933]]],[[[107.70699,21.27933],[107.69967,21.27488],[107.7026,21.27933],[107.70699,21.27933]]],[[[107.39934,21.2823],[107.40153,21.27785],[107.40593,21.28081],[107.40813,21.2734],[107.39714,21.27636],[107.39934,21.2823]]],[[[107.61689,21.2823],[107.61982,21.28081],[107.61396,21.27933],[107.61396,21.2823],[107.61689,21.2823]]],[[[107.66378,21.28526],[107.66964,21.28081],[107.66817,21.27785],[107.65059,21.26895],[107.64986,21.27636],[107.65645,21.28081],[107.66158,21.27933],[107.66378,21.28526]]],[[[107.53266,21.28526],[107.54657,21.28081],[107.55463,21.28378],[107.55903,21.27933],[107.54071,21.27191],[107.53998,21.26895],[107.52973,21.26302],[107.52167,21.27785],[107.52899,21.2823],[107.52899,21.28526],[107.53266,21.28526]]],[[[107.50555,21.28675],[107.50921,21.28081],[107.50335,21.2823],[107.50262,21.28675],[107.50555,21.28675]]],[[[107.50921,21.28823],[107.5224,21.28675],[107.52387,21.28378],[107.51874,21.28081],[107.50702,21.28675],[107.50921,21.28823]]],[[[107.62862,21.28971],[107.62935,21.28526],[107.62715,21.28526],[107.62642,21.28971],[107.62862,21.28971]]],[[[107.55097,21.29861],[107.55097,21.29713],[107.5517,21.29713],[107.55243,21.29713],[107.55243,21.29564],[107.55243,21.29416],[107.5517,21.29416],[107.55097,21.29416],[107.55097,21.29564],[107.55097,21.29713],[107.55024,21.29713],[107.55024,21.29861],[107.55097,21.29861]]],[[[107.7905,21.29861],[107.79636,21.29416],[107.77512,21.29416],[107.75461,21.2823],[107.75021,21.28526],[107.75461,21.29268],[107.75754,21.29119],[107.76633,21.29713],[107.78611,21.29564],[107.7905,21.29861]]],[[[107.70113,21.30158],[107.69674,21.29564],[107.6982,21.29416],[107.70187,21.29713],[107.69894,21.29268],[107.69454,21.29268],[107.69015,21.28823],[107.69088,21.29119],[107.68868,21.29119],[107.68502,21.28823],[107.68722,21.28526],[107.67476,21.28081],[107.66671,21.27191],[107.65206,21.26598],[107.66524,21.27636],[107.67183,21.27785],[107.67257,21.28081],[107.66744,21.28526],[107.67257,21.29119],[107.67916,21.28971],[107.67843,21.29268],[107.68209,21.29119],[107.68429,21.29564],[107.70113,21.30158]]],[[[107.62202,21.30306],[107.62056,21.30009],[107.61909,21.30306],[107.62202,21.30306]]],[[[107.39787,21.30454],[107.39934,21.30306],[107.39641,21.30009],[107.39494,21.30306],[107.39787,21.30454]]],[[[107.66085,21.30751],[107.66451,21.30454],[107.65865,21.30603],[107.66085,21.30751]]],[[[107.65645,21.31047],[107.65792,21.30603],[107.65425,21.30751],[107.65645,21.31047]]],[[[107.81248,21.31641],[107.81467,21.31492],[107.81101,21.31492],[107.81248,21.31641]]],[[[107.80515,21.31789],[107.80588,21.31492],[107.80295,21.31641],[107.80515,21.31789]]],[[[107.68795,21.33272],[107.68868,21.33272],[107.68868,21.33124],[107.68868,21.32975],[107.68795,21.32975],[107.68795,21.33124],[107.68722,21.33124],[107.68648,21.33124],[107.68648,21.33272],[107.68795,21.33272]]],[[[107.69015,21.3431],[107.69015,21.34162],[107.68941,21.34162],[107.68941,21.34014],[107.68868,21.34014],[107.68795,21.34014],[107.68722,21.34014],[107.68722,21.34162],[107.68795,21.34162],[107.68795,21.3431],[107.68868,21.3431],[107.68941,21.3431],[107.69088,21.3431],[107.69015,21.3431]]],[[[107.67696,21.34607],[107.67843,21.3431],[107.6755,21.34459],[107.67696,21.34607]]],[[[107.69381,21.35052],[107.69381,21.34904],[107.69308,21.34904],[107.69234,21.34904],[107.69234,21.34755],[107.69088,21.34755],[107.69088,21.34904],[107.69015,21.34904],[107.69161,21.34904],[107.69161,21.35052],[107.69234,21.35052],[107.69381,21.35052]]],[[[107.72677,21.352],[107.72824,21.35052],[107.72384,21.34607],[107.72384,21.35052],[107.72677,21.352]]],[[[107.69308,21.35348],[107.69308,21.35052],[107.69015,21.35052],[107.69308,21.35348]]],[[[107.72677,21.35645],[107.72677,21.35497],[107.7275,21.35497],[107.72677,21.35497],[107.72677,21.35348],[107.72677,21.35497],[107.72604,21.35497],[107.72531,21.35497],[107.72531,21.35645],[107.72604,21.35645],[107.72677,21.35645]]],[[[107.81614,21.35793],[107.8198,21.35793],[107.81907,21.35348],[107.82346,21.35348],[107.82273,21.35052],[107.81687,21.35052],[107.81101,21.3431],[107.80515,21.34607],[107.80588,21.34014],[107.80295,21.34162],[107.80149,21.33569],[107.79783,21.33569],[107.79636,21.33124],[107.79197,21.33124],[107.78684,21.32679],[107.78098,21.32679],[107.77878,21.32234],[107.76853,21.32234],[107.76779,21.31937],[107.74802,21.31196],[107.74728,21.30751],[107.73923,21.30751],[107.7319,21.30158],[107.73336,21.30899],[107.73043,21.31196],[107.72091,21.30751],[107.71798,21.30306],[107.70333,21.30158],[107.72457,21.31344],[107.72677,21.31196],[107.72897,21.31641],[107.73263,21.31641],[107.74216,21.32531],[107.76047,21.33272],[107.76779,21.33124],[107.77072,21.33717],[107.78904,21.34607],[107.79783,21.35348],[107.80295,21.352],[107.80662,21.35645],[107.81614,21.35793]]],[[[107.75607,21.37276],[107.7612,21.36832],[107.7612,21.36387],[107.75681,21.36387],[107.75607,21.3609],[107.74362,21.36238],[107.74216,21.3698],[107.75607,21.37276]]],[[[107.76779,21.39056],[107.76853,21.3876],[107.7634,21.38166],[107.76047,21.38908],[107.76413,21.38611],[107.76779,21.39056]]],[[[108.0044,21.39946],[108.00586,21.39649],[108,21.39353],[108,21.38908],[107.98608,21.38908],[107.98535,21.38463],[107.97949,21.38611],[107.97583,21.38018],[107.97217,21.38166],[107.96411,21.37721],[107.95458,21.3698],[107.95092,21.36238],[107.95239,21.35793],[107.94653,21.35497],[107.93188,21.35645],[107.92821,21.35942],[107.92895,21.36238],[107.9143,21.3609],[107.91283,21.35645],[107.90477,21.35942],[107.8784,21.35793],[107.86229,21.35052],[107.85863,21.34607],[107.85643,21.34755],[107.8513,21.34014],[107.84397,21.33865],[107.84031,21.34755],[107.84251,21.34607],[107.84397,21.352],[107.8491,21.35348],[107.84617,21.35497],[107.84984,21.35942],[107.85789,21.352],[107.85423,21.3609],[107.86156,21.36832],[107.84984,21.36683],[107.85057,21.3698],[107.84617,21.3698],[107.83885,21.36387],[107.82786,21.36387],[107.82932,21.36683],[107.83811,21.3698],[107.83885,21.37276],[107.84837,21.37425],[107.84544,21.37425],[107.84617,21.37721],[107.85423,21.37573],[107.85496,21.3787],[107.86229,21.38166],[107.86522,21.38166],[107.86595,21.3787],[107.87621,21.38315],[107.90551,21.38166],[107.95825,21.39649],[108,21.39649],[108.00073,21.39946],[108.0044,21.39946]]],[[[107.90038,21.41874],[107.90111,21.41429],[107.89891,21.41577],[107.90038,21.41874]]],[[[107.91576,21.44099],[107.92821,21.43802],[107.92895,21.43357],[107.937,21.4306],[107.93993,21.42467],[107.9436,21.42467],[107.9436,21.41874],[107.937,21.41429],[107.92602,21.41429],[107.91869,21.42171],[107.91576,21.42171],[107.91356,21.41726],[107.91063,21.41874],[107.91283,21.42319],[107.9099,21.42467],[107.9099,21.4306],[107.91576,21.44099]]],[[[107.95092,21.44247],[107.95165,21.43802],[107.94946,21.4395],[107.95092,21.44247]]],[[[108.06666,21.484],[108.06812,21.48103],[108.06519,21.48251],[108.06666,21.484]]],[[[108.04542,21.51217],[108.05714,21.51069],[108.04688,21.50921],[108.04542,21.51217]]],[[[108.02051,21.51514],[108.03077,21.51069],[108.02198,21.51217],[108.02051,21.51514]]],[[[108.04395,21.51514],[108.04542,21.51366],[108.03956,21.51366],[108.04395,21.51514]]],[[[107.89598,21.51811],[107.90038,21.51069],[107.89818,21.51514],[107.89525,21.51514],[107.89598,21.51811]]],[[[108.03736,21.5448],[108.04542,21.54184],[108.04761,21.53739],[108.03956,21.53887],[108.03736,21.5448]]],[[[106.71297,20.99903],[106.68587,21.00496],[106.65217,21.01979],[106.64558,21.01979],[106.63825,21.01237],[106.62214,21.01237],[106.61628,21.01979],[106.60968,21.02127],[106.60749,21.03165],[106.60089,21.03907],[106.59503,21.04055],[106.57672,21.05687],[106.57159,21.05687],[106.5694,21.0539],[106.55914,21.05687],[106.55401,21.05242],[106.54376,21.05538],[106.53277,21.04797],[106.52325,21.05093],[106.52325,21.04649],[106.51446,21.04649],[106.51885,21.0539],[106.51519,21.05538],[106.51666,21.05983],[106.49981,21.05687],[106.48662,21.06873],[106.4749,21.07021],[106.46391,21.06577],[106.45439,21.06577],[106.45366,21.07021],[106.44633,21.07021],[106.44633,21.07466],[106.44194,21.07615],[106.43974,21.0806],[106.45,21.09543],[106.43828,21.10581],[106.44194,21.11174],[106.44047,21.11767],[106.4456,21.11619],[106.44487,21.11916],[106.45732,21.11916],[106.46098,21.11471],[106.47051,21.11767],[106.4727,21.12361],[106.47417,21.12212],[106.48149,21.12657],[106.48076,21.12954],[106.48296,21.12806],[106.48296,21.14437],[106.47856,21.14585],[106.48296,21.16068],[106.48955,21.16662],[106.48589,21.17403],[106.48882,21.18145],[106.49541,21.18441],[106.49395,21.19924],[106.49981,21.20073],[106.49761,21.21259],[106.50127,21.22446],[106.5064,21.22149],[106.51153,21.22149],[106.51666,21.22594],[106.52838,21.22297],[106.54156,21.19183],[106.55768,21.19479],[106.5672,21.18886],[106.57965,21.19331],[106.58771,21.18886],[106.58991,21.18441],[106.58771,21.17848],[106.60602,21.17996],[106.60895,21.17106],[106.63386,21.17255],[106.63752,21.1681],[106.63972,21.17255],[106.63752,21.17848],[106.64118,21.18145],[106.65071,21.17403],[106.67854,21.17106],[106.68147,21.16662],[106.69685,21.17106],[106.69832,21.1681],[106.70711,21.1681],[106.7137,21.16068],[106.72029,21.16217],[106.72029,21.1592],[106.72689,21.1592],[106.73275,21.16217],[106.743,21.15623],[106.76718,21.15623],[106.76864,21.15178],[106.78476,21.15178],[106.79062,21.14882],[106.80307,21.15475],[106.81186,21.15327],[106.82065,21.15623],[106.8331,21.15327],[106.82578,21.16365],[106.82578,21.18886],[106.83896,21.1859],[106.85581,21.18886],[106.85874,21.17848],[106.869,21.17403],[106.87339,21.17403],[106.88218,21.18441],[106.8917,21.17996],[106.91661,21.18441],[106.9276,21.17255],[106.93639,21.16958],[106.93712,21.17255],[106.94151,21.17255],[106.94737,21.18886],[106.9547,21.19034],[106.95543,21.20666],[106.96129,21.20962],[106.96862,21.22594],[106.97301,21.22446],[106.97814,21.22742],[106.97594,21.23039],[106.97668,21.23929],[106.98107,21.24522],[106.98473,21.26005],[106.98327,21.26598],[106.97668,21.26895],[106.97375,21.27488],[106.97228,21.28378],[106.97448,21.28675],[106.98693,21.29416],[107.01037,21.29416],[107.01257,21.29861],[107.01989,21.30009],[107.03308,21.31492],[107.03161,21.32531],[107.05139,21.32975],[107.05066,21.33569],[107.05725,21.34014],[107.06238,21.34904],[107.0785,21.34607],[107.08289,21.35052],[107.08289,21.35497],[107.09461,21.35942],[107.09608,21.37425],[107.10047,21.37721],[107.11732,21.37425],[107.12391,21.3698],[107.13856,21.37128],[107.14296,21.3698],[107.14222,21.36535],[107.14589,21.36387],[107.15321,21.36832],[107.17152,21.36387],[107.17665,21.3698],[107.18251,21.37128],[107.18471,21.37573],[107.20302,21.3787],[107.20888,21.3876],[107.21621,21.38908],[107.22646,21.38166],[107.22646,21.37721],[107.23452,21.37425],[107.24038,21.36387],[107.24771,21.36832],[107.25283,21.36683],[107.25503,21.3698],[107.26455,21.40094],[107.25723,21.40391],[107.2565,21.41726],[107.2521,21.42319],[107.24771,21.42319],[107.24697,21.42912],[107.24111,21.43357],[107.24478,21.44395],[107.23965,21.44692],[107.24038,21.45582],[107.23745,21.46027],[107.24111,21.46472],[107.23892,21.47361],[107.24478,21.47806],[107.24551,21.484],[107.23599,21.49586],[107.23745,21.50773],[107.23306,21.51366],[107.23306,21.51959],[107.23013,21.52256],[107.22207,21.51959],[107.21987,21.52849],[107.21621,21.53294],[107.21035,21.53145],[107.20376,21.54332],[107.21181,21.54629],[107.21841,21.5537],[107.22866,21.55222],[107.23306,21.55518],[107.23525,21.55222],[107.24624,21.54925],[107.24844,21.55667],[107.25869,21.56408],[107.27554,21.5626],[107.28213,21.56853],[107.28287,21.57891],[107.28799,21.5804],[107.29166,21.59226],[107.29459,21.59374],[107.30924,21.59671],[107.3129,21.5893],[107.32316,21.59374],[107.32682,21.59226],[107.32828,21.58781],[107.34,21.58781],[107.33927,21.59078],[107.34293,21.59078],[107.3466,21.59523],[107.35905,21.59523],[107.36125,21.59968],[107.38249,21.59523],[107.39787,21.61006],[107.39494,21.61747],[107.4074,21.62192],[107.40886,21.62786],[107.41692,21.6323],[107.41692,21.63972],[107.43157,21.6501],[107.43743,21.6501],[107.44109,21.65455],[107.45354,21.65752],[107.46673,21.66493],[107.47845,21.66197],[107.48724,21.6501],[107.4887,21.6412],[107.49749,21.63527],[107.4931,21.62489],[107.49749,21.61747],[107.49603,21.60561],[107.48797,21.59968],[107.49603,21.59523],[107.50409,21.59523],[107.50702,21.59819],[107.51508,21.59671],[107.5246,21.5893],[107.53559,21.59374],[107.54438,21.5893],[107.55829,21.61302],[107.56855,21.61154],[107.57514,21.61747],[107.581,21.61747],[107.58466,21.61154],[107.59345,21.60709],[107.60664,21.60709],[107.6125,21.61006],[107.65425,21.60858],[107.66085,21.61006],[107.66451,21.61451],[107.68062,21.61006],[107.71066,21.61896],[107.72091,21.62786],[107.7319,21.62934],[107.74948,21.64269],[107.759,21.6412],[107.77146,21.64417],[107.77365,21.64862],[107.78025,21.64862],[107.78171,21.65603],[107.80149,21.65455],[107.80808,21.659],[107.81394,21.659],[107.83006,21.65159],[107.83299,21.64417],[107.83958,21.6412],[107.84397,21.6412],[107.8469,21.6501],[107.85716,21.65455],[107.86156,21.64862],[107.86888,21.64862],[107.87108,21.64269],[107.87767,21.6412],[107.8784,21.63082],[107.88793,21.62637],[107.88573,21.62044],[107.89086,21.61599],[107.88353,21.61006],[107.885,21.60709],[107.89379,21.60561],[107.89086,21.59819],[107.89891,21.59523],[107.89965,21.5893],[107.90184,21.58781],[107.90551,21.59226],[107.9143,21.58781],[107.92528,21.5893],[107.92528,21.58336],[107.9414,21.5715],[107.95458,21.53739],[107.96777,21.5359],[107.97949,21.5448],[108.02417,21.55222],[108.0293,21.55667],[108.05054,21.55518],[108.0586,21.54035],[108.07032,21.53887],[108.07032,21.53294],[108.06373,21.53294],[108.05567,21.5359],[108.04981,21.5448],[108.03882,21.5448],[108.0337,21.54777],[108.03736,21.53887],[108.04761,21.53442],[108.04761,21.52404],[108.03956,21.52552],[108.03736,21.53145],[108.01758,21.5359],[108.0337,21.52849],[108.03809,21.52256],[108.0337,21.51811],[108.03956,21.51959],[108.04029,21.51662],[108.02344,21.51366],[108.01099,21.52107],[108.01465,21.51366],[108.01905,21.51217],[108.01685,21.50921],[108.03589,21.50921],[108.03736,21.51366],[108.04615,21.50921],[108.04029,21.50328],[108.03589,21.50773],[108.03663,21.50179],[108.03003,21.50476],[108.03516,21.49883],[108.02857,21.49883],[108.0271,21.50179],[108.02857,21.49586],[108.01245,21.48993],[108.01612,21.49141],[108.02051,21.48696],[108.03223,21.48696],[108.04615,21.49586],[108.06373,21.49586],[108.07618,21.48993],[108.07472,21.48548],[108.07911,21.484],[108.06812,21.48251],[108.06593,21.48548],[108.04981,21.48548],[108.02124,21.47806],[107.99707,21.46323],[107.98169,21.44544],[107.97876,21.43802],[107.9729,21.43802],[107.96997,21.43357],[107.96411,21.43505],[107.96777,21.44247],[107.96704,21.4484],[107.97436,21.45285],[107.97803,21.46027],[107.98682,21.46472],[107.98682,21.47361],[107.98462,21.47361],[107.98242,21.48103],[107.98828,21.484],[107.98755,21.48696],[107.98022,21.48103],[107.98096,21.48845],[107.9729,21.484],[107.98389,21.47213],[107.97876,21.46472],[107.97583,21.47955],[107.9729,21.48103],[107.96777,21.47806],[107.96338,21.48548],[107.96191,21.47806],[107.97363,21.47658],[107.97217,21.46472],[107.96338,21.46175],[107.96118,21.47065],[107.96118,21.45878],[107.95898,21.4662],[107.95165,21.44395],[107.94579,21.44544],[107.94213,21.44989],[107.94726,21.45433],[107.94726,21.45878],[107.94726,21.45582],[107.94067,21.45137],[107.93627,21.45582],[107.94506,21.43802],[107.93041,21.43802],[107.91503,21.44692],[107.91576,21.46027],[107.91283,21.46027],[107.91137,21.4662],[107.90917,21.4662],[107.9121,21.46768],[107.9121,21.47213],[107.91723,21.47213],[107.91869,21.47806],[107.93334,21.484],[107.93041,21.48548],[107.93481,21.49141],[107.9436,21.48993],[107.94726,21.49289],[107.93334,21.49289],[107.92895,21.48548],[107.92675,21.48548],[107.92895,21.49289],[107.92528,21.48696],[107.91503,21.48696],[107.9143,21.49141],[107.9099,21.48993],[107.9077,21.49141],[107.90917,21.49586],[107.90331,21.49586],[107.9077,21.50328],[107.9121,21.50476],[107.9121,21.50921],[107.9099,21.50773],[107.9143,21.51217],[107.91063,21.51217],[107.9121,21.51811],[107.9099,21.51811],[107.90697,21.50773],[107.90331,21.50328],[107.90038,21.50476],[107.89891,21.50921],[107.90331,21.50773],[107.90331,21.51069],[107.89598,21.51959],[107.89672,21.52552],[107.89452,21.52552],[107.89452,21.51811],[107.89086,21.51514],[107.89379,21.51514],[107.89598,21.50921],[107.89159,21.51069],[107.88793,21.50476],[107.87621,21.50476],[107.88353,21.50476],[107.88426,21.50031],[107.8806,21.50031],[107.87401,21.48993],[107.86815,21.49141],[107.86668,21.49586],[107.86302,21.49438],[107.86009,21.49734],[107.86009,21.50328],[107.8557,21.50624],[107.85423,21.51662],[107.86156,21.51514],[107.86082,21.51811],[107.85057,21.51959],[107.84837,21.49289],[107.83885,21.4751],[107.83225,21.47658],[107.83299,21.48845],[107.82859,21.50328],[107.83152,21.51811],[107.83006,21.52552],[107.82713,21.51514],[107.82346,21.51217],[107.822,21.51366],[107.822,21.49438],[107.8176,21.48251],[107.81174,21.48548],[107.81174,21.49141],[107.80881,21.49141],[107.80735,21.50328],[107.80515,21.50328],[107.80442,21.49438],[107.79856,21.49883],[107.80149,21.50179],[107.79929,21.50773],[107.7949,21.50921],[107.79929,21.50476],[107.79709,21.50031],[107.78757,21.50921],[107.78977,21.51366],[107.78611,21.51069],[107.78904,21.50476],[107.78098,21.50624],[107.77658,21.51217],[107.76486,21.51069],[107.77585,21.51069],[107.77951,21.50476],[107.79929,21.49586],[107.80295,21.47213],[107.80076,21.47065],[107.79929,21.4751],[107.79929,21.47213],[107.79416,21.47361],[107.7927,21.47065],[107.79123,21.47361],[107.78977,21.47065],[107.7927,21.46768],[107.78757,21.46323],[107.78904,21.4573],[107.78171,21.45433],[107.78098,21.44692],[107.76853,21.44247],[107.76779,21.43505],[107.7612,21.4306],[107.7634,21.42022],[107.75974,21.42171],[107.759,21.41281],[107.75607,21.41281],[107.75388,21.40836],[107.75461,21.40391],[107.74802,21.39798],[107.73703,21.39946],[107.7363,21.39649],[107.7297,21.39798],[107.7297,21.39501],[107.72384,21.39353],[107.72018,21.40688],[107.71725,21.40836],[107.72091,21.39501],[107.71432,21.3876],[107.70699,21.38611],[107.7004,21.38908],[107.69454,21.40539],[107.69601,21.3876],[107.68502,21.3876],[107.68795,21.38166],[107.68282,21.38018],[107.67843,21.38908],[107.67989,21.39649],[107.67843,21.39353],[107.6711,21.39501],[107.67696,21.40539],[107.6755,21.40984],[107.6755,21.40539],[107.66597,21.39501],[107.67476,21.39056],[107.67623,21.38018],[107.67257,21.37425],[107.6689,21.37425],[107.66964,21.3698],[107.66524,21.36683],[107.64839,21.37128],[107.63814,21.38463],[107.6396,21.37721],[107.64986,21.3609],[107.65059,21.35497],[107.64693,21.35348],[107.64546,21.3431],[107.63814,21.33865],[107.63594,21.33272],[107.63301,21.3342],[107.62862,21.32234],[107.62129,21.32531],[107.61909,21.33124],[107.61909,21.32679],[107.61689,21.32679],[107.62202,21.32382],[107.61982,21.32086],[107.62349,21.31937],[107.62349,21.31492],[107.6147,21.31047],[107.62056,21.30454],[107.61836,21.30603],[107.61323,21.29861],[107.60664,21.30306],[107.60957,21.29564],[107.60664,21.29564],[107.60298,21.28971],[107.59052,21.28823],[107.58759,21.29119],[107.58979,21.28526],[107.58173,21.28675],[107.58686,21.2823],[107.57661,21.2823],[107.57294,21.28526],[107.57661,21.29416],[107.57294,21.29119],[107.56708,21.31344],[107.56562,21.30751],[107.57075,21.29268],[107.57001,21.28526],[107.55903,21.29119],[107.55317,21.30603],[107.54731,21.31196],[107.54657,21.32234],[107.54511,21.32086],[107.54364,21.32531],[107.53705,21.32975],[107.53632,21.3342],[107.53412,21.33272],[107.54438,21.31789],[107.54511,21.30899],[107.53559,21.31047],[107.53412,21.32086],[107.53192,21.30899],[107.52606,21.31047],[107.52533,21.31492],[107.5246,21.31047],[107.52753,21.30751],[107.53632,21.30751],[107.54584,21.30306],[107.55024,21.29268],[107.54291,21.29416],[107.54731,21.29268],[107.54731,21.28971],[107.53412,21.28971],[107.52973,21.29861],[107.52606,21.29564],[107.52899,21.29564],[107.53046,21.29119],[107.51874,21.29119],[107.51581,21.29564],[107.51654,21.30603],[107.51434,21.30603],[107.51508,21.30158],[107.50921,21.30454],[107.51288,21.30158],[107.51288,21.29416],[107.50262,21.29713],[107.50921,21.29416],[107.50262,21.29119],[107.4909,21.29564],[107.48504,21.30158],[107.4931,21.29119],[107.48651,21.28823],[107.48577,21.29119],[107.47845,21.29416],[107.47845,21.29713],[107.47112,21.30009],[107.4638,21.31196],[107.466,21.29564],[107.44036,21.30306],[107.44549,21.29416],[107.44768,21.29564],[107.45208,21.29119],[107.45281,21.2823],[107.42791,21.27785],[107.42205,21.2734],[107.42131,21.26747],[107.41912,21.27191],[107.41326,21.27191],[107.4074,21.28081],[107.41033,21.2823],[107.4074,21.28526],[107.4074,21.29416],[107.40153,21.29861],[107.39934,21.30603],[107.39201,21.30751],[107.39201,21.30158],[107.38835,21.30751],[107.38176,21.30751],[107.38102,21.31047],[107.37297,21.31196],[107.37004,21.31641],[107.37516,21.30751],[107.38249,21.30751],[107.38688,21.30158],[107.38249,21.30158],[107.38249,21.29861],[107.39274,21.29564],[107.39201,21.29268],[107.39714,21.28526],[107.39201,21.2823],[107.38395,21.28675],[107.38249,21.29119],[107.38762,21.28823],[107.38395,21.29416],[107.38102,21.28971],[107.37883,21.29268],[107.37297,21.29268],[107.37004,21.29564],[107.3715,21.29861],[107.3737,21.29713],[107.37004,21.30454],[107.36857,21.29861],[107.36051,21.30158],[107.36637,21.29861],[107.36271,21.29861],[107.36491,21.29416],[107.36857,21.29713],[107.3715,21.28823],[107.37516,21.29119],[107.38322,21.2823],[107.38981,21.28081],[107.38469,21.28081],[107.37956,21.2734],[107.37297,21.2734],[107.36784,21.27785],[107.3693,21.2823],[107.36564,21.28081],[107.36198,21.28526],[107.36125,21.28081],[107.36564,21.27933],[107.36564,21.27488],[107.36198,21.27488],[107.36125,21.27191],[107.36711,21.2734],[107.3693,21.27043],[107.3737,21.27043],[107.37077,21.26598],[107.37663,21.26747],[107.37297,21.26302],[107.38395,21.26747],[107.38322,21.26302],[107.3759,21.25857],[107.37516,21.25115],[107.3693,21.24819],[107.36784,21.23484],[107.3715,21.24819],[107.3737,21.24967],[107.37516,21.2467],[107.37223,21.2378],[107.37516,21.23632],[107.37736,21.24077],[107.3759,21.24967],[107.38395,21.26005],[107.38762,21.26005],[107.37736,21.24077],[107.37663,21.23039],[107.37004,21.22297],[107.36344,21.22149],[107.3715,21.22001],[107.37077,21.21259],[107.36711,21.21111],[107.36711,21.20814],[107.37077,21.21111],[107.3759,21.22891],[107.38102,21.23187],[107.38542,21.24819],[107.39348,21.2556],[107.41472,21.25708],[107.40813,21.25115],[107.41179,21.25115],[107.41692,21.2556],[107.42717,21.2556],[107.4345,21.26005],[107.4367,21.24374],[107.43303,21.24225],[107.43963,21.24225],[107.43743,21.23632],[107.43157,21.23484],[107.42644,21.22742],[107.40886,21.21852],[107.41765,21.21704],[107.41106,21.21111],[107.403,21.21111],[107.4052,21.20962],[107.40373,21.20666],[107.40666,21.20962],[107.41106,21.20814],[107.39494,21.18886],[107.38395,21.18293],[107.3715,21.18441],[107.36711,21.18886],[107.3693,21.18145],[107.38029,21.18145],[107.3759,21.17551],[107.38102,21.17996],[107.39714,21.18145],[107.39714,21.177],[107.39128,21.17255],[107.38688,21.15327],[107.38908,21.15178],[107.38981,21.15475],[107.38688,21.14437],[107.39128,21.13695],[107.39055,21.12657],[107.38395,21.11916],[107.38615,21.11471],[107.38102,21.10433],[107.3759,21.10136],[107.37443,21.09394],[107.36784,21.10136],[107.37077,21.09246],[107.37736,21.08801],[107.37736,21.08505],[107.37223,21.08208],[107.36637,21.08356],[107.36344,21.07763],[107.35685,21.07615],[107.35978,21.07615],[107.35978,21.07318],[107.36198,21.07466],[107.36198,21.07021],[107.36637,21.06873],[107.36564,21.05983],[107.36857,21.0539],[107.36344,21.03907],[107.36491,21.0361],[107.36784,21.03759],[107.37223,21.03017],[107.37297,21.02276],[107.36857,21.02127],[107.35905,21.00496],[107.35246,21.00348],[107.35319,21.00644],[107.35099,21.00644],[107.3466,20.99754],[107.34,20.99606],[107.33854,21.00199],[107.33341,21.00199],[107.33268,20.99309],[107.32096,20.99903],[107.30558,20.99903],[107.30704,21.00199],[107.29898,21.00199],[107.29972,20.99903],[107.29532,20.99606],[107.28653,20.99606],[107.28213,20.99903],[107.28213,20.99606],[107.26822,20.99754],[107.25576,20.99309],[107.2521,20.99458],[107.2499,20.99161],[107.24111,20.99161],[107.24038,20.98716],[107.24624,20.98123],[107.24038,20.98271],[107.24111,20.98568],[107.23599,20.98864],[107.23599,20.98271],[107.23159,20.98271],[107.23232,20.97975],[107.22939,20.98123],[107.22573,20.97381],[107.2228,20.9753],[107.21621,20.96936],[107.21987,20.95898],[107.21694,20.95898],[107.21255,20.95305],[107.21621,20.95305],[107.21621,20.95008],[107.20522,20.9486],[107.20376,20.95453],[107.20888,20.96492],[107.20376,20.96195],[107.20083,20.95305],[107.19423,20.9486],[107.20083,20.93822],[107.1979,20.93377],[107.18618,20.93525],[107.16713,20.93229],[107.16566,20.92784],[107.15175,20.92339],[107.15101,20.92784],[107.14808,20.92784],[107.15028,20.93377],[107.14662,20.9308],[107.14369,20.93525],[107.14515,20.9397],[107.14882,20.93822],[107.14735,20.94415],[107.13343,20.93674],[107.1327,20.94119],[107.11878,20.93822],[107.10926,20.9397],[107.10047,20.94712],[107.09388,20.94712],[107.09168,20.95157],[107.08362,20.95008],[107.07996,20.94415],[107.07483,20.94564],[107.07703,20.9486],[107.06897,20.9486],[107.06604,20.9575],[107.06751,20.96047],[107.07117,20.96047],[107.07923,20.9842],[107.10267,20.99903],[107.1012,21.00348],[107.10926,21.01237],[107.13124,21.01386],[107.1305,21.02721],[107.12171,21.01534],[107.11146,21.01386],[107.1078,21.01682],[107.10194,21.01386],[107.09608,21.00348],[107.08143,20.99161],[107.08362,21.00496],[107.08069,21.01682],[107.08069,21.00496],[107.0763,20.98864],[107.0719,20.98864],[107.07483,20.99161],[107.07264,20.99161],[107.05579,20.9842],[107.05286,20.99161],[107.05066,20.98864],[107.04919,20.99309],[107.06018,21.00051],[107.06165,21.00941],[107.05798,21.01831],[107.06165,21.02572],[107.05652,21.01979],[107.05872,21.00941],[107.05579,21.00199],[107.0448,20.99309],[107.047,21.00051],[107.0448,21.01386],[107.04773,21.01534],[107.04846,21.02127],[107.04553,21.01534],[107.0426,21.01534],[107.03161,21.02869],[107.04187,21.01237],[107.03967,21.01089],[107.03674,21.01237],[107.03381,21.00941],[107.03235,21.01386],[107.02649,21.01386],[107.03161,21.01237],[107.03161,21.00792],[107.02649,21.01237],[107.02429,21.00941],[107.02868,21.00644],[107.01989,21.00941],[107.02356,21.00496],[107.0177,21.00348],[107.0177,20.99903],[107.0155,20.99903],[107.00964,21.00941],[107.00671,21.00941],[107.00671,21.01386],[107.00378,21.01237],[107.01257,20.99754],[107.03821,20.99903],[107.04187,20.98716],[107.03235,20.99309],[107.01403,20.99013],[107.00744,21.00496],[107.00451,21.00496],[107.00012,21.01237],[106.99133,21.01534],[106.99279,21.01237],[106.99938,21.01237],[107.00891,20.99754],[107.00964,20.99161],[107.01477,20.98864],[107.03454,20.99013],[107.04333,20.97975],[107.04993,20.97975],[107.05579,20.9664],[107.06458,20.96195],[107.06165,20.9575],[107.05286,20.95602],[107.04333,20.9486],[107.03235,20.94712],[107.03161,20.94415],[107.02649,20.94415],[107.02136,20.95305],[107.0155,20.95008],[106.99865,20.96047],[106.99279,20.96047],[106.9884,20.95602],[106.97008,20.95008],[106.93785,20.95008],[106.93272,20.95602],[106.92613,20.95602],[106.91881,20.96788],[106.90049,20.96788],[106.88877,20.9753],[106.88731,20.97826],[106.89097,20.99161],[106.88731,20.97975],[106.88731,20.99309],[106.88365,20.98716],[106.88438,20.97975],[106.88072,20.98568],[106.88072,20.97826],[106.87779,20.98123],[106.87925,20.98568],[106.87412,20.98568],[106.87632,20.98123],[106.87266,20.97975],[106.86607,20.98864],[106.87119,20.97826],[106.8624,20.97826],[106.87339,20.9753],[106.87559,20.96492],[106.8646,20.96343],[106.88658,20.96195],[106.89097,20.96492],[106.88951,20.9575],[106.88584,20.9575],[106.88731,20.95008],[106.88365,20.95008],[106.88438,20.95453],[106.88145,20.9575],[106.87779,20.95602],[106.87852,20.96047],[106.87632,20.9575],[106.87705,20.95453],[106.88145,20.95602],[106.87998,20.95157],[106.88218,20.9486],[106.88584,20.9486],[106.88584,20.94564],[106.88145,20.94564],[106.88145,20.94267],[106.88584,20.94119],[106.88365,20.9397],[106.87925,20.94415],[106.88145,20.94712],[106.87779,20.9486],[106.87559,20.95602],[106.87632,20.94712],[106.88218,20.93822],[106.87705,20.93525],[106.87486,20.9397],[106.87266,20.93525],[106.869,20.93525],[106.87779,20.93377],[106.88218,20.93674],[106.88365,20.93229],[106.88072,20.92636],[106.8917,20.91301],[106.88804,20.90707],[106.88877,20.90263],[106.88291,20.90114],[106.88145,20.89224],[106.87705,20.89224],[106.87779,20.89521],[106.87486,20.89373],[106.87779,20.89818],[106.87559,20.91004],[106.87852,20.91004],[106.87559,20.91449],[106.87998,20.92636],[106.87486,20.92784],[106.87193,20.92487],[106.87339,20.91152],[106.87266,20.90707],[106.87046,20.90707],[106.87193,20.90411],[106.86973,20.90411],[106.87193,20.89224],[106.87559,20.88779],[106.86826,20.88038],[106.87046,20.87296],[106.85508,20.87],[106.85361,20.8789],[106.84995,20.88038],[106.84775,20.88631],[106.84995,20.90114],[106.84409,20.90856],[106.8353,20.91301],[106.8309,20.92339],[106.81625,20.92636],[106.80307,20.93525],[106.78183,20.93377],[106.77377,20.94119],[106.77304,20.97233],[106.78842,20.97678],[106.80307,20.97233],[106.79648,20.97826],[106.79062,20.97826],[106.80087,20.99903],[106.79721,20.99161],[106.79574,20.99754],[106.79574,20.99161],[106.79208,20.99754],[106.79355,20.98716],[106.78915,20.98271],[106.78695,20.98568],[106.78915,20.99903],[106.78695,20.99754],[106.78549,21.00348],[106.79355,21.01237],[106.79208,21.01682],[106.79135,21.01089],[106.78476,21.00792],[106.78476,21.00051],[106.78183,20.99754],[106.7789,21.00199],[106.78476,21.01237],[106.7789,21.00941],[106.7789,21.01386],[106.7745,21.01682],[106.77816,21.01237],[106.7767,21.00792],[106.77377,21.00792],[106.77523,20.99903],[106.77304,20.99903],[106.77011,20.99161],[106.77597,20.99013],[106.77523,20.99309],[106.78183,20.99606],[106.78109,20.99161],[106.78622,20.98716],[106.78329,20.97826],[106.77084,20.97678],[106.76132,20.99161],[106.76425,20.99458],[106.75985,20.99161],[106.75692,20.99754],[106.74813,21.00199],[106.73494,21.00199],[106.73861,21.00792],[106.74081,21.00348],[106.7452,21.00348],[106.7452,21.00792],[106.74667,21.00348],[106.75399,21.00051],[106.75765,21.00199],[106.75692,21.00496],[106.76278,21.00348],[106.75985,21.00348],[106.76132,20.99903],[106.75839,20.99903],[106.75912,20.99606],[106.76278,21.00199],[106.76644,21.00051],[106.76498,21.00644],[106.76058,21.00941],[106.76058,21.01534],[106.76425,21.01386],[106.76571,21.01682],[106.76132,21.01682],[106.76278,21.02127],[106.75619,21.02127],[106.75472,21.02572],[106.75179,21.02424],[106.74667,21.03165],[106.74374,21.03017],[106.74593,21.02572],[106.74081,21.02869],[106.743,21.02424],[106.74886,21.02572],[106.74813,21.01979],[106.74227,21.01831],[106.74227,21.01237],[106.73861,21.01682],[106.73641,21.00792],[106.73714,21.01682],[106.73494,21.01979],[106.73714,21.02127],[106.73494,21.02276],[106.73641,21.01534],[106.73348,21.00644],[106.72762,21.00792],[106.72615,21.00496],[106.72689,21.00051],[106.73348,21.00496],[106.73201,21.00051],[106.7159,20.99903],[106.71077,21.00348],[106.70784,21.00199],[106.71297,20.99903]]]]}},{"type":"Feature","properties":{"id":"son-la","name":"Sơn La","type":"Tỉnh","region":"Tây Bắc","mergedFrom":["Sơn La"],"areaKm2":null,"population":null},"geometry":{"type":"MultiPolygon","coordinates":[[[[103.92208,21.69904],[103.93746,21.69015],[103.936,21.66938],[103.9631,21.66938],[103.96677,21.6679],[103.96823,21.66345],[103.98215,21.67828],[103.98654,21.67383],[103.9968,21.67531],[104.00559,21.67235],[104.00559,21.66642],[104.01291,21.6679],[104.01438,21.67087],[104.02097,21.6679],[104.0283,21.67235],[104.04734,21.65752],[104.07664,21.65159],[104.08617,21.64269],[104.09276,21.64269],[104.10082,21.64714],[104.11693,21.64714],[104.12499,21.65307],[104.15356,21.65603],[104.15942,21.65603],[104.17187,21.64862],[104.177,21.6501],[104.19238,21.64714],[104.20337,21.65603],[104.21436,21.67235],[104.23267,21.67235],[104.23926,21.66938],[104.24366,21.67235],[104.25464,21.67087],[104.25464,21.66642],[104.25977,21.66345],[104.27296,21.66493],[104.27808,21.66197],[104.28834,21.66197],[104.29567,21.65307],[104.31032,21.65603],[104.33888,21.65307],[104.33888,21.6412],[104.33009,21.63824],[104.3279,21.63082],[104.3213,21.62786],[104.31325,21.61599],[104.30812,21.61451],[104.30592,21.60858],[104.28687,21.59968],[104.29127,21.59374],[104.29713,21.5715],[104.28614,21.56705],[104.27589,21.55222],[104.28175,21.53739],[104.29273,21.52552],[104.2942,21.51069],[104.29127,21.50179],[104.28394,21.49289],[104.28541,21.48696],[104.28248,21.48548],[104.28175,21.47213],[104.28687,21.46323],[104.29273,21.45878],[104.29786,21.45878],[104.30153,21.45433],[104.29786,21.4395],[104.30153,21.43802],[104.30299,21.43357],[104.31837,21.42912],[104.32277,21.41726],[104.33009,21.40836],[104.34255,21.40984],[104.34181,21.41726],[104.34841,21.41874],[104.36599,21.39946],[104.37185,21.39798],[104.37917,21.40243],[104.38869,21.40094],[104.39602,21.39204],[104.41287,21.38611],[104.41726,21.38018],[104.41873,21.36238],[104.43045,21.35348],[104.4451,21.35793],[104.45609,21.35348],[104.4744,21.352],[104.48099,21.35645],[104.48465,21.36387],[104.5037,21.37721],[104.51249,21.3876],[104.51322,21.39501],[104.53007,21.41429],[104.53886,21.41429],[104.54912,21.40984],[104.5645,21.40984],[104.56963,21.41281],[104.57842,21.40836],[104.58135,21.41874],[104.5894,21.42319],[104.60405,21.41726],[104.61065,21.40539],[104.63629,21.3876],[104.64068,21.3876],[104.64434,21.38315],[104.64947,21.38315],[104.65167,21.38611],[104.66998,21.37573],[104.68463,21.37721],[104.68829,21.38463],[104.68683,21.39353],[104.68976,21.40094],[104.69635,21.39946],[104.70514,21.40539],[104.70954,21.39946],[104.71979,21.39946],[104.73298,21.40688],[104.73371,21.38166],[104.7425,21.36832],[104.7469,21.36832],[104.74763,21.352],[104.75056,21.35052],[104.75642,21.35348],[104.75642,21.34755],[104.76741,21.34607],[104.76814,21.32975],[104.77913,21.32679],[104.78792,21.32975],[104.79451,21.33569],[104.80037,21.33124],[104.81575,21.3342],[104.81648,21.32382],[104.82967,21.31344],[104.83699,21.31344],[104.84285,21.30899],[104.84139,21.26005],[104.85018,21.2556],[104.84872,21.24819],[104.85531,21.23335],[104.85531,21.23039],[104.85018,21.23187],[104.84945,21.22742],[104.84505,21.22446],[104.85604,21.21852],[104.8641,21.20666],[104.85751,21.18441],[104.85165,21.17848],[104.85897,21.17403],[104.85311,21.1503],[104.85897,21.14437],[104.86776,21.14437],[104.88021,21.1325],[104.8956,21.12806],[104.89706,21.12361],[104.90805,21.11619],[104.91244,21.11619],[104.91391,21.11174],[104.90805,21.11322],[104.87728,21.09988],[104.87069,21.09098],[104.87289,21.08653],[104.86776,21.07615],[104.85751,21.07911],[104.85238,21.07763],[104.85238,21.06873],[104.85824,21.05835],[104.85751,21.05242],[104.86483,21.04055],[104.86556,21.03165],[104.87948,21.02424],[104.88754,21.01237],[104.89413,20.98716],[104.90658,20.97381],[104.92123,20.96492],[104.93881,20.93229],[104.952,20.92636],[104.96519,20.91152],[104.97251,20.91152],[104.97764,20.90707],[104.97691,20.89669],[104.98863,20.88038],[104.99156,20.86703],[105.00035,20.85665],[104.99668,20.84627],[105.00547,20.84479],[105.00254,20.83737],[105.00474,20.83292],[105.00328,20.82551],[104.9857,20.81364],[105.00108,20.81364],[105.01353,20.80474],[105.01793,20.80622],[105.02452,20.80178],[105.015,20.79288],[105.01207,20.78546],[105.00474,20.78991],[105.00547,20.7825],[104.99668,20.76322],[104.99229,20.76173],[104.99009,20.7558],[104.99229,20.75135],[105.00108,20.74987],[105.0128,20.74097],[105.0128,20.73355],[105.0084,20.73504],[105.0084,20.73207],[105.00401,20.73207],[104.99888,20.72762],[104.98423,20.72762],[104.97837,20.73059],[104.97324,20.72614],[104.9542,20.73949],[104.94467,20.73652],[104.93955,20.74394],[104.9227,20.74394],[104.91611,20.75283],[104.89853,20.7558],[104.8934,20.75877],[104.89193,20.76322],[104.88461,20.76322],[104.88168,20.76766],[104.87289,20.76766],[104.85824,20.75432],[104.84212,20.75283],[104.83699,20.74838],[104.83553,20.74245],[104.83699,20.73355],[104.84432,20.73059],[104.83773,20.71576],[104.84872,20.70241],[104.83699,20.69944],[104.83553,20.69648],[104.83992,20.69203],[104.84066,20.68609],[104.83626,20.66088],[104.84725,20.6505],[104.82674,20.64012],[104.81575,20.62974],[104.81575,20.6327],[104.81209,20.6327],[104.8055,20.62232],[104.79964,20.61936],[104.79817,20.60897],[104.8011,20.60304],[104.8011,20.58228],[104.78279,20.58228],[104.77766,20.57338],[104.77034,20.57486],[104.76594,20.58228],[104.76008,20.58228],[104.75495,20.57486],[104.74177,20.57338],[104.72638,20.59118],[104.72272,20.60304],[104.7154,20.60452],[104.69708,20.60156],[104.69415,20.59563],[104.6861,20.59414],[104.68536,20.61046],[104.67438,20.62084],[104.66412,20.62232],[104.65753,20.63715],[104.6502,20.63864],[104.63922,20.65347],[104.64068,20.66385],[104.63775,20.67126],[104.62383,20.67275],[104.60332,20.66978],[104.59746,20.67423],[104.59526,20.67275],[104.58501,20.68016],[104.58647,20.69203],[104.58281,20.69944],[104.5645,20.71576],[104.55131,20.71872],[104.533,20.71131],[104.52568,20.69944],[104.50736,20.70834],[104.50883,20.71279],[104.50223,20.71131],[104.49637,20.71427],[104.48832,20.72762],[104.48905,20.74394],[104.48465,20.75283],[104.48246,20.76766],[104.4722,20.77211],[104.47074,20.77805],[104.45535,20.77805],[104.45169,20.78101],[104.44803,20.79733],[104.43265,20.79584],[104.42679,20.78991],[104.4158,20.79733],[104.40628,20.81067],[104.39895,20.81364],[104.39602,20.81957],[104.38869,20.82402],[104.38064,20.82699],[104.38064,20.81957],[104.37331,20.82106],[104.36086,20.83589],[104.34841,20.8433],[104.34767,20.84923],[104.34181,20.84923],[104.33888,20.8522],[104.33669,20.85962],[104.32936,20.85517],[104.32716,20.85962],[104.33522,20.87296],[104.33302,20.88038],[104.31178,20.90411],[104.29493,20.91004],[104.29127,20.92339],[104.28028,20.92487],[104.27296,20.91894],[104.26563,20.91746],[104.26417,20.90856],[104.25684,20.89818],[104.24952,20.90114],[104.23853,20.91301],[104.23706,20.91894],[104.24219,20.92487],[104.24219,20.93377],[104.23487,20.93377],[104.22534,20.9397],[104.21729,20.93822],[104.2063,20.94564],[104.19678,20.94415],[104.19165,20.95602],[104.15429,20.95453],[104.13451,20.94712],[104.12938,20.95157],[104.12499,20.9664],[104.10668,20.97678],[104.10301,20.97678],[104.09203,20.96343],[104.08104,20.95898],[104.07225,20.96047],[104.06492,20.95305],[104.05247,20.95008],[104.0576,20.93822],[104.04881,20.92784],[104.04954,20.91449],[104.04295,20.90707],[104.03782,20.90707],[104.03269,20.90263],[103.9968,20.90263],[103.9924,20.90856],[103.97775,20.90856],[103.97849,20.91301],[103.97409,20.91301],[103.96823,20.90263],[103.94479,20.89373],[103.94113,20.89966],[103.93234,20.90263],[103.91476,20.89966],[103.90084,20.90411],[103.87374,20.88483],[103.86641,20.87296],[103.85982,20.87],[103.85249,20.85962],[103.84224,20.86258],[103.83345,20.87],[103.82832,20.87],[103.8166,20.86258],[103.81294,20.86407],[103.81367,20.8522],[103.80048,20.84923],[103.81001,20.82847],[103.80854,20.82254],[103.79682,20.81809],[103.77997,20.80326],[103.78217,20.79584],[103.77997,20.78991],[103.7895,20.77953],[103.7829,20.7647],[103.79023,20.7469],[103.77118,20.73355],[103.76313,20.738],[103.75653,20.73059],[103.74408,20.73059],[103.73969,20.73355],[103.73236,20.73207],[103.73163,20.72169],[103.7287,20.72021],[103.73602,20.70982],[103.73309,20.70093],[103.73456,20.69351],[103.74188,20.68758],[103.74481,20.6772],[103.73382,20.66681],[103.72723,20.66533],[103.71112,20.66681],[103.69427,20.66088],[103.68182,20.66088],[103.67449,20.66681],[103.67376,20.68165],[103.66717,20.69796],[103.65691,20.69499],[103.64885,20.69796],[103.63713,20.71872],[103.63127,20.71872],[103.6093,20.7291],[103.60783,20.73652],[103.59831,20.74394],[103.58805,20.7469],[103.57194,20.74542],[103.56315,20.74838],[103.55729,20.74394],[103.5485,20.74394],[103.53678,20.75283],[103.52506,20.74838],[103.50894,20.75283],[103.50235,20.76322],[103.50015,20.77508],[103.4877,20.78546],[103.48257,20.79436],[103.48404,20.81067],[103.47744,20.81364],[103.46646,20.82699],[103.45107,20.82106],[103.44375,20.80919],[103.44009,20.79288],[103.43423,20.79584],[103.41225,20.79584],[103.40712,20.78694],[103.3998,20.7825],[103.39613,20.78546],[103.38441,20.78546],[103.37636,20.79436],[103.37343,20.79436],[103.36464,20.80622],[103.35072,20.80178],[103.33973,20.81067],[103.3346,20.81067],[103.31922,20.81957],[103.30018,20.82106],[103.29725,20.83144],[103.29138,20.83737],[103.28699,20.83737],[103.27893,20.82699],[103.26794,20.82254],[103.23352,20.83589],[103.23278,20.84182],[103.22766,20.8433],[103.22619,20.8522],[103.23498,20.87296],[103.22326,20.88631],[103.21374,20.89224],[103.22546,20.89669],[103.2489,20.89373],[103.26941,20.90263],[103.28259,20.89818],[103.29065,20.90856],[103.28186,20.91894],[103.27747,20.93525],[103.28626,20.94564],[103.30164,20.94712],[103.30091,20.97085],[103.29578,20.97678],[103.28992,20.99309],[103.28406,20.99606],[103.28552,20.99903],[103.27966,20.99903],[103.2804,21.00348],[103.28552,21.00496],[103.28772,21.00941],[103.28626,21.01682],[103.29358,21.01831],[103.29432,21.02127],[103.29138,21.02276],[103.29358,21.02572],[103.28992,21.02721],[103.29138,21.03017],[103.28772,21.03165],[103.28845,21.03759],[103.27893,21.045],[103.27966,21.05093],[103.27673,21.05538],[103.28113,21.05983],[103.27747,21.06132],[103.28333,21.06132],[103.28406,21.06577],[103.28992,21.06132],[103.30311,21.06132],[103.30018,21.06873],[103.29065,21.07763],[103.29358,21.08356],[103.28992,21.09543],[103.29944,21.09691],[103.31556,21.09246],[103.32069,21.09543],[103.32801,21.09098],[103.33607,21.09098],[103.36024,21.0717],[103.36903,21.07021],[103.37269,21.0628],[103.39467,21.0628],[103.40639,21.05983],[103.42837,21.06725],[103.42837,21.07021],[103.42177,21.07318],[103.41152,21.08653],[103.40346,21.10581],[103.40273,21.12806],[103.39687,21.14734],[103.3998,21.15178],[103.40859,21.15327],[103.41591,21.16662],[103.43203,21.16365],[103.43496,21.1681],[103.43862,21.19776],[103.43423,21.20666],[103.43423,21.23039],[103.43716,21.24077],[103.43276,21.25412],[103.44009,21.2645],[103.44155,21.28675],[103.42983,21.31344],[103.41591,21.31789],[103.3954,21.31789],[103.38515,21.32679],[103.3683,21.33272],[103.38954,21.36387],[103.38588,21.36832],[103.36171,21.37276],[103.35951,21.3876],[103.34266,21.39946],[103.33314,21.41429],[103.33827,21.41726],[103.34413,21.42912],[103.35365,21.42467],[103.37343,21.42764],[103.37855,21.42912],[103.38222,21.43654],[103.38734,21.43357],[103.3954,21.43654],[103.41738,21.42616],[103.42251,21.4306],[103.44375,21.4306],[103.44888,21.43505],[103.45107,21.43802],[103.44814,21.44395],[103.45693,21.45878],[103.45474,21.47806],[103.44961,21.48845],[103.454,21.50328],[103.46206,21.51217],[103.4606,21.51811],[103.46499,21.51959],[103.47085,21.51662],[103.47818,21.52107],[103.4855,21.52107],[103.50088,21.53294],[103.5192,21.53294],[103.52286,21.54332],[103.52066,21.56112],[103.52286,21.56557],[103.53385,21.56705],[103.53092,21.58633],[103.53458,21.59078],[103.53824,21.59078],[103.54117,21.60116],[103.54923,21.60264],[103.55582,21.61451],[103.55582,21.62192],[103.56022,21.62489],[103.55949,21.62934],[103.55289,21.6323],[103.55143,21.63972],[103.54264,21.64714],[103.55656,21.65455],[103.56315,21.66938],[103.5734,21.68125],[103.58146,21.6857],[103.59318,21.6768],[103.59684,21.6768],[103.59904,21.68125],[103.58659,21.70349],[103.5734,21.74057],[103.56315,21.74947],[103.55949,21.76282],[103.54264,21.77765],[103.54777,21.79989],[103.53824,21.81472],[103.54264,21.82214],[103.54191,21.82659],[103.53751,21.83252],[103.53092,21.834],[103.53019,21.84587],[103.5214,21.86367],[103.50748,21.87257],[103.49356,21.87405],[103.49429,21.87998],[103.48916,21.88443],[103.49063,21.89036],[103.4855,21.89481],[103.48843,21.90371],[103.48111,21.90816],[103.4833,21.91261],[103.48111,21.91557],[103.4855,21.92002],[103.48404,21.92744],[103.49063,21.93189],[103.48623,21.93782],[103.49869,21.94375],[103.49942,21.95117],[103.50601,21.95562],[103.50308,21.966],[103.49795,21.96897],[103.50162,21.97935],[103.51114,21.9838],[103.5148,21.99121],[103.51334,22.01049],[103.52579,22.02384],[103.54703,22.02829],[103.55216,22.02384],[103.56315,22.02236],[103.57047,22.01791],[103.5778,22.01791],[103.59758,22.01049],[103.60856,22.01049],[103.61296,22.00159],[103.63054,21.98825],[103.65252,21.98825],[103.66277,21.97193],[103.66057,21.96452],[103.66643,21.94969],[103.67522,21.94375],[103.68987,21.9393],[103.69061,21.93041],[103.68401,21.92151],[103.69207,21.91261],[103.70086,21.90964],[103.70672,21.90223],[103.70672,21.88295],[103.71624,21.88443],[103.71624,21.8785],[103.72284,21.87701],[103.71844,21.86367],[103.70819,21.85032],[103.70599,21.84142],[103.6972,21.83697],[103.69427,21.82807],[103.70159,21.82214],[103.71331,21.81917],[103.71551,21.81324],[103.72503,21.80583],[103.73529,21.81028],[103.74335,21.80731],[103.7602,21.80731],[103.75434,21.78803],[103.7558,21.77765],[103.77997,21.77765],[103.7829,21.76282],[103.79023,21.76282],[103.79682,21.75095],[103.80122,21.74947],[103.80781,21.73612],[103.81587,21.73909],[103.82905,21.73464],[103.83418,21.74354],[103.83638,21.73909],[103.83418,21.72722],[103.83931,21.70498],[103.8415,21.70053],[103.8481,21.70053],[103.85469,21.69015],[103.86202,21.69163],[103.86568,21.68718],[103.87154,21.68718],[103.87447,21.68421],[103.8796,21.6857],[103.88179,21.70794],[103.89132,21.69904],[103.90084,21.69756],[103.9045,21.69311],[103.91549,21.69459],[103.92208,21.69904]]]]}},{"type":"Feature","properties":{"id":"thanh-hoa","name":"Thanh Hóa","type":"Tỉnh","region":"Bắc Trung Bộ","mergedFrom":["Thanh Hóa"],"areaKm2":null,"population":null},"geometry":{"type":"MultiPolygon","coordinates":[[[[105.91306,19.32017],[105.90793,19.31869],[105.91086,19.32165],[105.91306,19.32017]]],[[[105.89841,19.32462],[105.89695,19.3261],[105.89988,19.3261],[105.89841,19.32462]]],[[[105.89109,19.33797],[105.89182,19.33648],[105.89109,19.33648],[105.89109,19.335],[105.89035,19.335],[105.89035,19.33352],[105.88962,19.33352],[105.88962,19.335],[105.88889,19.335],[105.88962,19.33648],[105.89035,19.33797],[105.89109,19.33797]]],[[[105.82736,19.33648],[105.82369,19.3261],[105.82882,19.31572],[105.82662,19.30386],[105.8193,19.30979],[105.82003,19.31572],[105.81417,19.33352],[105.8149,19.33797],[105.82223,19.33648],[105.82076,19.34093],[105.82296,19.3439],[105.82736,19.33648]]],[[[105.90061,19.34687],[105.90354,19.34687],[105.90574,19.34093],[105.89841,19.3439],[105.89841,19.34835],[105.90061,19.34687]]],[[[105.87937,19.34983],[105.87863,19.34983],[105.8779,19.34983],[105.87717,19.35132],[105.87717,19.3528],[105.87717,19.35428],[105.8779,19.35428],[105.87863,19.35428],[105.87863,19.3528],[105.87863,19.35132],[105.87937,19.35132],[105.87937,19.34983]]],[[[105.9343,19.35428],[105.93504,19.34538],[105.92918,19.34983],[105.93064,19.35725],[105.9343,19.35428]]],[[[105.87424,19.35873],[105.87497,19.35576],[105.87058,19.35725],[105.87424,19.35873]]],[[[105.90867,19.36911],[105.9094,19.36615],[105.90647,19.37208],[105.90867,19.36911]]],[[[105.93284,19.38098],[105.93577,19.38098],[105.93797,19.37356],[105.9343,19.37208],[105.93357,19.36318],[105.92918,19.35725],[105.92332,19.36021],[105.91819,19.36763],[105.91306,19.36911],[105.91379,19.38246],[105.91819,19.37801],[105.92698,19.38394],[105.93284,19.38098]]],[[[104.90732,19.99201],[104.90658,19.99201],[104.90658,19.99349],[104.90732,19.99201]]],[[[105.54168,20.36278],[105.54387,20.35388],[105.54973,20.34647],[105.54827,20.3346],[105.55266,20.32867],[105.55706,20.33015],[105.56365,20.3257],[105.56219,20.31681],[105.56512,20.31532],[105.57024,20.31829],[105.5783,20.31236],[105.59881,20.31236],[105.61053,20.29753],[105.6098,20.29159],[105.61859,20.28269],[105.63837,20.27676],[105.6413,20.27825],[105.65009,20.2738],[105.66694,20.25748],[105.66913,20.24858],[105.67792,20.2471],[105.68378,20.23375],[105.69331,20.23079],[105.6955,20.22485],[105.69257,20.22189],[105.72993,20.19964],[105.73433,20.19371],[105.73726,20.19519],[105.74165,20.18926],[105.74019,20.18481],[105.7563,20.17888],[105.77242,20.1774],[105.77608,20.17146],[105.78194,20.17295],[105.79293,20.16998],[105.80099,20.16256],[105.81857,20.15367],[105.83029,20.15218],[105.83468,20.14328],[105.85226,20.13884],[105.86838,20.124],[105.8823,20.11956],[105.89255,20.11956],[105.9094,20.10472],[105.91599,20.10621],[105.92185,20.10324],[105.92918,20.08989],[105.94016,20.08396],[105.94529,20.07506],[105.95115,20.07506],[105.96068,20.06616],[105.99217,20.06913],[105.99291,20.06616],[106.00975,20.06616],[106.02001,20.05875],[106.07129,20.06765],[106.07495,20.0632],[106.06103,20.01871],[106.0537,20.00684],[106.04638,20.00091],[106.03393,20.00091],[106.0244,19.98904],[106.0244,19.9579],[106.01635,19.95493],[106.01195,19.95642],[106.01049,19.95048],[106.00389,19.95048],[106.00536,19.96383],[105.9995,19.97125],[105.98851,19.96976],[105.98338,19.96235],[105.9724,19.96383],[105.97606,19.96086],[105.98338,19.96086],[105.98924,19.96828],[106.00023,19.96976],[106.00389,19.96383],[106.0017,19.95642],[106.00389,19.94455],[105.99584,19.94455],[105.99657,19.94752],[105.98998,19.94603],[105.99144,19.94455],[105.968,19.93417],[105.95335,19.91934],[105.94969,19.90747],[105.94969,19.88819],[105.95774,19.88819],[105.96068,19.89116],[105.96654,19.88968],[105.96214,19.88819],[105.94749,19.86891],[105.93357,19.83332],[105.93137,19.80662],[105.93504,19.79624],[105.9387,19.79476],[105.93504,19.78289],[105.90867,19.74878],[105.90061,19.73395],[105.89841,19.72209],[105.89328,19.71912],[105.88376,19.7295],[105.87717,19.7295],[105.86691,19.72209],[105.853,19.70281],[105.83761,19.66721],[105.82443,19.61975],[105.80685,19.52484],[105.80611,19.46848],[105.80904,19.43882],[105.81417,19.42695],[105.80978,19.42547],[105.80611,19.42992],[105.80172,19.42992],[105.79659,19.42547],[105.79146,19.41212],[105.79366,19.40471],[105.79,19.40174],[105.78707,19.40174],[105.78487,19.41509],[105.78267,19.41064],[105.7856,19.40471],[105.78414,19.38839],[105.78853,19.36318],[105.80025,19.33945],[105.81564,19.32462],[105.8149,19.3172],[105.81783,19.31572],[105.81783,19.31276],[105.81564,19.31424],[105.81271,19.31127],[105.80758,19.31276],[105.81051,19.30979],[105.81637,19.30979],[105.80611,19.29941],[105.80611,19.28754],[105.80099,19.30089],[105.76729,19.29051],[105.75411,19.30831],[105.75044,19.30237],[105.74605,19.30386],[105.74239,19.31424],[105.74312,19.32314],[105.73359,19.31572],[105.727,19.31424],[105.727,19.31127],[105.71968,19.30979],[105.71308,19.30237],[105.69331,19.30386],[105.68818,19.30089],[105.67646,19.31276],[105.67573,19.32165],[105.66474,19.31276],[105.66327,19.32165],[105.66694,19.33055],[105.66401,19.34093],[105.65522,19.34093],[105.65302,19.3528],[105.6435,19.3528],[105.6435,19.35873],[105.6391,19.36021],[105.63837,19.36615],[105.63104,19.36615],[105.62811,19.37949],[105.62079,19.38394],[105.61346,19.37801],[105.612,19.3706],[105.58856,19.37208],[105.58343,19.37801],[105.58196,19.39136],[105.56438,19.40767],[105.54094,19.4403],[105.53948,19.44772],[105.53215,19.4581],[105.5219,19.46255],[105.49992,19.46255],[105.49186,19.4581],[105.4882,19.45068],[105.48161,19.44772],[105.47428,19.45068],[105.47062,19.45661],[105.46623,19.45661],[105.45744,19.45217],[105.45231,19.44327],[105.44645,19.4403],[105.43253,19.45513],[105.41202,19.4581],[105.40323,19.4492],[105.39078,19.45365],[105.38858,19.4581],[105.39151,19.46551],[105.38199,19.48034],[105.38272,19.48479],[105.37759,19.48628],[105.36734,19.49666],[105.371,19.50111],[105.36807,19.52039],[105.35269,19.53818],[105.34316,19.53818],[105.34023,19.53077],[105.33291,19.53077],[105.33144,19.52335],[105.32558,19.52039],[105.32265,19.50852],[105.31606,19.50704],[105.31167,19.49962],[105.30874,19.49962],[105.308,19.48924],[105.29775,19.48479],[105.29555,19.47589],[105.29335,19.47589],[105.28896,19.49073],[105.27724,19.49221],[105.27943,19.50407],[105.27138,19.50852],[105.27357,19.52187],[105.26918,19.53077],[105.27357,19.55005],[105.26991,19.55598],[105.27357,19.56191],[105.28236,19.56488],[105.28236,19.57378],[105.2765,19.58861],[105.28163,19.59454],[105.28236,19.60641],[105.27943,19.60937],[105.26991,19.60641],[105.27211,19.61234],[105.26771,19.61975],[105.26771,19.62569],[105.26332,19.63014],[105.26259,19.63755],[105.2472,19.65831],[105.23841,19.65387],[105.23841,19.64793],[105.23475,19.64497],[105.22376,19.64942],[105.20472,19.6687],[105.18348,19.68204],[105.17468,19.67908],[105.16736,19.68353],[105.16443,19.68798],[105.16443,19.69984],[105.15417,19.71022],[105.15491,19.71467],[105.16223,19.71764],[105.16223,19.72505],[105.15564,19.72654],[105.13586,19.74433],[105.13513,19.76065],[105.13806,19.76955],[105.13147,19.78141],[105.13147,19.79328],[105.12854,19.79921],[105.1322,19.80959],[105.1322,19.82739],[105.14465,19.8348],[105.15124,19.85557],[105.17249,19.85557],[105.18201,19.8526],[105.18128,19.85705],[105.18934,19.86446],[105.18494,19.87781],[105.17908,19.88226],[105.17761,19.89561],[105.17029,19.90154],[105.16809,19.91489],[105.15637,19.9223],[105.12854,19.9223],[105.11608,19.93417],[105.09411,19.93862],[105.04723,19.9312],[105.04869,19.9401],[105.0443,19.94307],[105.03917,19.93862],[105.01426,19.95345],[104.99522,19.95197],[104.99742,19.9579],[104.99522,19.96086],[104.96958,19.97421],[104.96372,19.97273],[104.95713,19.99053],[104.94834,19.98756],[104.92123,19.98756],[104.91611,19.99646],[104.91025,19.99498],[104.90658,19.99794],[104.91244,20.00387],[104.91611,20.00387],[104.91611,20.00832],[104.91977,20.00981],[104.91757,20.01574],[104.92563,20.02167],[104.92709,20.0276],[104.93588,20.03799],[104.9476,20.04392],[104.9498,20.04837],[104.952,20.04688],[104.95932,20.04985],[104.96445,20.05875],[104.97251,20.0632],[104.97471,20.07951],[104.98057,20.08248],[104.9791,20.08544],[104.98423,20.08693],[104.98863,20.09434],[104.99302,20.09434],[104.99009,20.09731],[104.96372,20.10027],[104.95932,20.10472],[104.96079,20.11214],[104.952,20.11511],[104.9476,20.12252],[104.93369,20.12549],[104.92123,20.1418],[104.92123,20.14625],[104.92929,20.1507],[104.92636,20.1596],[104.91977,20.15812],[104.9183,20.15515],[104.91025,20.15515],[104.90732,20.1507],[104.89926,20.14773],[104.88607,20.14773],[104.88241,20.14328],[104.87655,20.14328],[104.87362,20.14625],[104.87069,20.14328],[104.8597,20.1418],[104.85531,20.14773],[104.85018,20.14773],[104.84798,20.1507],[104.84212,20.14773],[104.83699,20.15812],[104.8304,20.15515],[104.82674,20.1596],[104.82308,20.1596],[104.81941,20.17146],[104.81355,20.17146],[104.80623,20.17888],[104.80183,20.17888],[104.79964,20.18333],[104.79597,20.18333],[104.78865,20.19223],[104.77913,20.19371],[104.77546,20.19816],[104.75788,20.20112],[104.73884,20.19964],[104.73444,20.20261],[104.71759,20.20112],[104.7154,20.20557],[104.70807,20.20557],[104.70148,20.21299],[104.68536,20.21892],[104.68097,20.21596],[104.66925,20.21744],[104.66046,20.23375],[104.6524,20.23227],[104.64288,20.23524],[104.62896,20.2293],[104.61211,20.24413],[104.61211,20.25155],[104.60845,20.256],[104.61138,20.26341],[104.60991,20.27528],[104.61358,20.27528],[104.61138,20.27973],[104.61504,20.28121],[104.61651,20.29308],[104.62237,20.29456],[104.6209,20.29753],[104.61797,20.29604],[104.62017,20.30049],[104.61724,20.29901],[104.61431,20.30939],[104.61431,20.31236],[104.61797,20.31384],[104.61651,20.31829],[104.61944,20.31977],[104.61651,20.32867],[104.6209,20.34054],[104.6187,20.34647],[104.61431,20.34795],[104.61651,20.3613],[104.6209,20.36575],[104.62823,20.36575],[104.62969,20.3702],[104.64727,20.37465],[104.64581,20.3791],[104.64801,20.38058],[104.66998,20.38799],[104.67584,20.39541],[104.6817,20.39689],[104.68243,20.40431],[104.70001,20.39838],[104.71466,20.39838],[104.71833,20.40431],[104.71906,20.40727],[104.711,20.40876],[104.70587,20.41321],[104.69562,20.431],[104.68756,20.43249],[104.68463,20.44287],[104.67804,20.44435],[104.67218,20.45028],[104.66412,20.45177],[104.66266,20.46067],[104.66998,20.46363],[104.66778,20.46956],[104.65899,20.46956],[104.66046,20.4755],[104.6502,20.47401],[104.63775,20.46511],[104.63482,20.4666],[104.63262,20.46363],[104.62456,20.46215],[104.61944,20.45473],[104.6209,20.45177],[104.61211,20.44732],[104.61284,20.44287],[104.61797,20.44139],[104.61358,20.42655],[104.59819,20.41617],[104.57622,20.41469],[104.57109,20.41766],[104.54765,20.40876],[104.53959,20.40876],[104.5374,20.41469],[104.52714,20.41321],[104.52787,20.40282],[104.52348,20.39244],[104.51615,20.39096],[104.51102,20.38503],[104.49564,20.38354],[104.48978,20.37613],[104.4744,20.36871],[104.46707,20.36871],[104.46634,20.37316],[104.45755,20.37168],[104.44656,20.38058],[104.44656,20.37761],[104.43777,20.37613],[104.42752,20.3791],[104.42019,20.37613],[104.4136,20.38058],[104.40481,20.39393],[104.40701,20.39541],[104.40408,20.40727],[104.40554,20.41469],[104.41507,20.42655],[104.40847,20.42655],[104.38723,20.44287],[104.37624,20.44139],[104.38064,20.45177],[104.37551,20.46808],[104.38064,20.4755],[104.39089,20.47846],[104.3865,20.49033],[104.41287,20.48884],[104.42019,20.49181],[104.43777,20.50961],[104.4451,20.50812],[104.44876,20.51109],[104.46854,20.51406],[104.47879,20.51999],[104.4993,20.5452],[104.50736,20.54372],[104.51322,20.54965],[104.52275,20.54965],[104.52714,20.55558],[104.52275,20.563],[104.52714,20.57338],[104.53447,20.57783],[104.53447,20.58821],[104.5374,20.58969],[104.54033,20.59859],[104.55278,20.60156],[104.55644,20.60749],[104.56303,20.60897],[104.57915,20.60749],[104.58208,20.61046],[104.5916,20.61046],[104.60186,20.60601],[104.61065,20.62084],[104.6253,20.62529],[104.62603,20.62974],[104.63043,20.6327],[104.63116,20.64309],[104.63555,20.65198],[104.63922,20.65347],[104.6502,20.63864],[104.65753,20.63715],[104.66412,20.62232],[104.67438,20.62084],[104.68536,20.61046],[104.6861,20.59414],[104.69415,20.59563],[104.69708,20.60156],[104.7154,20.60452],[104.72272,20.60304],[104.72638,20.59118],[104.74177,20.57338],[104.75495,20.57486],[104.76008,20.58228],[104.76594,20.58228],[104.77034,20.57486],[104.77766,20.57338],[104.78279,20.58228],[104.8011,20.58228],[104.79817,20.61639],[104.81209,20.6327],[104.81575,20.6327],[104.81575,20.62974],[104.82674,20.64012],[104.84359,20.64753],[104.84725,20.6505],[104.84578,20.65347],[104.85238,20.66385],[104.8663,20.66088],[104.89413,20.67126],[104.91757,20.66088],[104.92856,20.6505],[104.94834,20.64457],[104.96006,20.62825],[104.96226,20.60749],[104.96885,20.60601],[104.97251,20.59859],[104.98423,20.58821],[104.9791,20.57635],[104.9813,20.57338],[104.99595,20.57783],[105.00987,20.5719],[105.02232,20.55855],[105.0421,20.56003],[105.04356,20.55707],[105.05235,20.56152],[105.05309,20.57041],[105.06261,20.57486],[105.07213,20.57486],[105.07799,20.57931],[105.08605,20.57783],[105.09338,20.56745],[105.10436,20.57338],[105.11096,20.563],[105.12048,20.563],[105.12268,20.55855],[105.13073,20.55707],[105.14026,20.54372],[105.15198,20.54372],[105.15564,20.53779],[105.16003,20.5363],[105.16077,20.52296],[105.1637,20.52296],[105.16882,20.51554],[105.17908,20.51554],[105.18128,20.52147],[105.19007,20.51702],[105.20325,20.51851],[105.21058,20.51554],[105.21204,20.51109],[105.22083,20.50516],[105.22889,20.50516],[105.22889,20.49774],[105.23988,20.49329],[105.23988,20.49033],[105.24354,20.48884],[105.23841,20.47995],[105.23988,20.4755],[105.26112,20.4666],[105.26112,20.45622],[105.26625,20.45473],[105.25746,20.43397],[105.26698,20.42952],[105.27724,20.431],[105.28017,20.42507],[105.29555,20.41617],[105.29995,20.41617],[105.30214,20.42062],[105.31679,20.40727],[105.3417,20.39689],[105.3439,20.39096],[105.35342,20.38948],[105.35708,20.39244],[105.3666,20.38948],[105.36807,20.38503],[105.37686,20.38503],[105.37979,20.38058],[105.40323,20.37316],[105.40909,20.37316],[105.42374,20.38206],[105.43546,20.38503],[105.45963,20.37465],[105.47575,20.37613],[105.50432,20.35982],[105.52117,20.35982],[105.5241,20.36871],[105.52849,20.37168],[105.54021,20.36871],[105.54168,20.36278]]]]}},{"type":"Feature","properties":{"id":"tuyen-quang","name":"Tuyên Quang","type":"Tỉnh","region":"Trung du và miền núi phía Bắc","mergedFrom":["Hà Giang","Tuyên Quang"],"areaKm2":13795.5,"population":1865270},"geometry":{"type":"MultiPolygon","coordinates":[[[[104.84798,22.1855],[104.8304,22.17808],[104.81648,22.1855],[104.81795,22.17956],[104.81136,22.17215],[104.78132,22.17215],[104.77839,22.17067],[104.77913,22.16622],[104.76081,22.1677],[104.75495,22.17363],[104.75642,22.18105],[104.75422,22.1855],[104.7403,22.1855],[104.73371,22.19736],[104.72858,22.19588],[104.72345,22.20033],[104.72345,22.20923],[104.71979,22.21516],[104.72858,22.22554],[104.72858,22.2374],[104.72492,22.2463],[104.72272,22.2463],[104.72345,22.2552],[104.72126,22.25817],[104.71613,22.26113],[104.70514,22.26113],[104.70441,22.2641],[104.68463,22.26113],[104.67584,22.26558],[104.66925,22.27745],[104.66119,22.273],[104.65094,22.28041],[104.63995,22.27745],[104.62823,22.28783],[104.61797,22.28635],[104.61284,22.29228],[104.60552,22.2908],[104.59307,22.27152],[104.58867,22.27003],[104.58501,22.2641],[104.58647,22.24927],[104.57915,22.25224],[104.57475,22.24482],[104.56303,22.24185],[104.54838,22.24927],[104.54838,22.26558],[104.54326,22.27745],[104.55351,22.28486],[104.55791,22.28338],[104.56963,22.29673],[104.57915,22.30266],[104.57915,22.31601],[104.56523,22.33232],[104.58061,22.34419],[104.58135,22.34864],[104.56816,22.35605],[104.55644,22.35309],[104.54765,22.3605],[104.55424,22.37237],[104.54765,22.38275],[104.52641,22.39165],[104.50736,22.40499],[104.49784,22.40351],[104.48978,22.41982],[104.46781,22.42427],[104.46341,22.43317],[104.45535,22.44059],[104.44803,22.45987],[104.46561,22.47173],[104.46561,22.47767],[104.47293,22.48508],[104.46341,22.4925],[104.44583,22.49991],[104.43265,22.52216],[104.4136,22.52957],[104.42166,22.54292],[104.42532,22.57407],[104.4451,22.57555],[104.45535,22.56962],[104.46268,22.5711],[104.46561,22.58593],[104.46195,22.61263],[104.43558,22.62004],[104.42166,22.63042],[104.40847,22.65415],[104.40994,22.66157],[104.39748,22.67937],[104.38576,22.67937],[104.36306,22.67195],[104.3572,22.67343],[104.33522,22.68826],[104.33595,22.69716],[104.34108,22.70903],[104.355,22.69123],[104.36306,22.69123],[104.37038,22.69568],[104.37697,22.69271],[104.3865,22.70458],[104.39895,22.70161],[104.40115,22.70903],[104.40481,22.71051],[104.40334,22.71348],[104.40847,22.72534],[104.41287,22.72682],[104.42166,22.73721],[104.47,22.75649],[104.49198,22.77725],[104.49711,22.77873],[104.49857,22.78615],[104.50809,22.78911],[104.50956,22.79505],[104.51395,22.79356],[104.51762,22.79653],[104.52055,22.80098],[104.51762,22.80394],[104.52421,22.80691],[104.52714,22.81729],[104.53447,22.82174],[104.53593,22.82619],[104.54252,22.82471],[104.54619,22.83954],[104.5667,22.84547],[104.57695,22.85289],[104.5894,22.85289],[104.596,22.84695],[104.60332,22.83212],[104.60332,22.82767],[104.59746,22.82322],[104.59819,22.81581],[104.60332,22.81878],[104.61431,22.81729],[104.61651,22.82471],[104.61944,22.82322],[104.6231,22.83064],[104.61724,22.83361],[104.61724,22.83657],[104.6231,22.84695],[104.62896,22.83657],[104.63482,22.83361],[104.64288,22.83657],[104.65313,22.83509],[104.66632,22.82619],[104.67218,22.81729],[104.70075,22.82619],[104.72199,22.82026],[104.73224,22.82322],[104.73517,22.83212],[104.73224,22.8425],[104.72492,22.84844],[104.72565,22.8514],[104.73737,22.85882],[104.75422,22.85734],[104.75715,22.8603],[104.76374,22.8692],[104.76521,22.88551],[104.77693,22.90479],[104.78865,22.90479],[104.82088,22.92407],[104.83333,22.92407],[104.83919,22.92111],[104.84285,22.92852],[104.8619,22.9478],[104.85751,22.95077],[104.85677,22.95522],[104.85531,22.95374],[104.85018,22.96412],[104.85165,22.96857],[104.84652,22.97005],[104.84359,22.9745],[104.83773,22.97302],[104.8326,22.98192],[104.82894,22.98192],[104.83626,22.99378],[104.82967,22.99823],[104.82894,23.02492],[104.82527,23.03234],[104.82088,23.03382],[104.82088,23.05607],[104.81355,23.05904],[104.81502,23.06793],[104.81209,23.07238],[104.81648,23.07387],[104.81648,23.0798],[104.80769,23.08128],[104.8055,23.08425],[104.8011,23.11539],[104.79744,23.11688],[104.8011,23.12281],[104.79524,23.12874],[104.80769,23.12874],[104.81575,23.13319],[104.83187,23.13467],[104.83919,23.13022],[104.85384,23.13319],[104.86044,23.13022],[104.86263,23.12281],[104.86923,23.12726],[104.87216,23.12577],[104.87289,23.13022],[104.87655,23.13022],[104.88168,23.14505],[104.87948,23.1495],[104.88241,23.15395],[104.88095,23.16582],[104.88607,23.16878],[104.889,23.17472],[104.9183,23.1851],[104.93076,23.17917],[104.93662,23.17917],[104.94394,23.17175],[104.9476,23.17175],[104.95639,23.18213],[104.95859,23.20438],[104.98423,23.21031],[104.98863,23.2029],[104.99742,23.20438],[105.00254,23.21624],[105.00694,23.21921],[105.02598,23.22069],[105.03258,23.22959],[105.04869,23.24146],[105.05309,23.25035],[105.06041,23.25035],[105.06188,23.25777],[105.07067,23.25925],[105.08752,23.27112],[105.0985,23.26667],[105.0985,23.26222],[105.10436,23.25777],[105.10143,23.24887],[105.10583,23.25035],[105.10803,23.24739],[105.12341,23.25184],[105.12707,23.2548],[105.12634,23.25925],[105.1344,23.25777],[105.14099,23.26222],[105.14685,23.26222],[105.15124,23.26667],[105.15637,23.26667],[105.1637,23.27408],[105.16736,23.28298],[105.17249,23.28298],[105.17249,23.28891],[105.18201,23.28743],[105.18421,23.27705],[105.19886,23.28002],[105.20106,23.2726],[105.20838,23.2726],[105.21058,23.26667],[105.2245,23.26963],[105.22962,23.27557],[105.22889,23.28743],[105.23622,23.28595],[105.23988,23.28891],[105.23988,23.29336],[105.25087,23.29781],[105.25013,23.30968],[105.25819,23.31413],[105.25892,23.31858],[105.25013,23.33192],[105.25306,23.33786],[105.25892,23.34379],[105.26918,23.34231],[105.27211,23.33934],[105.2831,23.34231],[105.28749,23.35862],[105.29848,23.36752],[105.30214,23.37642],[105.28896,23.37642],[105.28529,23.38235],[105.29628,23.3868],[105.3124,23.38235],[105.32265,23.39273],[105.32558,23.39273],[105.33364,23.38087],[105.34829,23.37048],[105.35122,23.34675],[105.371,23.31858],[105.38052,23.31264],[105.38492,23.31709],[105.41056,23.28743],[105.42594,23.29485],[105.4296,23.30226],[105.44059,23.30078],[105.44718,23.29188],[105.45158,23.27705],[105.46256,23.26815],[105.46842,23.25925],[105.48161,23.25925],[105.48381,23.25332],[105.47795,23.2459],[105.48893,23.23997],[105.4926,23.23256],[105.49113,23.22069],[105.50139,23.20734],[105.50139,23.19993],[105.51677,23.19548],[105.5219,23.19103],[105.54314,23.194],[105.55633,23.1851],[105.55559,23.18065],[105.55999,23.17175],[105.56731,23.16878],[105.57098,23.16137],[105.57977,23.16137],[105.58343,23.1584],[105.58563,23.1495],[105.59222,23.14654],[105.57098,23.12281],[105.55706,23.11688],[105.5512,23.10946],[105.52849,23.10798],[105.5175,23.08425],[105.5197,23.07535],[105.50798,23.06052],[105.50798,23.05162],[105.50212,23.03976],[105.49772,23.03827],[105.49113,23.02641],[105.4882,23.00861],[105.47355,23.00564],[105.46769,23.00713],[105.46403,23.00268],[105.4589,23.00416],[105.45084,22.99823],[105.434,23.0012],[105.42594,22.99675],[105.41715,22.99971],[105.41275,22.99378],[105.4047,22.99378],[105.3981,22.98933],[105.37466,22.98933],[105.36074,22.97598],[105.36001,22.97005],[105.36587,22.96412],[105.36001,22.9478],[105.36441,22.93891],[105.35855,22.93446],[105.33511,22.93149],[105.32265,22.91369],[105.31093,22.91221],[105.31167,22.90776],[105.30507,22.89441],[105.30654,22.87365],[105.29775,22.87217],[105.28896,22.87662],[105.27211,22.87662],[105.27064,22.86623],[105.27064,22.86179],[105.28383,22.85437],[105.29995,22.85437],[105.308,22.8514],[105.31826,22.83806],[105.3417,22.82767],[105.34609,22.81581],[105.36148,22.81729],[105.3732,22.81136],[105.38492,22.81136],[105.39883,22.79356],[105.40689,22.79208],[105.41568,22.78466],[105.42154,22.78466],[105.42521,22.77725],[105.44498,22.76983],[105.45084,22.75797],[105.47282,22.75352],[105.47795,22.72831],[105.48527,22.71496],[105.48674,22.70606],[105.49919,22.69568],[105.49846,22.69123],[105.4904,22.68975],[105.486,22.67788],[105.48967,22.66453],[105.49553,22.65712],[105.49333,22.65119],[105.49772,22.63339],[105.51018,22.63636],[105.53069,22.63339],[105.52776,22.62004],[105.54827,22.59928],[105.54534,22.5889],[105.5512,22.57555],[105.55706,22.57407],[105.56292,22.56517],[105.56219,22.5622],[105.57244,22.5622],[105.58489,22.5533],[105.59735,22.52216],[105.59075,22.50881],[105.59515,22.50288],[105.59222,22.49991],[105.59661,22.48805],[105.57024,22.47322],[105.56292,22.46283],[105.55926,22.46283],[105.55559,22.43762],[105.54754,22.43762],[105.5534,22.42872],[105.54973,22.42131],[105.5534,22.41093],[105.55999,22.41093],[105.57024,22.41982],[105.56292,22.40351],[105.55633,22.40203],[105.53435,22.40796],[105.53289,22.40499],[105.52263,22.40499],[105.5175,22.40054],[105.51897,22.38868],[105.51531,22.38571],[105.51237,22.37385],[105.51604,22.3694],[105.51531,22.3605],[105.51237,22.35754],[105.51384,22.35012],[105.51091,22.34567],[105.50212,22.34567],[105.49479,22.34122],[105.49772,22.33381],[105.49699,22.32046],[105.48161,22.31749],[105.47795,22.30859],[105.48381,22.29821],[105.49113,22.29376],[105.47062,22.28486],[105.45963,22.28486],[105.4611,22.28041],[105.47209,22.27448],[105.46183,22.2641],[105.45231,22.26855],[105.44938,22.2641],[105.44352,22.26558],[105.43473,22.25965],[105.43766,22.2552],[105.43546,22.23889],[105.43912,22.2374],[105.44059,22.22999],[105.43839,22.23147],[105.43473,22.22851],[105.434,22.21664],[105.43033,22.21664],[105.43326,22.20923],[105.44425,22.20033],[105.45011,22.18995],[105.45451,22.18698],[105.45963,22.18995],[105.45963,22.1855],[105.4633,22.18253],[105.46037,22.17363],[105.46842,22.16028],[105.47941,22.16325],[105.4926,22.1588],[105.4926,22.15139],[105.48161,22.14694],[105.47868,22.141],[105.47355,22.13804],[105.47502,22.12766],[105.46476,22.12172],[105.46183,22.11431],[105.46403,22.11283],[105.46403,22.10393],[105.46916,22.10393],[105.47135,22.09799],[105.47428,22.09799],[105.46769,22.09058],[105.46842,22.0802],[105.46183,22.07427],[105.46696,22.07278],[105.46842,22.06833],[105.47282,22.06833],[105.47282,22.05943],[105.48674,22.04757],[105.49333,22.01198],[105.49626,22.00901],[105.50505,22.00901],[105.50432,21.9927],[105.51091,21.98973],[105.51164,21.9838],[105.51677,21.98676],[105.5241,21.98231],[105.53142,21.96748],[105.5512,21.96303],[105.55486,21.95858],[105.54827,21.9482],[105.5512,21.94375],[105.54973,21.92151],[105.55266,21.92002],[105.55266,21.90964],[105.54461,21.90519],[105.54607,21.89629],[105.54241,21.89036],[105.53435,21.89036],[105.53142,21.8874],[105.52483,21.88888],[105.52043,21.88591],[105.5175,21.87701],[105.52776,21.85329],[105.52776,21.83549],[105.51604,21.82659],[105.51091,21.83252],[105.49626,21.83252],[105.49333,21.82807],[105.4926,21.80286],[105.49699,21.79396],[105.49333,21.77616],[105.49919,21.77023],[105.51604,21.77468],[105.52483,21.76875],[105.5241,21.7643],[105.5175,21.7554],[105.51311,21.7554],[105.50798,21.75095],[105.51091,21.74354],[105.51531,21.74057],[105.51531,21.73612],[105.50212,21.72871],[105.48967,21.70349],[105.47648,21.69756],[105.48747,21.68866],[105.486,21.67976],[105.48161,21.67976],[105.47868,21.67383],[105.48967,21.64269],[105.49626,21.63972],[105.49919,21.63379],[105.49626,21.61747],[105.50505,21.61302],[105.50944,21.60413],[105.5175,21.59819],[105.52556,21.58336],[105.53508,21.58188],[105.54168,21.57446],[105.53655,21.56408],[105.52922,21.55815],[105.52043,21.53442],[105.51091,21.5359],[105.49919,21.52552],[105.4926,21.52849],[105.48747,21.51811],[105.47795,21.51959],[105.47502,21.52404],[105.46916,21.51811],[105.4567,21.51811],[105.45451,21.51069],[105.43912,21.51069],[105.42667,21.50476],[105.42301,21.49734],[105.41788,21.50921],[105.41349,21.50921],[105.41129,21.51366],[105.39004,21.51069],[105.38638,21.51959],[105.3732,21.52404],[105.36367,21.52404],[105.36148,21.51959],[105.35708,21.51811],[105.34243,21.51811],[105.33584,21.50921],[105.3395,21.50328],[105.32339,21.50773],[105.32265,21.51069],[105.30361,21.50773],[105.29702,21.51366],[105.29555,21.52404],[105.29775,21.53145],[105.29555,21.53442],[105.26845,21.5448],[105.26771,21.54777],[105.27431,21.55815],[105.27284,21.5626],[105.26039,21.56853],[105.2494,21.58485],[105.24867,21.59374],[105.24501,21.59819],[105.24647,21.60116],[105.2494,21.59968],[105.25087,21.60413],[105.25306,21.60264],[105.25013,21.61154],[105.24647,21.61599],[105.23329,21.61747],[105.22523,21.62934],[105.23841,21.64417],[105.23475,21.659],[105.20399,21.66197],[105.19886,21.6679],[105.19373,21.66938],[105.19227,21.6768],[105.18128,21.67976],[105.17835,21.68718],[105.16809,21.6857],[105.1637,21.68866],[105.15491,21.68125],[105.15637,21.68718],[105.15051,21.69163],[105.15051,21.69756],[105.14758,21.70053],[105.13073,21.69756],[105.12341,21.70498],[105.10803,21.70646],[105.1007,21.71832],[105.08532,21.71832],[105.08385,21.72426],[105.07653,21.72129],[105.07287,21.72871],[105.07506,21.73612],[105.05602,21.74799],[105.06627,21.75244],[105.06847,21.75095],[105.07287,21.75688],[105.08019,21.77172],[105.07067,21.78061],[105.0758,21.78655],[105.07946,21.78655],[105.08752,21.80731],[105.09924,21.81176],[105.09924,21.81472],[105.08605,21.82956],[105.07506,21.83104],[105.06114,21.84884],[105.05748,21.85922],[105.05089,21.85922],[105.04356,21.86515],[105.04063,21.88591],[105.03624,21.89185],[105.02452,21.89185],[105.01353,21.89778],[105.01353,21.90668],[105.02159,21.91706],[105.02232,21.92447],[105.01793,21.92596],[105.01866,21.93634],[105.00914,21.93782],[105.00254,21.93485],[104.99815,21.92892],[104.99082,21.93041],[104.9857,21.93634],[104.98643,21.94375],[104.99229,21.95117],[104.99449,21.96007],[104.99156,21.97193],[104.99888,21.98676],[104.99449,21.99418],[104.99009,21.99418],[104.99156,21.99714],[104.98863,22.00308],[104.99595,22.01494],[104.99156,22.02087],[104.99668,22.04312],[104.98936,22.04609],[104.9857,22.04312],[104.97251,22.04164],[104.96519,22.02977],[104.96079,22.02977],[104.95493,22.0357],[104.94541,22.0357],[104.93955,22.0446],[104.94028,22.0535],[104.93369,22.05943],[104.92783,22.0624],[104.91684,22.05943],[104.91244,22.06537],[104.90146,22.06388],[104.8956,22.0713],[104.88461,22.0713],[104.87509,22.0802],[104.87362,22.07871],[104.87289,22.08465],[104.86996,22.08613],[104.87069,22.09206],[104.8641,22.09651],[104.8641,22.11283],[104.85897,22.12617],[104.86117,22.13211],[104.85897,22.13655],[104.86263,22.14249],[104.85751,22.15435],[104.85311,22.15732],[104.85458,22.17067],[104.84945,22.17512],[104.84798,22.1855]]]]}},{"type":"Feature","properties":{"id":"lao-cai","name":"Lào Cai","type":"Tỉnh","region":"Trung du và miền núi phía Bắc","mergedFrom":["Yên Bái","Lào Cai"],"areaKm2":13256.92,"population":1778785},"geometry":{"type":"MultiPolygon","coordinates":[[[[104.34108,22.70903],[104.33522,22.68826],[104.36306,22.67195],[104.38576,22.67937],[104.39748,22.67937],[104.40994,22.66157],[104.40847,22.65415],[104.42166,22.63042],[104.43558,22.62004],[104.46195,22.61263],[104.46561,22.58593],[104.46268,22.5711],[104.45535,22.56962],[104.4451,22.57555],[104.42532,22.57407],[104.42166,22.54292],[104.4136,22.53106],[104.418,22.52661],[104.43265,22.52216],[104.44583,22.49991],[104.46341,22.4925],[104.47293,22.48508],[104.46561,22.47767],[104.46561,22.47173],[104.44803,22.45987],[104.45535,22.44059],[104.46341,22.43317],[104.46781,22.42427],[104.48978,22.41982],[104.49784,22.40351],[104.50736,22.40499],[104.51835,22.3961],[104.55131,22.37978],[104.55424,22.37237],[104.54765,22.3605],[104.55424,22.35457],[104.5601,22.35309],[104.56816,22.35605],[104.58135,22.34864],[104.58061,22.34419],[104.56523,22.33232],[104.57915,22.31601],[104.57915,22.30266],[104.56963,22.29673],[104.55791,22.28338],[104.55351,22.28486],[104.54326,22.27745],[104.54838,22.26558],[104.54838,22.24927],[104.56303,22.24185],[104.57475,22.24482],[104.57915,22.25224],[104.58647,22.24927],[104.58501,22.2641],[104.58867,22.27003],[104.59307,22.27152],[104.60552,22.2908],[104.61284,22.29228],[104.61797,22.28635],[104.62823,22.28783],[104.63995,22.27745],[104.65094,22.28041],[104.65973,22.273],[104.66925,22.27745],[104.67584,22.26558],[104.68463,22.26113],[104.70441,22.2641],[104.70514,22.26113],[104.71613,22.26113],[104.72126,22.25817],[104.72345,22.2552],[104.72272,22.2463],[104.72492,22.2463],[104.72858,22.2374],[104.72858,22.22554],[104.71979,22.21516],[104.72345,22.20923],[104.72345,22.20033],[104.72858,22.19588],[104.73371,22.19736],[104.7403,22.1855],[104.75422,22.1855],[104.75642,22.18105],[104.75495,22.17363],[104.76081,22.1677],[104.77913,22.16622],[104.77839,22.17067],[104.78132,22.17215],[104.81136,22.17215],[104.81795,22.17956],[104.81648,22.1855],[104.8282,22.18105],[104.82894,22.17808],[104.83333,22.18105],[104.83846,22.17956],[104.84798,22.1855],[104.84945,22.17512],[104.85458,22.17067],[104.85311,22.15732],[104.85751,22.15435],[104.86263,22.14249],[104.85897,22.13655],[104.86117,22.13359],[104.85897,22.12617],[104.8641,22.11283],[104.8641,22.09651],[104.87069,22.09206],[104.86996,22.08613],[104.87289,22.08465],[104.87362,22.07871],[104.87509,22.0802],[104.88461,22.0713],[104.8956,22.0713],[104.90146,22.06388],[104.91244,22.06537],[104.91684,22.05943],[104.92636,22.0624],[104.93369,22.05943],[104.94028,22.0535],[104.93955,22.0446],[104.94541,22.0357],[104.95493,22.0357],[104.96079,22.02977],[104.96519,22.02977],[104.97251,22.04164],[104.9857,22.04312],[104.98936,22.04609],[104.99595,22.0446],[104.99156,22.02087],[104.99595,22.01494],[104.98863,22.00308],[104.99156,21.99714],[104.99009,21.99418],[104.99449,21.99418],[104.99888,21.98676],[104.99156,21.97193],[104.99449,21.96007],[104.99229,21.95117],[104.98643,21.94375],[104.9857,21.93634],[104.99522,21.92892],[105.00914,21.93782],[105.01866,21.93634],[105.01793,21.92596],[105.02232,21.92447],[105.02159,21.91706],[105.01353,21.90668],[105.01353,21.89778],[105.02452,21.89185],[105.03624,21.89185],[105.04063,21.88591],[105.04356,21.86515],[105.05089,21.85922],[105.05748,21.85922],[105.06114,21.84884],[105.07506,21.83104],[105.08605,21.82956],[105.09924,21.81472],[105.09924,21.81176],[105.08752,21.80731],[105.07946,21.78655],[105.0758,21.78655],[105.07067,21.78061],[105.08019,21.77172],[105.07287,21.75688],[105.06847,21.75095],[105.06627,21.75244],[105.05602,21.74799],[105.07506,21.73612],[105.07287,21.72871],[105.07653,21.72129],[105.08385,21.72426],[105.08605,21.71684],[105.09118,21.71387],[105.08532,21.70349],[105.09557,21.70053],[105.09924,21.69015],[105.09777,21.68125],[105.09411,21.68125],[105.09411,21.67828],[105.08459,21.68421],[105.07506,21.68125],[105.067,21.68421],[105.06188,21.69015],[105.05821,21.6857],[105.05455,21.6857],[105.04283,21.69015],[105.03844,21.69756],[105.02965,21.70201],[105.02379,21.69459],[105.01939,21.69608],[105.01866,21.68866],[104.99961,21.68866],[104.99961,21.67976],[104.99156,21.67976],[104.98863,21.67531],[104.98057,21.67383],[104.9791,21.67235],[104.9857,21.6679],[104.98496,21.66197],[104.97251,21.65752],[104.96958,21.65159],[104.97105,21.64565],[104.95932,21.65455],[104.95932,21.65752],[104.95786,21.65603],[104.95713,21.66048],[104.95273,21.66048],[104.94907,21.65455],[104.94541,21.65603],[104.93735,21.65159],[104.93735,21.64565],[104.93222,21.6412],[104.91904,21.6412],[104.90585,21.63082],[104.90365,21.62637],[104.90585,21.60858],[104.8912,21.60858],[104.88681,21.61302],[104.88681,21.61006],[104.89267,21.60561],[104.89193,21.59078],[104.89633,21.58188],[104.89779,21.56408],[104.88607,21.55667],[104.88168,21.55963],[104.87216,21.55667],[104.86776,21.55074],[104.86703,21.54332],[104.87728,21.5359],[104.88461,21.52256],[104.88168,21.51069],[104.88388,21.50031],[104.8934,21.48251],[104.8934,21.4751],[104.89633,21.47361],[104.89633,21.46917],[104.90292,21.46175],[104.91171,21.44247],[104.91098,21.43357],[104.90512,21.42764],[104.90658,21.41281],[104.89853,21.40391],[104.89413,21.39353],[104.88314,21.39204],[104.88388,21.38611],[104.88095,21.38463],[104.88388,21.38018],[104.88388,21.37128],[104.89267,21.36535],[104.89926,21.35497],[104.89999,21.35052],[104.89633,21.34459],[104.88241,21.34162],[104.87142,21.34904],[104.86263,21.36535],[104.85824,21.36535],[104.85238,21.35793],[104.85311,21.352],[104.84359,21.35052],[104.84872,21.33865],[104.81868,21.33865],[104.81355,21.33272],[104.80696,21.3342],[104.80403,21.33124],[104.79451,21.33569],[104.78792,21.32975],[104.7762,21.32679],[104.76814,21.32975],[104.76741,21.34607],[104.75642,21.34755],[104.75642,21.35348],[104.75056,21.35052],[104.74763,21.352],[104.7469,21.36832],[104.7425,21.36832],[104.73371,21.38166],[104.73298,21.40688],[104.71979,21.39946],[104.70954,21.39946],[104.70514,21.40539],[104.69635,21.39946],[104.68976,21.40094],[104.68683,21.39353],[104.68829,21.38463],[104.68463,21.37721],[104.66998,21.37573],[104.65167,21.38611],[104.64947,21.38315],[104.64434,21.38315],[104.64068,21.3876],[104.63629,21.3876],[104.61065,21.40539],[104.60405,21.41726],[104.5894,21.42319],[104.58135,21.41874],[104.57842,21.40836],[104.56963,21.41281],[104.5645,21.40984],[104.54912,21.40984],[104.53886,21.41429],[104.53007,21.41429],[104.51322,21.39501],[104.51249,21.3876],[104.5037,21.37721],[104.48465,21.36387],[104.48099,21.35645],[104.4744,21.352],[104.45609,21.35348],[104.4451,21.35793],[104.43045,21.35348],[104.41873,21.36238],[104.41726,21.38018],[104.41287,21.38611],[104.39602,21.39204],[104.38869,21.40094],[104.37917,21.40243],[104.37185,21.39798],[104.36599,21.39946],[104.34841,21.41874],[104.34181,21.41726],[104.34255,21.40984],[104.33009,21.40836],[104.32277,21.41726],[104.31837,21.42912],[104.30299,21.43357],[104.30153,21.43802],[104.29786,21.4395],[104.30153,21.45433],[104.29786,21.45878],[104.29273,21.45878],[104.28687,21.46323],[104.28175,21.47213],[104.28248,21.48548],[104.28541,21.48696],[104.28394,21.49289],[104.29127,21.50179],[104.2942,21.51069],[104.29273,21.52552],[104.28175,21.53739],[104.27589,21.55222],[104.28614,21.56705],[104.29713,21.5715],[104.29127,21.59374],[104.28687,21.59968],[104.30592,21.60858],[104.30812,21.61451],[104.31325,21.61599],[104.3213,21.62786],[104.3279,21.63082],[104.33009,21.63824],[104.33888,21.6412],[104.33888,21.65307],[104.33669,21.65455],[104.31032,21.65603],[104.29567,21.65307],[104.28834,21.66197],[104.27808,21.66197],[104.27296,21.66493],[104.25977,21.66345],[104.25464,21.66642],[104.25464,21.67087],[104.24366,21.67235],[104.23926,21.66938],[104.23267,21.67235],[104.21436,21.67235],[104.20337,21.65603],[104.19238,21.64714],[104.177,21.6501],[104.17187,21.64862],[104.15942,21.65603],[104.15356,21.65603],[104.12499,21.65307],[104.11693,21.64714],[104.10082,21.64714],[104.09276,21.64269],[104.08617,21.64269],[104.07664,21.65159],[104.04734,21.65752],[104.0283,21.67235],[104.02097,21.6679],[104.01438,21.67087],[104.01291,21.6679],[104.00559,21.66642],[104.00559,21.67235],[103.9968,21.67531],[103.98654,21.67383],[103.98215,21.67828],[103.96823,21.66345],[103.96677,21.6679],[103.9631,21.66938],[103.936,21.66938],[103.93673,21.69163],[103.92208,21.69904],[103.92062,21.70943],[103.91036,21.71536],[103.91549,21.72129],[103.91695,21.72871],[103.91476,21.74057],[103.93087,21.74354],[103.93673,21.73909],[103.94113,21.74354],[103.95285,21.74205],[103.95065,21.75392],[103.96237,21.75688],[103.9675,21.77023],[103.95944,21.77616],[103.95651,21.78506],[103.95065,21.78803],[103.95211,21.79693],[103.94845,21.80286],[103.94406,21.80434],[103.94406,21.81028],[103.9338,21.81472],[103.93453,21.81917],[103.92867,21.82362],[103.91695,21.82807],[103.91695,21.83252],[103.91915,21.83252],[103.91769,21.83994],[103.88839,21.86515],[103.88619,21.89185],[103.88839,21.90074],[103.88546,21.90816],[103.89278,21.92151],[103.90597,21.92151],[103.91695,21.93189],[103.92501,21.93041],[103.92794,21.92299],[103.93453,21.92299],[103.93673,21.91854],[103.94259,21.91854],[103.96091,21.93782],[103.96091,21.94524],[103.97043,21.96007],[103.97629,21.96007],[103.98435,21.96748],[103.98068,21.97342],[103.97556,21.9749],[103.97409,21.98231],[103.96823,21.98973],[103.95797,21.99863],[103.96603,22.01346],[103.95431,22.02532],[103.95797,22.04905],[103.95504,22.05943],[103.94918,22.0713],[103.93893,22.08168],[103.94552,22.09651],[103.94479,22.10986],[103.93746,22.12024],[103.93966,22.13804],[103.93673,22.141],[103.92208,22.141],[103.91476,22.14397],[103.90743,22.15584],[103.89937,22.15732],[103.89205,22.16918],[103.87081,22.17512],[103.86641,22.18253],[103.873,22.18846],[103.873,22.19736],[103.85762,22.20478],[103.85249,22.21812],[103.84297,22.22406],[103.84443,22.23592],[103.8415,22.2463],[103.83564,22.24927],[103.82759,22.26707],[103.81733,22.27893],[103.80415,22.28635],[103.79023,22.29969],[103.77558,22.30118],[103.77778,22.30414],[103.77411,22.30859],[103.76313,22.31156],[103.77338,22.32342],[103.77118,22.33232],[103.78364,22.33825],[103.77924,22.34122],[103.78144,22.34864],[103.77631,22.35309],[103.76825,22.35457],[103.76972,22.38126],[103.76752,22.39016],[103.75067,22.40648],[103.72943,22.41538],[103.71624,22.41241],[103.71405,22.40796],[103.71038,22.40944],[103.70379,22.40499],[103.695,22.40796],[103.68328,22.40351],[103.64519,22.40351],[103.63347,22.3961],[103.62908,22.3961],[103.60856,22.40648],[103.60563,22.41093],[103.60563,22.42427],[103.59245,22.42724],[103.58952,22.43614],[103.58366,22.4391],[103.57926,22.44652],[103.5734,22.448],[103.56974,22.4569],[103.55949,22.46283],[103.55656,22.46877],[103.55729,22.47322],[103.56901,22.48656],[103.58146,22.4925],[103.58879,22.50733],[103.58732,22.51326],[103.59465,22.52364],[103.59538,22.52957],[103.58366,22.53254],[103.58219,22.5444],[103.56974,22.56665],[103.56974,22.57258],[103.57487,22.57852],[103.56535,22.58],[103.55729,22.58741],[103.53531,22.58593],[103.53165,22.59483],[103.5463,22.61114],[103.54557,22.61856],[103.55216,22.62597],[103.55363,22.63636],[103.57194,22.64229],[103.58,22.66305],[103.57853,22.67047],[103.56754,22.67788],[103.56461,22.68826],[103.56681,22.70606],[103.57267,22.71051],[103.57707,22.72089],[103.58293,22.72237],[103.58219,22.72682],[103.58586,22.73127],[103.59831,22.74165],[103.60417,22.755],[103.60856,22.755],[103.61003,22.76835],[103.62028,22.7728],[103.61735,22.78022],[103.62028,22.78763],[103.62395,22.78911],[103.6364,22.78466],[103.63347,22.7906],[103.63933,22.7906],[103.63933,22.79653],[103.64226,22.79505],[103.64006,22.79208],[103.64666,22.79356],[103.65105,22.78911],[103.66204,22.78615],[103.66863,22.76687],[103.68108,22.76242],[103.68621,22.75055],[103.70159,22.74462],[103.73602,22.71199],[103.73895,22.71199],[103.73969,22.70754],[103.73675,22.70754],[103.73602,22.70161],[103.74774,22.69568],[103.74921,22.68826],[103.758,22.68678],[103.76752,22.68975],[103.78657,22.66453],[103.80341,22.65119],[103.80415,22.64525],[103.8122,22.63932],[103.82392,22.61559],[103.83491,22.60966],[103.84663,22.59335],[103.85982,22.58741],[103.87593,22.56517],[103.88326,22.5622],[103.88546,22.56962],[103.88765,22.56962],[103.91549,22.54144],[103.91329,22.53551],[103.91549,22.53254],[103.92062,22.53254],[103.92355,22.53847],[103.92648,22.53847],[103.9316,22.52809],[103.94479,22.52512],[103.95138,22.51326],[103.95724,22.50881],[103.96457,22.50733],[103.97189,22.51029],[103.97409,22.50584],[103.98068,22.50733],[103.98361,22.51326],[103.98947,22.51474],[103.99021,22.51919],[103.99973,22.51919],[104.00339,22.51623],[104.01145,22.52067],[104.00998,22.53254],[104.00559,22.53847],[104.00925,22.5444],[104.01511,22.54292],[104.01218,22.54737],[104.01511,22.55182],[104.00998,22.56072],[104.01658,22.56368],[104.01658,22.56665],[104.00705,22.5711],[104.00559,22.57555],[104.00925,22.57852],[104.01218,22.57703],[104.01438,22.59186],[104.01951,22.59631],[104.02537,22.61411],[104.0239,22.62004],[104.03049,22.6408],[104.03123,22.65415],[104.02097,22.6586],[104.0239,22.66602],[104.02024,22.67492],[104.0239,22.68085],[104.03049,22.68381],[104.02903,22.69123],[104.03782,22.71348],[104.03855,22.72386],[104.04734,22.73572],[104.05174,22.73721],[104.06492,22.75649],[104.07518,22.76242],[104.07811,22.76094],[104.07738,22.76538],[104.08763,22.76983],[104.09349,22.78911],[104.10375,22.80098],[104.10887,22.80246],[104.11327,22.81136],[104.12719,22.81284],[104.13305,22.80543],[104.13891,22.80543],[104.14623,22.80988],[104.15282,22.80988],[104.15429,22.81433],[104.16015,22.81433],[104.16308,22.82026],[104.17626,22.82026],[104.17773,22.82322],[104.18359,22.82619],[104.18725,22.82471],[104.19238,22.82916],[104.20337,22.82619],[104.21802,22.83064],[104.22168,22.82767],[104.23999,22.84399],[104.25025,22.83806],[104.25538,22.84399],[104.26783,22.83806],[104.27735,22.83954],[104.26563,22.82026],[104.26636,22.81136],[104.25391,22.77725],[104.25831,22.76242],[104.26783,22.75204],[104.26856,22.74017],[104.27882,22.74017],[104.29933,22.72831],[104.32497,22.72831],[104.3257,22.72534],[104.33522,22.72237],[104.34108,22.70903]]]]}},{"type":"Feature","properties":{"id":"thai-nguyen","name":"Thái Nguyên","type":"Tỉnh","region":"Trung du và miền núi phía Bắc","mergedFrom":["Bắc Kạn","Thái Nguyên"],"areaKm2":8375.21,"population":1799489},"geometry":{"type":"MultiPolygon","coordinates":[[[[105.55486,21.9571],[105.5512,21.96303],[105.53142,21.96748],[105.5241,21.98231],[105.51677,21.98676],[105.51164,21.9838],[105.51091,21.98973],[105.50432,21.9927],[105.50505,22.00901],[105.49626,22.00901],[105.49333,22.01198],[105.48674,22.04757],[105.47282,22.05943],[105.47282,22.06833],[105.46842,22.06833],[105.46696,22.07278],[105.46183,22.07427],[105.46842,22.0802],[105.46769,22.09058],[105.47428,22.09799],[105.47135,22.09799],[105.46916,22.10393],[105.46403,22.10393],[105.46403,22.11283],[105.46183,22.11431],[105.46476,22.12172],[105.47502,22.12766],[105.47355,22.13804],[105.47868,22.141],[105.48161,22.14694],[105.4926,22.15139],[105.4926,22.1588],[105.47941,22.16325],[105.46842,22.16028],[105.46037,22.17363],[105.4633,22.18253],[105.45963,22.1855],[105.45963,22.18995],[105.4567,22.18995],[105.45597,22.18698],[105.45011,22.18995],[105.43033,22.21516],[105.434,22.21664],[105.43473,22.22851],[105.43839,22.23147],[105.44059,22.22999],[105.43912,22.2374],[105.43546,22.23889],[105.43766,22.2552],[105.43473,22.25965],[105.44352,22.26558],[105.44938,22.2641],[105.45231,22.26855],[105.46183,22.2641],[105.47209,22.27448],[105.4611,22.28041],[105.45963,22.28486],[105.47062,22.28486],[105.49113,22.29376],[105.48381,22.29821],[105.47795,22.30859],[105.48161,22.31749],[105.49699,22.32046],[105.49772,22.33381],[105.49479,22.34122],[105.50212,22.34567],[105.51091,22.34567],[105.51384,22.35012],[105.51237,22.35754],[105.51531,22.3605],[105.51604,22.3694],[105.51237,22.37385],[105.51531,22.38571],[105.51897,22.38868],[105.5175,22.40054],[105.52263,22.40499],[105.53289,22.40499],[105.53435,22.40796],[105.55633,22.40203],[105.56292,22.40351],[105.57024,22.41982],[105.55999,22.41093],[105.5534,22.41093],[105.54973,22.41834],[105.5534,22.42872],[105.54754,22.43762],[105.55559,22.43762],[105.55926,22.46283],[105.56292,22.46283],[105.57024,22.47322],[105.59735,22.48953],[105.59368,22.4925],[105.59222,22.49991],[105.59515,22.50288],[105.59075,22.50881],[105.59735,22.52216],[105.58489,22.5533],[105.57244,22.5622],[105.56219,22.5622],[105.55926,22.5711],[105.5512,22.57555],[105.54534,22.5889],[105.54827,22.59928],[105.52776,22.62004],[105.53069,22.63339],[105.54094,22.63784],[105.54094,22.65267],[105.56878,22.66602],[105.58123,22.66453],[105.58636,22.6764],[105.59954,22.66898],[105.60467,22.66898],[105.60321,22.68826],[105.612,22.6942],[105.61859,22.6942],[105.61932,22.69865],[105.64862,22.69716],[105.64789,22.70013],[105.65595,22.71199],[105.66254,22.71644],[105.66401,22.72237],[105.66913,22.72089],[105.67426,22.72386],[105.67939,22.71941],[105.69257,22.71644],[105.69697,22.72831],[105.70283,22.71941],[105.71235,22.73127],[105.72407,22.72979],[105.72847,22.73721],[105.74092,22.74017],[105.75118,22.72534],[105.75777,22.72682],[105.75997,22.72386],[105.75923,22.71793],[105.75264,22.71199],[105.7585,22.69865],[105.77828,22.69123],[105.76802,22.6764],[105.75191,22.66453],[105.74971,22.65712],[105.74165,22.64822],[105.74019,22.6408],[105.73213,22.63932],[105.72847,22.63487],[105.73066,22.63339],[105.7292,22.63042],[105.74019,22.62746],[105.74165,22.62004],[105.75484,22.60669],[105.74605,22.59335],[105.75118,22.59038],[105.75264,22.58445],[105.76216,22.58445],[105.76656,22.58741],[105.77755,22.57703],[105.77974,22.5711],[105.77095,22.56368],[105.77388,22.55775],[105.76876,22.55627],[105.77462,22.55182],[105.77169,22.54885],[105.78634,22.55034],[105.79513,22.53402],[105.80685,22.52216],[105.82076,22.51919],[105.83248,22.52512],[105.83322,22.51474],[105.86911,22.52067],[105.87497,22.51326],[105.89768,22.50584],[105.90427,22.49398],[105.9116,22.49398],[105.92405,22.51178],[105.92551,22.52067],[105.93284,22.52661],[105.94822,22.52661],[105.95262,22.52216],[105.95994,22.52364],[105.96141,22.52661],[105.96654,22.52661],[105.97093,22.53551],[105.97899,22.53551],[105.98631,22.54292],[106.00463,22.54737],[106.00609,22.5533],[106.02001,22.55924],[106.0288,22.55627],[106.04345,22.56368],[106.04858,22.57703],[106.06762,22.56813],[106.07495,22.57258],[106.08301,22.57258],[106.08374,22.56665],[106.07568,22.55924],[106.07568,22.55182],[106.08887,22.55182],[106.0918,22.54737],[106.09692,22.54589],[106.09399,22.53699],[106.09546,22.53254],[106.10205,22.53402],[106.10205,22.53106],[106.09766,22.53106],[106.09619,22.52809],[106.10352,22.52216],[106.10205,22.51474],[106.1211,22.50881],[106.1167,22.4836],[106.12036,22.47025],[106.11377,22.4658],[106.10498,22.45097],[106.09546,22.44355],[106.10205,22.43317],[106.10132,22.41241],[106.10645,22.40796],[106.10645,22.40054],[106.11157,22.39758],[106.12256,22.40203],[106.12329,22.39906],[106.13208,22.39906],[106.13501,22.39461],[106.14014,22.39313],[106.15479,22.40351],[106.15772,22.40944],[106.16871,22.40648],[106.16871,22.40203],[106.17896,22.40054],[106.1775,22.39313],[106.17896,22.39016],[106.18556,22.38868],[106.18629,22.37978],[106.20753,22.3694],[106.20973,22.36198],[106.21706,22.35754],[106.21925,22.3516],[106.21852,22.34715],[106.21046,22.34122],[106.20021,22.32342],[106.19948,22.31008],[106.21193,22.28931],[106.21706,22.28783],[106.22072,22.2908],[106.22365,22.28783],[106.22365,22.2819],[106.22731,22.28338],[106.23903,22.27448],[106.24416,22.26855],[106.24416,22.25965],[106.24636,22.25817],[106.24196,22.24927],[106.24196,22.2374],[106.2361,22.22109],[106.23097,22.22109],[106.22072,22.20774],[106.22072,22.19736],[106.22511,22.18846],[106.23317,22.18253],[106.23171,22.17512],[106.22292,22.1677],[106.21706,22.1677],[106.21193,22.1588],[106.20021,22.1499],[106.19581,22.14249],[106.19069,22.14397],[106.18702,22.13359],[106.18043,22.12914],[106.18409,22.12469],[106.18409,22.11727],[106.17677,22.11431],[106.17603,22.10986],[106.17017,22.11283],[106.16724,22.10541],[106.16212,22.10393],[106.15626,22.08168],[106.14087,22.08168],[106.13868,22.08613],[106.12329,22.08613],[106.11817,22.08316],[106.11377,22.07278],[106.10718,22.07575],[106.10571,22.07278],[106.09912,22.0713],[106.10059,22.06092],[106.09839,22.0535],[106.10205,22.0446],[106.09473,22.03719],[106.09546,22.03126],[106.10938,22.01791],[106.10938,22.00011],[106.10645,21.99714],[106.11377,21.99418],[106.11231,21.98231],[106.1145,21.97786],[106.11084,21.96155],[106.10498,21.96303],[106.09766,21.95858],[106.09766,21.95117],[106.11084,21.95117],[106.10938,21.94672],[106.09766,21.93782],[106.11157,21.93337],[106.11231,21.92892],[106.11743,21.92892],[106.12036,21.92447],[106.12842,21.92447],[106.13062,21.91557],[106.12622,21.91113],[106.12915,21.90519],[106.12696,21.89926],[106.11377,21.89481],[106.11231,21.89036],[106.11524,21.8785],[106.11304,21.87553],[106.1145,21.8696],[106.11011,21.86367],[106.11084,21.84884],[106.11524,21.84735],[106.11743,21.8429],[106.11377,21.83994],[106.10645,21.84142],[106.10718,21.83104],[106.09985,21.83104],[106.10059,21.82511],[106.09619,21.82362],[106.09473,21.81917],[106.10645,21.80434],[106.10571,21.78951],[106.11011,21.78803],[106.11084,21.7821],[106.13648,21.78506],[106.13941,21.77616],[106.14747,21.76727],[106.1482,21.76133],[106.15479,21.76133],[106.15845,21.7554],[106.16724,21.7554],[106.16798,21.74947],[106.1731,21.74947],[106.18336,21.74057],[106.19362,21.74205],[106.19508,21.73612],[106.20753,21.73315],[106.21266,21.72722],[106.21852,21.72722],[106.22585,21.73315],[106.23097,21.72722],[106.23464,21.72722],[106.23757,21.71832],[106.23097,21.69756],[106.22804,21.69311],[106.22365,21.69311],[106.22585,21.6857],[106.22438,21.67828],[106.20607,21.66493],[106.20167,21.65307],[106.19069,21.64714],[106.19142,21.63675],[106.19728,21.63379],[106.19435,21.62786],[106.19655,21.61896],[106.18995,21.61154],[106.18702,21.61154],[106.18409,21.60413],[106.17237,21.61006],[106.16065,21.62637],[106.14673,21.62192],[106.14087,21.62341],[106.12915,21.61599],[106.1167,21.61599],[106.10718,21.62192],[106.10059,21.62192],[106.09912,21.62489],[106.09253,21.62489],[106.07641,21.61747],[106.07568,21.61302],[106.06909,21.61006],[106.06689,21.60413],[106.05737,21.60413],[106.04784,21.5804],[106.03246,21.5715],[106.031,21.56112],[106.04711,21.55963],[106.0537,21.54925],[106.05077,21.54629],[106.05297,21.53887],[106.04491,21.52701],[106.04345,21.51811],[106.04052,21.51662],[106.04418,21.51366],[106.04491,21.50773],[106.04198,21.49734],[106.03686,21.49141],[106.04858,21.47955],[106.04345,21.47361],[106.03979,21.47361],[106.03979,21.47065],[106.04345,21.46323],[106.05004,21.46175],[106.05004,21.45582],[106.04784,21.45433],[106.04711,21.44099],[106.03979,21.44099],[106.03832,21.43802],[106.03319,21.4395],[106.0244,21.43209],[106.02953,21.42467],[106.03319,21.40984],[106.0266,21.39946],[106.02807,21.39353],[106.01928,21.39501],[106.01635,21.40391],[106.01122,21.40243],[106.00609,21.40688],[105.99291,21.40539],[105.99071,21.41281],[105.98631,21.41429],[105.98412,21.41132],[105.97752,21.41429],[105.96947,21.42319],[105.96434,21.43654],[105.95994,21.43654],[105.95701,21.43357],[105.95848,21.42319],[105.95408,21.41429],[105.95774,21.40094],[105.95335,21.40094],[105.95555,21.40539],[105.95188,21.40688],[105.94383,21.39946],[105.93943,21.39946],[105.94456,21.39204],[105.94236,21.37573],[105.9343,21.37128],[105.92185,21.37573],[105.91526,21.37276],[105.91086,21.37721],[105.90061,21.35645],[105.89475,21.35348],[105.89768,21.34904],[105.90574,21.35348],[105.90793,21.352],[105.90574,21.34755],[105.89841,21.3431],[105.88596,21.34607],[105.8801,21.33865],[105.89109,21.32531],[105.87131,21.32975],[105.86765,21.32679],[105.86252,21.33865],[105.85739,21.33865],[105.85519,21.34162],[105.85519,21.34607],[105.85886,21.34459],[105.85153,21.34904],[105.85373,21.35348],[105.8508,21.35793],[105.85373,21.36535],[105.85226,21.3698],[105.85666,21.36535],[105.85886,21.36683],[105.85593,21.37721],[105.84933,21.37425],[105.84713,21.37721],[105.83615,21.37721],[105.83615,21.37425],[105.83102,21.37276],[105.83029,21.37573],[105.81564,21.38315],[105.80904,21.38166],[105.80025,21.38611],[105.79879,21.38166],[105.79586,21.38315],[105.79366,21.3787],[105.7922,21.38018],[105.78707,21.37573],[105.78927,21.37276],[105.78634,21.37128],[105.78414,21.35942],[105.77462,21.3609],[105.77242,21.37128],[105.75923,21.3787],[105.76509,21.39204],[105.76143,21.40243],[105.75337,21.41281],[105.74898,21.41577],[105.74019,21.41577],[105.73433,21.40984],[105.72773,21.40984],[105.72041,21.41577],[105.72334,21.42022],[105.72407,21.43357],[105.71162,21.4306],[105.70429,21.44099],[105.69624,21.4395],[105.68671,21.44247],[105.67499,21.45878],[105.66327,21.46027],[105.65082,21.4573],[105.64423,21.46917],[105.63104,21.47955],[105.63397,21.49438],[105.61786,21.49883],[105.61566,21.50328],[105.61126,21.50476],[105.61053,21.51366],[105.60614,21.51662],[105.60687,21.52256],[105.60394,21.52849],[105.59588,21.53442],[105.5827,21.5359],[105.58196,21.54035],[105.56219,21.55815],[105.55633,21.5715],[105.54314,21.57298],[105.53508,21.58188],[105.52556,21.58336],[105.5175,21.59819],[105.50944,21.60413],[105.50505,21.61302],[105.49626,21.61747],[105.49919,21.63379],[105.49626,21.63972],[105.48967,21.64269],[105.47868,21.67383],[105.48161,21.67976],[105.486,21.67976],[105.48747,21.68866],[105.47648,21.69756],[105.48967,21.70349],[105.50212,21.72871],[105.51531,21.73612],[105.51531,21.74057],[105.51091,21.74354],[105.50798,21.75095],[105.51311,21.7554],[105.5175,21.7554],[105.52483,21.76875],[105.51604,21.77468],[105.50285,21.77023],[105.49479,21.7732],[105.4926,21.78061],[105.49699,21.79396],[105.4926,21.80286],[105.49333,21.82807],[105.49626,21.83252],[105.51091,21.83252],[105.51604,21.82659],[105.52776,21.83549],[105.52776,21.85329],[105.5175,21.87701],[105.52043,21.88591],[105.52483,21.88888],[105.53142,21.8874],[105.53435,21.89036],[105.54241,21.89036],[105.54607,21.89629],[105.54461,21.90519],[105.55266,21.90964],[105.55266,21.92002],[105.54973,21.92151],[105.5512,21.94375],[105.54827,21.9482],[105.55486,21.9571]]]]}},{"type":"Feature","properties":{"id":"phu-tho","name":"Phú Thọ","type":"Tỉnh","region":"Trung du Bắc Bộ","mergedFrom":["Vĩnh Phúc","Hòa Bình","Phú Thọ"],"areaKm2":9361.38,"population":4022638},"geometry":{"type":"MultiPolygon","coordinates":[[[[104.91098,21.11174],[104.91391,21.11174],[104.91244,21.11619],[104.90512,21.11767],[104.89706,21.12361],[104.8956,21.12806],[104.88021,21.1325],[104.86776,21.14437],[104.85897,21.14437],[104.85311,21.1503],[104.85897,21.17403],[104.85165,21.17848],[104.85751,21.18441],[104.8641,21.20666],[104.85604,21.21852],[104.84505,21.22446],[104.84945,21.22742],[104.85018,21.23187],[104.85531,21.23039],[104.85531,21.23335],[104.84872,21.24819],[104.85018,21.2556],[104.84139,21.26005],[104.84285,21.30899],[104.83699,21.31344],[104.82527,21.31641],[104.81648,21.32382],[104.81429,21.33124],[104.81868,21.33865],[104.84872,21.33865],[104.84359,21.35052],[104.85311,21.352],[104.85238,21.35793],[104.85824,21.36535],[104.86263,21.36535],[104.87142,21.34904],[104.88241,21.34162],[104.89633,21.34459],[104.89999,21.35052],[104.89267,21.36535],[104.88388,21.37128],[104.88388,21.38018],[104.88095,21.38463],[104.88388,21.38611],[104.88314,21.39204],[104.89413,21.39353],[104.89853,21.40391],[104.90658,21.41281],[104.90512,21.42764],[104.91098,21.43357],[104.91171,21.44247],[104.90292,21.46175],[104.89633,21.46917],[104.89633,21.47361],[104.8934,21.4751],[104.8934,21.48251],[104.88388,21.50031],[104.88168,21.51069],[104.88461,21.52256],[104.87728,21.5359],[104.86776,21.54184],[104.86703,21.54777],[104.87216,21.55667],[104.88168,21.55963],[104.88607,21.55667],[104.89779,21.56408],[104.89633,21.58188],[104.89193,21.59078],[104.89267,21.60561],[104.88681,21.61006],[104.88681,21.61302],[104.8912,21.60858],[104.90585,21.60858],[104.90365,21.62637],[104.91244,21.63675],[104.91904,21.6412],[104.93222,21.6412],[104.93735,21.64565],[104.93735,21.65159],[104.94541,21.65603],[104.94907,21.65455],[104.95273,21.66048],[104.95713,21.66048],[104.95786,21.65603],[104.95932,21.65752],[104.95932,21.65455],[104.97105,21.64565],[104.96958,21.65159],[104.97251,21.65752],[104.98496,21.66197],[104.9857,21.6679],[104.9791,21.67235],[104.98057,21.67383],[104.98863,21.67531],[104.99156,21.67976],[104.99961,21.67976],[104.99961,21.68866],[105.01866,21.68866],[105.01939,21.69608],[105.02379,21.69459],[105.02965,21.70201],[105.03844,21.69756],[105.04283,21.69015],[105.05455,21.6857],[105.05821,21.6857],[105.06188,21.69015],[105.07067,21.68273],[105.07653,21.68125],[105.08459,21.68421],[105.09411,21.67828],[105.09411,21.68125],[105.0985,21.68273],[105.09924,21.69015],[105.09557,21.70053],[105.08532,21.70349],[105.09118,21.71091],[105.09118,21.71387],[105.08532,21.71832],[105.09264,21.71981],[105.09777,21.71684],[105.1007,21.71832],[105.10803,21.70646],[105.12341,21.70498],[105.13073,21.69756],[105.14758,21.70053],[105.15051,21.69756],[105.15051,21.69163],[105.15637,21.68718],[105.15491,21.68125],[105.1637,21.68866],[105.16809,21.6857],[105.17835,21.68718],[105.18128,21.67976],[105.19227,21.6768],[105.19373,21.66938],[105.19886,21.6679],[105.20399,21.66197],[105.23475,21.659],[105.23841,21.64417],[105.22523,21.62934],[105.23329,21.61747],[105.24647,21.61599],[105.25013,21.61154],[105.25306,21.60264],[105.25087,21.60413],[105.2494,21.59968],[105.24647,21.60116],[105.24501,21.59819],[105.24867,21.59374],[105.2494,21.58485],[105.26039,21.56853],[105.27284,21.5626],[105.27431,21.55815],[105.26771,21.54777],[105.26845,21.5448],[105.29555,21.53442],[105.29775,21.53145],[105.29555,21.52404],[105.29702,21.51366],[105.30361,21.50773],[105.32265,21.51069],[105.32339,21.50773],[105.3395,21.50328],[105.33584,21.50921],[105.34243,21.51811],[105.35708,21.51811],[105.36148,21.51959],[105.36367,21.52404],[105.3732,21.52404],[105.38638,21.51959],[105.39004,21.51069],[105.41129,21.51366],[105.41349,21.50921],[105.41788,21.50921],[105.42301,21.49734],[105.42667,21.50476],[105.43912,21.51069],[105.45451,21.51069],[105.4567,21.51811],[105.46916,21.51811],[105.47282,21.52404],[105.47795,21.51959],[105.48747,21.51811],[105.4926,21.52849],[105.49919,21.52552],[105.51091,21.5359],[105.52043,21.53442],[105.52922,21.55815],[105.53655,21.56408],[105.53875,21.5715],[105.54168,21.57446],[105.55633,21.5715],[105.56219,21.55815],[105.58196,21.54035],[105.5827,21.5359],[105.59588,21.53442],[105.60394,21.52849],[105.60687,21.52256],[105.60614,21.51662],[105.61053,21.51366],[105.61126,21.50476],[105.61566,21.50328],[105.61786,21.49883],[105.63397,21.49438],[105.63104,21.47955],[105.64423,21.46917],[105.65082,21.4573],[105.66327,21.46027],[105.67499,21.45878],[105.68671,21.44247],[105.69624,21.4395],[105.70429,21.44099],[105.71162,21.4306],[105.72407,21.43357],[105.72334,21.42022],[105.72041,21.41577],[105.72773,21.40984],[105.73433,21.40984],[105.74019,21.41577],[105.74898,21.41577],[105.75337,21.41281],[105.76143,21.40243],[105.76509,21.39204],[105.75923,21.3787],[105.77242,21.37128],[105.77462,21.3609],[105.78487,21.35942],[105.7856,21.35497],[105.78194,21.35348],[105.78414,21.3431],[105.77608,21.33865],[105.77169,21.32531],[105.76216,21.31492],[105.7563,21.30009],[105.75264,21.29564],[105.74165,21.29268],[105.74092,21.28675],[105.73579,21.28675],[105.73506,21.27933],[105.73286,21.27933],[105.73213,21.27488],[105.72847,21.27636],[105.72773,21.2734],[105.7248,21.2734],[105.72847,21.26895],[105.72261,21.26598],[105.72261,21.25115],[105.72847,21.24967],[105.72554,21.24225],[105.73359,21.24225],[105.73652,21.2378],[105.73433,21.23484],[105.7292,21.23929],[105.73213,21.23335],[105.74898,21.22891],[105.75264,21.22149],[105.75777,21.22297],[105.75997,21.21407],[105.76876,21.21407],[105.77022,21.20518],[105.77901,21.19924],[105.78707,21.19776],[105.78853,21.19479],[105.78853,21.18738],[105.79073,21.18738],[105.78927,21.17996],[105.78267,21.177],[105.77095,21.17848],[105.76949,21.16662],[105.77242,21.14289],[105.76656,21.13547],[105.75191,21.13547],[105.75264,21.1325],[105.75044,21.1325],[105.74971,21.13695],[105.74678,21.13695],[105.73506,21.12212],[105.7314,21.12212],[105.72261,21.13399],[105.71821,21.1325],[105.70283,21.1414],[105.68232,21.14734],[105.66034,21.14882],[105.63251,21.15772],[105.63031,21.16958],[105.62225,21.17551],[105.57684,21.16513],[105.57317,21.16068],[105.54534,21.15623],[105.51457,21.15623],[105.49113,21.16068],[105.46842,21.177],[105.46623,21.20073],[105.46403,21.20073],[105.4611,21.20814],[105.45963,21.22297],[105.44498,21.24522],[105.44279,21.26747],[105.43693,21.28526],[105.39737,21.30454],[105.38858,21.30306],[105.37246,21.29416],[105.3666,21.31344],[105.35415,21.30306],[105.35415,21.29268],[105.35708,21.28971],[105.35342,21.26747],[105.35415,21.25115],[105.34829,21.23039],[105.33804,21.20962],[105.34243,21.20666],[105.33804,21.20221],[105.32192,21.20221],[105.30288,21.19183],[105.29482,21.17551],[105.28676,21.16662],[105.29042,21.15327],[105.308,21.13399],[105.31972,21.11174],[105.3146,21.08949],[105.30068,21.0717],[105.29335,21.05538],[105.29409,21.045],[105.30361,21.02276],[105.31606,21.01237],[105.32485,21.02127],[105.32778,21.01682],[105.32558,21.01682],[105.32705,21.01386],[105.32412,21.01089],[105.32778,21.00792],[105.33364,21.00792],[105.33804,21.01386],[105.34756,21.01386],[105.34976,21.00941],[105.35635,21.00792],[105.37466,21.01386],[105.38565,21.02424],[105.38565,21.01831],[105.39151,21.01386],[105.40176,21.01386],[105.40982,21.01831],[105.41642,21.01089],[105.4318,21.01682],[105.46256,21.01237],[105.46842,21.00496],[105.47428,21.00348],[105.48747,20.99161],[105.49553,20.99309],[105.49919,20.98123],[105.51164,20.98123],[105.51384,20.9753],[105.5197,20.97381],[105.52849,20.96492],[105.52629,20.96047],[105.52849,20.95157],[105.5219,20.95305],[105.52117,20.95008],[105.51677,20.95008],[105.51384,20.93822],[105.50358,20.92932],[105.50139,20.9308],[105.50871,20.92339],[105.5219,20.92191],[105.52483,20.91894],[105.53801,20.92784],[105.54534,20.92191],[105.5512,20.92784],[105.55926,20.92487],[105.57317,20.92932],[105.5805,20.92784],[105.58416,20.92191],[105.5783,20.92042],[105.57977,20.91597],[105.55413,20.90559],[105.55559,20.90263],[105.55926,20.90263],[105.55486,20.89818],[105.55999,20.89224],[105.55559,20.88631],[105.54241,20.88186],[105.54314,20.87741],[105.54973,20.8789],[105.55193,20.88335],[105.5534,20.88038],[105.55926,20.88038],[105.55852,20.87741],[105.56512,20.87593],[105.56805,20.87],[105.57317,20.86851],[105.57464,20.86407],[105.5783,20.86407],[105.57684,20.8611],[105.57903,20.85813],[105.58416,20.85813],[105.58416,20.84775],[105.58709,20.8433],[105.5805,20.83737],[105.57903,20.82847],[105.59588,20.83144],[105.59515,20.84182],[105.60907,20.83885],[105.61566,20.83144],[105.62665,20.83292],[105.62958,20.82995],[105.63251,20.82995],[105.63104,20.83885],[105.63544,20.83885],[105.63397,20.83292],[105.6413,20.82847],[105.64057,20.82402],[105.63764,20.82551],[105.63617,20.82106],[105.62958,20.82402],[105.63251,20.82106],[105.62811,20.81957],[105.63104,20.81957],[105.62811,20.81512],[105.63104,20.81512],[105.62958,20.81067],[105.63324,20.80178],[105.63031,20.79288],[105.64789,20.79288],[105.65009,20.75432],[105.64423,20.75283],[105.6413,20.75877],[105.6413,20.74838],[105.64423,20.74097],[105.65082,20.73949],[105.66254,20.71724],[105.66913,20.71279],[105.68159,20.69499],[105.68012,20.69054],[105.67866,20.69203],[105.67792,20.68313],[105.66767,20.68016],[105.6684,20.67571],[105.6706,20.6772],[105.67792,20.67126],[105.68012,20.65347],[105.67792,20.64605],[105.68085,20.64012],[105.68598,20.63864],[105.68378,20.6327],[105.67792,20.62825],[105.67206,20.62974],[105.67133,20.6327],[105.66254,20.62825],[105.6662,20.62381],[105.66474,20.61787],[105.68671,20.61639],[105.69111,20.62232],[105.69477,20.61936],[105.69843,20.62232],[105.70356,20.61639],[105.70356,20.60156],[105.70722,20.59859],[105.71968,20.59711],[105.72627,20.60601],[105.73066,20.60008],[105.74385,20.59859],[105.74605,20.59266],[105.76436,20.57635],[105.77169,20.55113],[105.78341,20.53927],[105.79513,20.51109],[105.80172,20.51109],[105.80611,20.49923],[105.8193,20.50664],[105.82076,20.49181],[105.83541,20.48439],[105.83688,20.47995],[105.84127,20.48143],[105.84347,20.47846],[105.85153,20.47846],[105.853,20.43397],[105.86179,20.41914],[105.85593,20.41766],[105.8464,20.42211],[105.83688,20.42062],[105.83322,20.41469],[105.82223,20.41766],[105.8193,20.42359],[105.81124,20.42655],[105.79952,20.43694],[105.79146,20.45473],[105.78707,20.45325],[105.78707,20.44583],[105.78194,20.43694],[105.77828,20.43545],[105.77388,20.43545],[105.77242,20.44287],[105.76436,20.4399],[105.7585,20.44287],[105.75337,20.44139],[105.75044,20.43842],[105.7585,20.41617],[105.7585,20.41321],[105.75191,20.41321],[105.75118,20.40727],[105.75484,20.40134],[105.75264,20.39986],[105.75337,20.38948],[105.75923,20.3791],[105.7563,20.36723],[105.74532,20.36723],[105.74532,20.38206],[105.74092,20.38503],[105.73066,20.38503],[105.7314,20.39986],[105.72773,20.39986],[105.71821,20.40876],[105.71015,20.40876],[105.70649,20.41172],[105.68452,20.41024],[105.68671,20.40282],[105.69111,20.40431],[105.6977,20.39838],[105.6955,20.39393],[105.69111,20.39244],[105.69624,20.38948],[105.69404,20.38651],[105.70356,20.3791],[105.70576,20.3702],[105.71089,20.36723],[105.70869,20.35982],[105.71308,20.35833],[105.72334,20.34202],[105.7292,20.33905],[105.72187,20.32867],[105.6999,20.32126],[105.6955,20.31236],[105.68598,20.30494],[105.67499,20.30642],[105.65155,20.3257],[105.64203,20.33905],[105.63837,20.33905],[105.62518,20.34943],[105.61639,20.34943],[105.6054,20.3613],[105.58123,20.3702],[105.57171,20.35982],[105.56292,20.35833],[105.54168,20.36278],[105.54021,20.36871],[105.53215,20.37168],[105.5241,20.36871],[105.52117,20.35982],[105.50432,20.35982],[105.47575,20.37613],[105.45963,20.37465],[105.43546,20.38503],[105.42374,20.38206],[105.40909,20.37316],[105.40323,20.37316],[105.37979,20.38058],[105.37686,20.38503],[105.36807,20.38503],[105.3666,20.38948],[105.35708,20.39244],[105.35342,20.38948],[105.3439,20.39096],[105.3417,20.39689],[105.31679,20.40727],[105.30214,20.42062],[105.29995,20.41617],[105.29555,20.41617],[105.28017,20.42507],[105.27724,20.431],[105.26698,20.42952],[105.25746,20.43397],[105.26625,20.45473],[105.26112,20.45622],[105.26112,20.4666],[105.23988,20.4755],[105.23841,20.47995],[105.24354,20.48884],[105.23988,20.49033],[105.23988,20.49329],[105.22889,20.49774],[105.22889,20.50516],[105.22083,20.50516],[105.21204,20.51109],[105.21058,20.51554],[105.20325,20.51851],[105.19007,20.51702],[105.18128,20.52147],[105.17908,20.51554],[105.16882,20.51554],[105.1637,20.52296],[105.16077,20.52296],[105.16003,20.5363],[105.15564,20.53779],[105.15198,20.54372],[105.14026,20.54372],[105.13073,20.55707],[105.12268,20.55855],[105.12048,20.563],[105.11096,20.563],[105.10436,20.57338],[105.09338,20.56745],[105.08605,20.57783],[105.07799,20.57931],[105.07213,20.57486],[105.06261,20.57486],[105.05309,20.57041],[105.05235,20.56152],[105.04503,20.55707],[105.0421,20.56003],[105.02232,20.55855],[105.00987,20.5719],[104.99595,20.57783],[104.9813,20.57338],[104.9791,20.57635],[104.98423,20.58821],[104.97251,20.59859],[104.96885,20.60601],[104.96226,20.60749],[104.96006,20.62825],[104.94834,20.64457],[104.92856,20.6505],[104.91244,20.66385],[104.889,20.67126],[104.8663,20.66088],[104.85238,20.66385],[104.84578,20.65198],[104.83626,20.66088],[104.84066,20.68609],[104.83992,20.69203],[104.83553,20.69648],[104.83699,20.69944],[104.84872,20.70241],[104.83773,20.71576],[104.84432,20.73059],[104.83553,20.73652],[104.83626,20.7469],[104.83992,20.75135],[104.85824,20.75432],[104.87289,20.76766],[104.88168,20.76766],[104.88461,20.76322],[104.89193,20.76322],[104.8934,20.75877],[104.89853,20.7558],[104.91611,20.75283],[104.9227,20.74394],[104.93955,20.74394],[104.94467,20.73652],[104.9542,20.73949],[104.97324,20.72614],[104.97837,20.73059],[104.98423,20.72762],[104.99888,20.72762],[105.00401,20.73207],[105.0084,20.73207],[105.0084,20.73504],[105.0128,20.73355],[105.0128,20.74097],[105.00108,20.74987],[104.99229,20.75135],[104.99082,20.75877],[104.99668,20.76322],[105.00547,20.7825],[105.00474,20.78991],[105.01207,20.78546],[105.015,20.79288],[105.02452,20.80178],[105.01793,20.80622],[105.01353,20.80474],[105.00108,20.81364],[104.9857,20.81364],[105.00328,20.82551],[105.00474,20.83292],[105.00254,20.83737],[105.00547,20.84479],[104.99668,20.84627],[105.00035,20.85665],[104.99156,20.86703],[104.98863,20.88038],[104.97691,20.89669],[104.97764,20.90707],[104.97251,20.91152],[104.96519,20.91152],[104.952,20.92636],[104.93881,20.93229],[104.92123,20.96492],[104.90658,20.97381],[104.89413,20.98716],[104.88754,21.01237],[104.87948,21.02424],[104.86556,21.03165],[104.86483,21.04055],[104.85751,21.05242],[104.85824,21.05835],[104.85238,21.06873],[104.85238,21.07763],[104.85751,21.07911],[104.86776,21.07615],[104.87289,21.08653],[104.87069,21.09098],[104.87728,21.09988],[104.8912,21.10729],[104.89779,21.10729],[104.90805,21.11322],[104.91098,21.11174]]]]}},{"type":"Feature","properties":{"id":"bac-ninh","name":"Bắc Ninh","type":"Tỉnh","region":"Đồng bằng sông Hồng","mergedFrom":["Bắc Giang","Bắc Ninh"],"areaKm2":4718.6,"population":3619433},"geometry":{"type":"MultiPolygon","coordinates":[[[[105.93723,21.24374],[105.93723,21.24967],[105.92185,21.27191],[105.92258,21.28823],[105.93064,21.29119],[105.93137,21.29416],[105.91672,21.29416],[105.91672,21.30603],[105.90867,21.30158],[105.89768,21.30603],[105.89914,21.32531],[105.88742,21.32827],[105.8801,21.33865],[105.88596,21.34607],[105.89841,21.3431],[105.90574,21.34755],[105.90793,21.35052],[105.90574,21.35348],[105.89768,21.34904],[105.89475,21.35348],[105.90061,21.35645],[105.91086,21.37721],[105.91526,21.37276],[105.92112,21.37573],[105.9343,21.37128],[105.94016,21.37276],[105.94456,21.3876],[105.94383,21.39353],[105.93943,21.39649],[105.94016,21.40094],[105.94383,21.39946],[105.95188,21.40688],[105.95555,21.40539],[105.95335,21.40094],[105.95848,21.40243],[105.95408,21.41429],[105.95848,21.42319],[105.95701,21.43357],[105.95994,21.43654],[105.96434,21.43654],[105.96947,21.42319],[105.97752,21.41429],[105.98412,21.41132],[105.98631,21.41429],[105.99071,21.41281],[105.99291,21.40539],[106.00609,21.40688],[106.01122,21.40243],[106.01635,21.40391],[106.01928,21.39501],[106.02807,21.39353],[106.0266,21.39946],[106.03319,21.40984],[106.02953,21.42467],[106.0244,21.43209],[106.03319,21.4395],[106.03832,21.43802],[106.03979,21.44099],[106.04711,21.44099],[106.04784,21.45433],[106.05004,21.45582],[106.05004,21.46175],[106.04345,21.46323],[106.03979,21.47065],[106.03979,21.47361],[106.04345,21.47361],[106.04858,21.47955],[106.03686,21.49141],[106.04198,21.49734],[106.04491,21.50773],[106.04418,21.51366],[106.04052,21.51662],[106.04345,21.51811],[106.04491,21.52701],[106.05297,21.53887],[106.05077,21.54629],[106.0537,21.54925],[106.04711,21.55963],[106.03246,21.55963],[106.03026,21.56408],[106.03319,21.56408],[106.03246,21.5715],[106.04784,21.5804],[106.05737,21.60413],[106.06689,21.60413],[106.06909,21.61006],[106.07568,21.61302],[106.07641,21.61747],[106.09253,21.62489],[106.09912,21.62489],[106.10059,21.62192],[106.10718,21.62192],[106.1167,21.61599],[106.12915,21.61599],[106.14087,21.62341],[106.14673,21.62192],[106.16065,21.62637],[106.17237,21.61006],[106.18409,21.60413],[106.17603,21.60116],[106.17603,21.59819],[106.16871,21.59671],[106.17017,21.5893],[106.16578,21.57743],[106.16871,21.57446],[106.16651,21.56112],[106.16944,21.55074],[106.16651,21.5448],[106.16651,21.53887],[106.16944,21.5359],[106.16651,21.52404],[106.16724,21.51217],[106.19215,21.50624],[106.19435,21.50179],[106.20607,21.50031],[106.21266,21.49586],[106.23757,21.49438],[106.2405,21.48696],[106.24489,21.48548],[106.24343,21.48251],[106.24782,21.48696],[106.25734,21.48696],[106.26027,21.49141],[106.26833,21.48993],[106.27199,21.49438],[106.27712,21.49141],[106.28738,21.49141],[106.28445,21.48845],[106.28152,21.47361],[106.28591,21.46917],[106.28298,21.45285],[106.28957,21.45582],[106.28811,21.4484],[106.29251,21.44395],[106.29837,21.44692],[106.3013,21.44247],[106.30496,21.44247],[106.30349,21.4484],[106.30716,21.45137],[106.31155,21.45137],[106.31521,21.44395],[106.31741,21.44692],[106.3262,21.4484],[106.33206,21.43505],[106.3284,21.43357],[106.32767,21.42616],[106.32474,21.42467],[106.3262,21.41726],[106.32327,21.40984],[106.32913,21.40836],[106.3306,21.40391],[106.33499,21.40391],[106.33865,21.39798],[106.34671,21.40094],[106.34891,21.39649],[106.36209,21.39649],[106.36722,21.39946],[106.37601,21.39353],[106.38553,21.39649],[106.39359,21.40539],[106.40092,21.40688],[106.40458,21.40391],[106.41484,21.40836],[106.4141,21.41726],[106.40824,21.41874],[106.40385,21.42616],[106.40678,21.4306],[106.41337,21.43209],[106.41703,21.43802],[106.43242,21.43802],[106.43388,21.44247],[106.43828,21.44395],[106.44267,21.43654],[106.45,21.43654],[106.45146,21.4395],[106.46318,21.43654],[106.47051,21.44099],[106.47197,21.4484],[106.48149,21.4484],[106.49321,21.48251],[106.50567,21.48548],[106.50713,21.48845],[106.50933,21.48696],[106.52105,21.50031],[106.5064,21.52256],[106.52252,21.53739],[106.52911,21.5626],[106.53936,21.56705],[106.54376,21.57743],[106.55182,21.58336],[106.55108,21.5893],[106.55548,21.59374],[106.56134,21.59374],[106.56866,21.59819],[106.57013,21.60264],[106.58991,21.59819],[106.61335,21.60561],[106.61408,21.60858],[106.63166,21.60116],[106.64118,21.60264],[106.64411,21.60709],[106.65217,21.60264],[106.6595,21.60709],[106.66389,21.60413],[106.66975,21.60858],[106.67708,21.60264],[106.68294,21.60264],[106.70198,21.59374],[106.69905,21.5715],[106.70491,21.56853],[106.70931,21.56112],[106.72615,21.55518],[106.73275,21.54925],[106.73275,21.5448],[106.74081,21.54184],[106.75472,21.54035],[106.75692,21.54332],[106.75619,21.54777],[106.75912,21.54777],[106.75765,21.5537],[106.76058,21.5537],[106.75692,21.55667],[106.75692,21.5626],[106.75472,21.56112],[106.75692,21.56853],[106.76351,21.57298],[106.77304,21.5715],[106.78622,21.57743],[106.78695,21.5715],[106.8038,21.55963],[106.81699,21.5626],[106.84336,21.55963],[106.84775,21.5537],[106.84995,21.54184],[106.8646,21.53442],[106.8646,21.52849],[106.85947,21.52256],[106.85142,21.52552],[106.84995,21.51662],[106.84629,21.51366],[106.83969,21.51366],[106.83823,21.50624],[106.84116,21.50476],[106.84482,21.49438],[106.85142,21.50031],[106.85142,21.49586],[106.86973,21.49734],[106.88951,21.48993],[106.88804,21.48251],[106.89097,21.48103],[106.89097,21.47658],[106.90123,21.47065],[106.89683,21.46175],[106.8917,21.46027],[106.89024,21.45137],[106.89463,21.44395],[106.90123,21.44099],[106.91221,21.42912],[106.92613,21.44099],[106.92906,21.43802],[106.9276,21.42616],[106.93932,21.43505],[106.94444,21.43505],[106.94811,21.42616],[106.95397,21.42319],[106.95836,21.42467],[106.96789,21.43654],[106.9862,21.4395],[106.99059,21.4306],[107.00305,21.42171],[107.00158,21.41874],[106.99645,21.41874],[106.98986,21.41429],[106.99059,21.40836],[106.98473,21.40243],[106.98693,21.3876],[106.99206,21.3787],[106.98693,21.35942],[106.9884,21.35645],[106.99865,21.35645],[107.00158,21.35052],[107.0177,21.34459],[107.01696,21.34014],[107.02209,21.33717],[107.02136,21.33124],[107.03308,21.32234],[107.03308,21.31492],[107.01989,21.30009],[107.01257,21.29861],[107.01037,21.29416],[106.98254,21.29268],[106.97228,21.28378],[106.97668,21.26895],[106.98327,21.26598],[106.98473,21.26005],[106.98107,21.24522],[106.97668,21.23929],[106.97594,21.23039],[106.97814,21.22742],[106.97301,21.22446],[106.96862,21.22594],[106.96129,21.20962],[106.95543,21.20666],[106.9547,21.19034],[106.94737,21.18886],[106.94151,21.17255],[106.93712,21.17255],[106.93639,21.16958],[106.9276,21.17255],[106.91661,21.18441],[106.90782,21.18441],[106.89683,21.17996],[106.88218,21.18441],[106.87339,21.17403],[106.869,21.17403],[106.85874,21.17848],[106.85581,21.18886],[106.84409,21.1859],[106.82578,21.18886],[106.82578,21.16365],[106.8331,21.15327],[106.82065,21.15623],[106.81186,21.15327],[106.80307,21.15475],[106.79062,21.14882],[106.78476,21.15178],[106.76864,21.15178],[106.76718,21.15623],[106.743,21.15623],[106.73275,21.16217],[106.72689,21.1592],[106.72029,21.1592],[106.72029,21.16217],[106.7137,21.16068],[106.70711,21.1681],[106.69832,21.1681],[106.69685,21.17106],[106.68147,21.16662],[106.67854,21.17106],[106.65071,21.17403],[106.64118,21.18145],[106.63752,21.17848],[106.63972,21.17551],[106.63752,21.1681],[106.63386,21.17255],[106.60895,21.17106],[106.60602,21.17996],[106.58771,21.17848],[106.58991,21.18293],[106.58771,21.18886],[106.57965,21.19331],[106.5672,21.18886],[106.55768,21.19479],[106.54156,21.19183],[106.52838,21.22297],[106.51666,21.22594],[106.51153,21.22149],[106.5064,21.22149],[106.49541,21.22891],[106.49175,21.22742],[106.48809,21.2378],[106.48662,21.22891],[106.4727,21.23039],[106.46611,21.22594],[106.45805,21.22891],[106.45512,21.23335],[106.45219,21.23039],[106.44487,21.23187],[106.44267,21.22891],[106.42436,21.23187],[106.42216,21.22446],[106.4163,21.22297],[106.41264,21.20814],[106.40018,21.20518],[106.39945,21.20221],[106.39286,21.20369],[106.3848,21.19628],[106.37308,21.19628],[106.37308,21.18886],[106.36869,21.18441],[106.37015,21.18145],[106.36356,21.17996],[106.36576,21.17403],[106.36136,21.17106],[106.34378,21.17403],[106.34671,21.1681],[106.34525,21.16513],[106.34232,21.17106],[106.33206,21.17403],[106.32986,21.18145],[106.32254,21.1859],[106.324,21.19183],[106.31228,21.19331],[106.30862,21.17996],[106.32254,21.1503],[106.31668,21.13547],[106.29837,21.12212],[106.2947,21.11322],[106.2947,21.10581],[106.3013,21.08949],[106.30203,21.07615],[106.31155,21.05835],[106.29177,21.0361],[106.29324,21.01979],[106.27419,21.00644],[106.27126,21.00051],[106.27199,20.99161],[106.2676,20.98864],[106.25808,20.99013],[106.25148,20.99754],[106.24562,20.99754],[106.24416,20.99161],[106.23903,20.99161],[106.23317,20.99606],[106.23097,20.99309],[106.21925,20.99606],[106.22072,20.99013],[106.19508,20.97975],[106.18629,20.98123],[106.18556,20.97826],[106.17896,20.97826],[106.16871,20.96936],[106.16578,20.96936],[106.16651,20.97233],[106.16285,20.9753],[106.16798,20.98716],[106.16358,20.98716],[106.16138,20.99013],[106.14966,20.98864],[106.13721,21.00199],[106.13135,20.99903],[106.12696,20.9842],[106.1145,20.9842],[106.11524,20.99606],[106.10864,21.00051],[106.10205,20.99754],[106.09253,21.00644],[106.08301,21.00496],[106.07934,20.99606],[106.07348,20.99606],[106.06616,21.00051],[106.05663,21.00051],[106.05444,21.00644],[106.05004,21.00792],[106.04931,21.00348],[106.04052,21.00348],[106.0288,20.99309],[106.02367,20.99606],[106.02001,20.99458],[106.01635,21.00348],[106.01122,21.00199],[106.01049,20.99903],[106.00023,21.00051],[105.99803,21.00644],[106.00975,21.01089],[106.00389,21.01237],[106.00609,21.01682],[106.00389,21.01682],[106.00389,21.02276],[106.00902,21.02424],[106.00609,21.02869],[106.01195,21.03017],[106.01928,21.04055],[106.01928,21.04797],[106.01342,21.05093],[106.01049,21.05835],[106.00829,21.05538],[106.00609,21.05835],[106.00902,21.0628],[106.00536,21.0628],[105.99803,21.07466],[105.99291,21.06873],[105.96727,21.0717],[105.9658,21.07615],[105.96141,21.07763],[105.95701,21.09098],[105.93943,21.08356],[105.94016,21.08801],[105.93504,21.09543],[105.93577,21.10136],[105.93137,21.11026],[105.92039,21.11619],[105.92332,21.12064],[105.92112,21.12212],[105.92112,21.11916],[105.91526,21.11916],[105.91233,21.12509],[105.91892,21.12954],[105.91746,21.1325],[105.92112,21.13547],[105.92258,21.1325],[105.92478,21.13399],[105.92551,21.14734],[105.92258,21.14734],[105.91892,21.15475],[105.92258,21.16217],[105.91892,21.16217],[105.91599,21.1681],[105.92332,21.18293],[105.91453,21.18738],[105.91306,21.19183],[105.90647,21.19183],[105.9072,21.19924],[105.91306,21.20221],[105.9094,21.20814],[105.91526,21.20814],[105.91526,21.21556],[105.91086,21.22446],[105.90354,21.22297],[105.90354,21.22594],[105.90574,21.23187],[105.92039,21.23187],[105.92039,21.23484],[105.92625,21.2378],[105.92991,21.24374],[105.93723,21.24374]]]]}},{"type":"Feature","properties":{"id":"hung-yen","name":"Hưng Yên","type":"Tỉnh","region":"Đồng bằng sông Hồng","mergedFrom":["Thái Bình","Hưng Yên"],"areaKm2":2514.81,"population":3567943},"geometry":{"type":"MultiPolygon","coordinates":[[[[106.60675,20.27676],[106.60602,20.27825],[106.60675,20.27825],[106.60675,20.27973],[106.60675,20.28121],[106.60675,20.28269],[106.60749,20.28269],[106.60749,20.28418],[106.60822,20.28418],[106.60822,20.28566],[106.60895,20.28566],[106.60895,20.28418],[106.60895,20.28269],[106.60895,20.28121],[106.60822,20.28121],[106.60822,20.27825],[106.60749,20.27825],[106.60675,20.27676]]],[[[106.60016,20.31384],[106.5987,20.31087],[106.60163,20.30642],[106.59943,20.30346],[106.60163,20.30049],[106.59796,20.30049],[106.59943,20.29456],[106.59577,20.28863],[106.5921,20.29011],[106.59064,20.28714],[106.5943,20.28269],[106.59357,20.28566],[106.59723,20.28566],[106.59796,20.28863],[106.59723,20.28121],[106.60089,20.27973],[106.60382,20.28121],[106.60163,20.28269],[106.60309,20.28863],[106.59943,20.28863],[106.60089,20.29308],[106.60602,20.29308],[106.60968,20.28863],[106.60529,20.28714],[106.60382,20.27825],[106.60602,20.2738],[106.59796,20.256],[106.58991,20.25155],[106.57745,20.2738],[106.58331,20.28566],[106.59284,20.29604],[106.60016,20.31977],[106.60016,20.31384]]],[[[106.60089,20.43249],[106.59943,20.43249],[106.59943,20.43545],[106.60016,20.43545],[106.60089,20.43545],[106.60089,20.43397],[106.60089,20.43249]]],[[[106.60968,20.42952],[106.60016,20.41766],[106.59577,20.41766],[106.60236,20.42952],[106.60529,20.431],[106.60749,20.42804],[106.60968,20.431],[106.60895,20.44435],[106.61188,20.4399],[106.60968,20.42952]]],[[[106.60675,20.44435],[106.60968,20.4399],[106.60895,20.43397],[106.60089,20.43842],[106.60163,20.44435],[106.60236,20.4399],[106.60675,20.44435]]],[[[106.12696,20.9842],[106.13721,20.9753],[106.13282,20.96936],[106.13428,20.96047],[106.14893,20.96047],[106.14966,20.95602],[106.15772,20.95157],[106.15406,20.94564],[106.14966,20.94415],[106.15259,20.93377],[106.14966,20.93377],[106.14747,20.92932],[106.14893,20.92487],[106.15406,20.92339],[106.15479,20.91746],[106.14307,20.91301],[106.14307,20.90856],[106.13575,20.90411],[106.13794,20.89373],[106.14673,20.88928],[106.146,20.88038],[106.14307,20.8789],[106.14161,20.85962],[106.13575,20.85072],[106.12549,20.84923],[106.12915,20.8433],[106.12329,20.82995],[106.12915,20.82995],[106.14014,20.81809],[106.13721,20.80919],[106.13208,20.80919],[106.13062,20.80622],[106.13941,20.79733],[106.14087,20.79881],[106.14161,20.79288],[106.15186,20.78101],[106.15699,20.77953],[106.15992,20.78398],[106.16505,20.78546],[106.17091,20.77656],[106.17603,20.77656],[106.17384,20.77211],[106.18043,20.76322],[106.19215,20.76618],[106.20094,20.75283],[106.21413,20.75135],[106.21852,20.73652],[106.21779,20.73207],[106.2112,20.73207],[106.21266,20.72762],[106.22292,20.71872],[106.22658,20.70537],[106.24343,20.69648],[106.24782,20.68758],[106.26906,20.68461],[106.26613,20.68906],[106.25515,20.68906],[106.24782,20.69499],[106.25954,20.70389],[106.26687,20.70389],[106.2698,20.69648],[106.27566,20.69203],[106.28664,20.69351],[106.28811,20.69796],[106.28225,20.70389],[106.28298,20.71131],[106.28811,20.71131],[106.29397,20.70686],[106.29324,20.69648],[106.3013,20.68906],[106.3262,20.70389],[106.33206,20.71131],[106.34085,20.71131],[106.34818,20.70093],[106.35843,20.70093],[106.37308,20.71131],[106.38187,20.71131],[106.39579,20.72466],[106.39872,20.72466],[106.40018,20.7291],[106.40678,20.7291],[106.40898,20.72169],[106.4163,20.71724],[106.41557,20.71279],[106.41191,20.71279],[106.4141,20.70686],[106.40311,20.69648],[106.40018,20.68758],[106.40605,20.68758],[106.43754,20.66237],[106.44633,20.64753],[106.45439,20.64012],[106.45,20.61936],[106.45952,20.61787],[106.46611,20.61342],[106.46977,20.59859],[106.48076,20.59859],[106.48809,20.60749],[106.49102,20.61639],[106.50933,20.61491],[106.51666,20.61046],[106.51812,20.60304],[106.52911,20.60304],[106.53863,20.60749],[106.54156,20.61491],[106.54083,20.62232],[106.54449,20.62677],[106.55987,20.62677],[106.56793,20.61936],[106.58405,20.62677],[106.5921,20.63715],[106.59943,20.64012],[106.61115,20.62677],[106.63532,20.62677],[106.64558,20.61936],[106.64045,20.60749],[106.64411,20.61342],[106.64851,20.61342],[106.64778,20.60749],[106.64118,20.60452],[106.64045,20.60156],[106.63606,20.60156],[106.63166,20.59563],[106.62727,20.59563],[106.62214,20.58673],[106.61481,20.58673],[106.61408,20.58376],[106.60822,20.58673],[106.61042,20.58228],[106.60675,20.57338],[106.60163,20.56745],[106.59723,20.56745],[106.58991,20.5541],[106.58624,20.55262],[106.58038,20.56003],[106.57745,20.55855],[106.58478,20.55262],[106.59064,20.54075],[106.58405,20.5363],[106.58698,20.53334],[106.58405,20.52444],[106.58038,20.52296],[106.58185,20.51257],[106.59796,20.50071],[106.60016,20.48439],[106.59943,20.49774],[106.60236,20.49626],[106.60675,20.47846],[106.60529,20.47698],[106.60163,20.48291],[106.60529,20.47698],[106.60382,20.4666],[106.60016,20.47253],[106.5987,20.4666],[106.59503,20.46956],[106.59064,20.4666],[106.59577,20.46363],[106.5943,20.45622],[106.59137,20.4577],[106.59137,20.46215],[106.58771,20.46067],[106.59796,20.44583],[106.59943,20.4399],[106.5965,20.43397],[106.59943,20.42804],[106.59137,20.41617],[106.59137,20.40876],[106.58551,20.39838],[106.57745,20.36723],[106.57233,20.36575],[106.56866,20.38058],[106.56207,20.38503],[106.55401,20.38206],[106.56134,20.38354],[106.5672,20.38058],[106.57086,20.36426],[106.57892,20.36426],[106.57965,20.34647],[106.58258,20.34795],[106.58551,20.34498],[106.58844,20.33757],[106.58624,20.3346],[106.58917,20.3346],[106.59284,20.32867],[106.59137,20.3257],[106.59503,20.3257],[106.59357,20.32422],[106.5987,20.31977],[106.58917,20.29308],[106.57526,20.27825],[106.5694,20.27676],[106.56061,20.28566],[106.55914,20.28418],[106.52691,20.31681],[106.50786,20.30791],[106.49834,20.30939],[106.48369,20.29456],[106.46538,20.28863],[106.44194,20.29308],[106.42875,20.30197],[106.40605,20.33312],[106.38773,20.34498],[106.37088,20.34498],[106.35404,20.35388],[106.34012,20.37761],[106.33426,20.37613],[106.324,20.36426],[106.28225,20.33164],[106.27126,20.32719],[106.26247,20.32719],[106.25808,20.33015],[106.25222,20.33905],[106.25222,20.35388],[106.25881,20.36278],[106.28298,20.38058],[106.28591,20.39096],[106.27639,20.40282],[106.26613,20.40579],[106.22585,20.40727],[106.21413,20.41617],[106.209,20.42952],[106.22072,20.44732],[106.22511,20.46067],[106.22438,20.46808],[106.21999,20.47401],[106.20753,20.47995],[106.18776,20.47995],[106.18116,20.48588],[106.1775,20.49478],[106.17896,20.51851],[106.17017,20.54965],[106.15772,20.56596],[106.13648,20.57041],[106.13135,20.57486],[106.12842,20.58376],[106.12842,20.61046],[106.12036,20.61787],[106.10718,20.61936],[106.09326,20.61491],[106.07788,20.60304],[106.06982,20.60304],[106.05517,20.60897],[106.03393,20.63567],[106.03026,20.64753],[106.03026,20.6594],[106.03466,20.68165],[106.0266,20.69351],[106.01781,20.70093],[106.00829,20.70389],[105.98778,20.70389],[105.98045,20.69944],[105.97313,20.69944],[105.96361,20.72317],[105.96507,20.73059],[105.96873,20.73355],[105.96654,20.7736],[105.95921,20.77953],[105.92771,20.78694],[105.91892,20.79584],[105.91013,20.81957],[105.91013,20.82995],[105.91526,20.84182],[105.93064,20.84923],[105.93577,20.86258],[105.93064,20.87445],[105.92405,20.87593],[105.89475,20.89521],[105.89621,20.90263],[105.91233,20.91894],[105.90793,20.92636],[105.91453,20.93674],[105.90354,20.94564],[105.90354,20.95453],[105.91233,20.97233],[105.91819,20.97678],[105.92405,20.97678],[105.93797,20.96788],[105.95481,20.96936],[105.95408,20.9664],[105.95628,20.96788],[105.96361,20.96343],[105.96141,20.98271],[105.96434,20.9842],[105.96068,20.98864],[105.96361,20.99161],[105.9702,20.98864],[105.97166,20.99754],[105.97826,20.99903],[105.98558,20.99606],[105.99364,21.00199],[105.99877,20.99903],[106.01049,20.99903],[106.01122,21.00199],[106.01635,21.00348],[106.02001,20.99458],[106.02367,20.99606],[106.0288,20.99309],[106.04052,21.00348],[106.04931,21.00348],[106.05004,21.00792],[106.05444,21.00644],[106.05663,21.00051],[106.06616,21.00051],[106.07348,20.99606],[106.07934,20.99606],[106.08301,21.00496],[106.09253,21.00644],[106.10205,20.99754],[106.10864,21.00051],[106.11524,20.99606],[106.1145,20.9842],[106.12696,20.9842]]]]}},{"type":"Feature","properties":{"id":"hai-phong","name":"Hải Phòng","type":"Thành phố","region":"Duyên hải Bắc Bộ","mergedFrom":["Hải Phòng","Hải Dương"],"areaKm2":3194.72,"population":4664124},"geometry":{"type":"MultiPolygon","coordinates":[[[[107.74142,20.14773],[107.74142,20.1418],[107.73556,20.13439],[107.73703,20.13142],[107.73336,20.12549],[107.72824,20.12549],[107.72824,20.12845],[107.72384,20.12549],[107.72164,20.12845],[107.71578,20.12697],[107.71945,20.13587],[107.72531,20.13587],[107.7341,20.14477],[107.74142,20.14773]]],[[[107.20962,20.61491],[107.20962,20.61639],[107.21035,20.61639],[107.21108,20.61639],[107.21181,20.61639],[107.21255,20.61639],[107.21255,20.61491],[107.21181,20.61491],[107.21108,20.61491],[107.20962,20.61491]]],[[[107.14955,20.61787],[107.15175,20.61342],[107.14735,20.61194],[107.14589,20.61491],[107.14955,20.61787]]],[[[107.16933,20.61787],[107.17079,20.61491],[107.16713,20.61342],[107.16713,20.61787],[107.16933,20.61787]]],[[[107.20962,20.61491],[107.20449,20.61342],[107.20156,20.61639],[107.20669,20.61787],[107.20669,20.61491],[107.20962,20.61491]]],[[[107.1305,20.61787],[107.13124,20.61491],[107.12904,20.61491],[107.1305,20.61787]]],[[[106.66536,20.61936],[106.66316,20.61342],[106.6595,20.61491],[106.66023,20.61936],[106.66536,20.61936]]],[[[107.1349,20.62825],[107.13783,20.62084],[107.14296,20.61936],[107.14149,20.61491],[107.14003,20.61936],[107.1371,20.61639],[107.13563,20.62232],[107.13343,20.62084],[107.1327,20.62677],[107.1349,20.62825]]],[[[107.15687,20.62974],[107.15761,20.62677],[107.162,20.62825],[107.16054,20.61936],[107.15321,20.62381],[107.15468,20.62974],[107.15687,20.62974]]],[[[107.1327,20.65198],[107.1327,20.6505],[107.13124,20.6505],[107.13124,20.65198],[107.13197,20.65198],[107.1327,20.65198]]],[[[106.70564,20.66533],[106.70052,20.65347],[106.69759,20.65643],[106.70638,20.6683],[106.70564,20.66533]]],[[[106.81772,20.6683],[106.81699,20.66533],[106.81259,20.66681],[106.81772,20.6683]]],[[[107.06824,20.69796],[107.06824,20.69648],[107.06751,20.69648],[107.06751,20.69499],[107.06677,20.69499],[107.06677,20.69648],[107.06677,20.69796],[107.06751,20.69796],[107.06824,20.69796]]],[[[107.04626,20.70241],[107.04626,20.70093],[107.047,20.70093],[107.04773,20.70093],[107.04773,20.69944],[107.047,20.69944],[107.047,20.69796],[107.04626,20.69796],[107.04626,20.69944],[107.04553,20.69944],[107.04553,20.70093],[107.0448,20.70093],[107.04553,20.70093],[107.04553,20.70241],[107.04626,20.70241]]],[[[107.04407,20.70389],[107.0448,20.70389],[107.04553,20.70389],[107.04626,20.70389],[107.04626,20.70241],[107.0448,20.70241],[107.0448,20.70389],[107.04407,20.70389],[107.04333,20.70389],[107.04407,20.70389]]],[[[107.07264,20.70537],[107.07703,20.70389],[107.07483,20.69944],[107.07264,20.70537]]],[[[107.04626,20.70834],[107.04773,20.70537],[107.0448,20.70537],[107.04626,20.70834]]],[[[107.03674,20.70982],[107.0426,20.70834],[107.04333,20.70241],[107.0404,20.70241],[107.03967,20.70686],[107.03601,20.70686],[107.03674,20.70982]]],[[[107.06677,20.71724],[107.06824,20.70982],[107.06311,20.71131],[107.06677,20.71724]]],[[[107.0177,20.71872],[107.02282,20.71576],[107.02356,20.71131],[107.02942,20.70982],[107.02795,20.70537],[107.02649,20.70982],[107.02356,20.70537],[107.02063,20.70537],[107.02209,20.70982],[107.01623,20.70982],[107.01843,20.71279],[107.0155,20.71724],[107.0177,20.71872]]],[[[107.07264,20.72021],[107.07337,20.72021],[107.07337,20.71872],[107.07264,20.71872],[107.0719,20.71872],[107.07117,20.71872],[107.07044,20.71872],[107.07044,20.72021],[107.07117,20.72021],[107.0719,20.72021],[107.07264,20.72021]]],[[[107.03015,20.72169],[107.03235,20.71872],[107.02868,20.71724],[107.02722,20.72021],[107.03015,20.72169]]],[[[107.01037,20.72614],[107.0155,20.71724],[107.01037,20.71872],[107.01037,20.72317],[107.00744,20.72466],[107.01037,20.72614]]],[[[107.06311,20.72614],[107.06677,20.72169],[107.06531,20.71724],[107.06238,20.72021],[107.06311,20.72614]]],[[[107.08362,20.7291],[107.08436,20.7291],[107.08436,20.72762],[107.08362,20.72762],[107.08362,20.72614],[107.08289,20.72614],[107.08216,20.72614],[107.08216,20.72762],[107.08216,20.7291],[107.08289,20.7291],[107.08362,20.7291]]],[[[107.08069,20.73207],[107.08216,20.72317],[107.07923,20.72466],[107.08289,20.71872],[107.0785,20.72169],[107.0763,20.7291],[107.08069,20.73207]]],[[[107.08069,20.73652],[107.08729,20.7291],[107.08289,20.73059],[107.07923,20.73504],[107.08069,20.73652]]],[[[107.07557,20.74394],[107.07923,20.73949],[107.07557,20.74097],[107.07557,20.74394]]],[[[107.07117,20.75877],[107.07923,20.7558],[107.08655,20.74394],[107.07996,20.7469],[107.0785,20.75135],[107.07264,20.75135],[107.0741,20.75432],[107.07117,20.75432],[107.07117,20.75877]]],[[[107.05212,20.76025],[107.05212,20.75877],[107.05139,20.75877],[107.05066,20.75877],[107.04993,20.75877],[107.05066,20.75877],[107.05066,20.76025],[107.05212,20.76025]]],[[[107.05505,20.76025],[107.05798,20.76025],[107.05872,20.75728],[107.06238,20.75877],[107.06458,20.75432],[107.05579,20.75432],[107.05505,20.76025]]],[[[107.0785,20.76025],[107.07923,20.76025],[107.07996,20.76025],[107.08069,20.76025],[107.08143,20.76025],[107.08069,20.76025],[107.08069,20.75877],[107.08143,20.75877],[107.08216,20.75877],[107.08143,20.75877],[107.08069,20.75877],[107.07996,20.75877],[107.07996,20.76025],[107.07923,20.76025],[107.07923,20.75877],[107.0785,20.75877],[107.0785,20.76025],[107.07776,20.76025],[107.0785,20.76025]]],[[[107.06458,20.76173],[107.07117,20.76025],[107.06824,20.75877],[107.07044,20.75728],[107.06677,20.7558],[107.06677,20.76025],[107.06018,20.76025],[107.06458,20.76173]]],[[[107.07264,20.7647],[107.0741,20.76173],[107.07117,20.76173],[107.07264,20.7647]]],[[[107.05798,20.7647],[107.06091,20.76322],[107.05945,20.76025],[107.05579,20.76173],[107.05798,20.7647]]],[[[107.07776,20.7647],[107.07996,20.76173],[107.0763,20.76322],[107.07776,20.7647]]],[[[107.05286,20.7647],[107.05432,20.76322],[107.05066,20.76322],[107.05286,20.7647]]],[[[107.08069,20.76618],[107.09022,20.75728],[107.08582,20.7558],[107.08216,20.7647],[107.07923,20.7647],[107.08069,20.76618]]],[[[107.0763,20.76915],[107.08216,20.76766],[107.07557,20.76618],[107.0741,20.76322],[107.0763,20.76915]]],[[[107.10487,20.77211],[107.1056,20.77211],[107.1056,20.77063],[107.10633,20.77063],[107.10633,20.76915],[107.10633,20.76766],[107.1056,20.76766],[107.10487,20.76766],[107.10487,20.76915],[107.10487,20.77063],[107.10487,20.77211]]],[[[107.07703,20.7736],[107.07776,20.7736],[107.0785,20.7736],[107.0785,20.77211],[107.07776,20.77211],[107.07776,20.7736],[107.07703,20.7736],[107.0763,20.7736],[107.07703,20.7736]]],[[[107.08582,20.77211],[107.08509,20.76915],[107.08875,20.76915],[107.08802,20.7736],[107.09022,20.77063],[107.08948,20.7736],[107.10194,20.77211],[107.09901,20.7647],[107.09315,20.76618],[107.09315,20.76322],[107.08655,20.76322],[107.08362,20.76618],[107.08289,20.76915],[107.08509,20.76915],[107.08216,20.77211],[107.08582,20.77211]]],[[[107.06238,20.77508],[107.06311,20.77508],[107.06311,20.7736],[107.06384,20.7736],[107.06458,20.7736],[107.06458,20.77211],[107.06604,20.77211],[107.06604,20.77063],[107.06604,20.76915],[107.06677,20.76915],[107.06604,20.76915],[107.06531,20.76915],[107.06458,20.76915],[107.06458,20.77063],[107.06531,20.77063],[107.06384,20.77063],[107.06384,20.77211],[107.06311,20.77211],[107.06238,20.77211],[107.06238,20.7736],[107.06165,20.7736],[107.06165,20.77508],[107.06238,20.77508]]],[[[106.83969,20.76766],[106.8353,20.76915],[106.8375,20.77656],[106.83969,20.76766]]],[[[107.0741,20.77656],[107.0763,20.76915],[107.07337,20.77211],[107.06824,20.76915],[107.06677,20.77211],[107.0697,20.77211],[107.06897,20.77508],[107.07264,20.77211],[107.0741,20.77656]]],[[[107.08582,20.77211],[107.07923,20.7736],[107.07996,20.77656],[107.08069,20.7736],[107.08436,20.77508],[107.08582,20.77211]]],[[[107.06165,20.77656],[107.06311,20.77508],[107.06018,20.77508],[107.06165,20.77656]]],[[[107.10487,20.78991],[107.10706,20.78694],[107.10413,20.78694],[107.10487,20.78991]]],[[[107.10487,20.78991],[107.1012,20.78843],[107.10047,20.79139],[107.10487,20.78991]]],[[[106.91295,20.78694],[106.92174,20.77211],[106.92027,20.77063],[106.91441,20.77656],[106.91148,20.78546],[106.90635,20.78843],[106.90782,20.79584],[106.91295,20.78694]]],[[[107.06091,20.81364],[107.06165,20.81364],[107.06165,20.81216],[107.06238,20.81216],[107.06165,20.81216],[107.06238,20.81216],[107.06238,20.81067],[107.06165,20.81067],[107.06091,20.81067],[107.06165,20.81067],[107.06091,20.81067],[107.06091,20.81216],[107.06018,20.81216],[107.06091,20.81216],[107.06091,20.81364]]],[[[107.10047,20.81364],[107.10413,20.80771],[107.09974,20.81067],[107.10047,20.81364]]],[[[107.07044,20.82402],[107.07117,20.82402],[107.0719,20.82402],[107.07117,20.82402],[107.07117,20.82254],[107.0719,20.82254],[107.07117,20.82254],[107.07044,20.82254],[107.07044,20.82106],[107.0697,20.82106],[107.0697,20.82254],[107.07044,20.82254],[107.07044,20.82402]]],[[[107.07044,20.82402],[107.06604,20.82254],[107.06531,20.82551],[107.07337,20.82847],[107.07483,20.82551],[107.07044,20.82402]]],[[[107.06677,20.83144],[107.0697,20.82995],[107.06458,20.82699],[107.06677,20.83144]]],[[[106.87119,20.83144],[106.8961,20.80771],[106.90416,20.80622],[106.90489,20.80178],[106.88804,20.79288],[106.87559,20.79584],[106.86387,20.78991],[106.85142,20.78991],[106.84849,20.79288],[106.84555,20.81067],[106.84189,20.81512],[106.84995,20.82254],[106.87119,20.83144]]],[[[107.06531,20.83885],[107.06604,20.83589],[107.06311,20.83737],[107.06531,20.83885]]],[[[107.05066,20.8433],[107.05212,20.83885],[107.04919,20.83885],[107.05066,20.8433]]],[[[106.94811,20.85072],[106.94884,20.85072],[106.94957,20.85072],[106.94884,20.85072],[106.94811,20.85072],[106.94737,20.85072],[106.94737,20.8522],[106.94811,20.85072]]],[[[106.94737,20.85517],[106.94664,20.85517],[106.94591,20.85517],[106.94591,20.85665],[106.94591,20.85813],[106.94664,20.85813],[106.94664,20.85665],[106.94737,20.85665],[106.94737,20.85517]]],[[[106.98547,20.86555],[106.98766,20.86407],[106.98327,20.86258],[106.9818,20.86703],[106.98547,20.86555]]],[[[106.97814,20.87],[106.97887,20.87],[106.97961,20.87],[106.97961,20.86851],[106.97961,20.86703],[106.97887,20.86703],[106.97887,20.86851],[106.97814,20.86851],[106.97814,20.87]]],[[[106.94811,20.87],[106.94444,20.86703],[106.94005,20.87],[106.94518,20.87],[106.94591,20.87445],[106.94811,20.87]]],[[[106.96129,20.87741],[106.96349,20.87445],[106.96496,20.87593],[106.96496,20.87148],[106.97008,20.87296],[106.97228,20.86851],[106.97521,20.87148],[106.97668,20.86258],[106.97301,20.85962],[106.96862,20.86258],[106.96642,20.85813],[106.96056,20.86258],[106.96129,20.85962],[106.95763,20.85665],[106.95543,20.86407],[106.96203,20.86407],[106.95616,20.86555],[106.95616,20.87],[106.9591,20.87148],[106.95983,20.86703],[106.96276,20.87148],[106.96349,20.86555],[106.96422,20.87148],[106.96203,20.87593],[106.96129,20.87296],[106.9591,20.87593],[106.96129,20.87741]]],[[[106.94884,20.87741],[106.95323,20.8789],[106.95397,20.87445],[106.95616,20.87445],[106.95397,20.85813],[106.95763,20.85368],[106.97228,20.85517],[106.97594,20.8522],[106.97887,20.85813],[106.97961,20.85517],[106.98254,20.85813],[106.98034,20.84627],[106.98547,20.8522],[106.98547,20.85813],[106.99572,20.85517],[106.99059,20.8611],[106.99938,20.85962],[107.00158,20.86258],[107.00524,20.8522],[107.0111,20.84775],[107.00817,20.85517],[107.01184,20.85665],[107.00891,20.85665],[107.00817,20.8611],[107.02356,20.8611],[107.02429,20.85813],[107.02429,20.86258],[107.02868,20.86258],[107.03015,20.85962],[107.03454,20.86258],[107.03747,20.8611],[107.03674,20.85665],[107.03894,20.85665],[107.0404,20.85072],[107.047,20.84775],[107.04333,20.82699],[107.04626,20.81512],[107.05286,20.81216],[107.047,20.81809],[107.05066,20.82254],[107.047,20.82402],[107.04626,20.83144],[107.04993,20.83589],[107.05212,20.82995],[107.06091,20.83292],[107.05872,20.82847],[107.06311,20.82699],[107.05872,20.82551],[107.05872,20.82254],[107.06238,20.82106],[107.05872,20.81957],[107.06604,20.81957],[107.06384,20.81957],[107.06458,20.82254],[107.0697,20.81809],[107.06824,20.81364],[107.06458,20.81216],[107.07044,20.81216],[107.0697,20.81512],[107.07117,20.81364],[107.0741,20.81661],[107.07264,20.82106],[107.07776,20.82402],[107.08289,20.82254],[107.08216,20.81957],[107.08509,20.81809],[107.09168,20.81809],[107.09168,20.81067],[107.1034,20.80771],[107.10706,20.80326],[107.10999,20.79733],[107.10999,20.78694],[107.1078,20.78694],[107.10853,20.79139],[107.10633,20.78991],[107.1078,20.79436],[107.1012,20.79288],[107.09974,20.79584],[107.09754,20.79139],[107.09534,20.79288],[107.09754,20.79288],[107.09681,20.79584],[107.09095,20.79733],[107.09168,20.80029],[107.08802,20.79881],[107.08802,20.80326],[107.09168,20.80326],[107.09022,20.80622],[107.08729,20.80178],[107.08143,20.80326],[107.08655,20.79584],[107.09461,20.79584],[107.09754,20.78843],[107.09534,20.78546],[107.09754,20.7825],[107.10194,20.7825],[107.09827,20.7825],[107.10194,20.77656],[107.09681,20.77953],[107.09681,20.77508],[107.09534,20.77953],[107.09241,20.77953],[107.09241,20.77508],[107.09095,20.77953],[107.08948,20.77656],[107.08509,20.77656],[107.08289,20.78101],[107.08655,20.78101],[107.08582,20.78398],[107.08289,20.78398],[107.08582,20.78398],[107.08509,20.78843],[107.08436,20.78546],[107.07703,20.78843],[107.08216,20.78398],[107.08143,20.77953],[107.07776,20.78101],[107.0785,20.78546],[107.07483,20.78694],[107.0763,20.79139],[107.07264,20.78843],[107.0719,20.79584],[107.06897,20.79584],[107.06384,20.80326],[107.06677,20.80326],[107.06311,20.80622],[107.06458,20.81512],[107.06091,20.81364],[107.05798,20.81661],[107.05798,20.81216],[107.05432,20.81364],[107.05579,20.80919],[107.06238,20.80622],[107.06091,20.80326],[107.06604,20.79881],[107.06458,20.79436],[107.07044,20.79288],[107.0719,20.78546],[107.07483,20.78546],[107.0741,20.7825],[107.06531,20.78398],[107.06458,20.77953],[107.06897,20.7825],[107.0697,20.77953],[107.07264,20.7825],[107.07557,20.77953],[107.06458,20.7736],[107.06824,20.77953],[107.06238,20.77805],[107.06311,20.78101],[107.06091,20.78101],[107.05872,20.77508],[107.05286,20.7736],[107.04919,20.77805],[107.05212,20.7736],[107.04626,20.7736],[107.04553,20.77063],[107.0426,20.77211],[107.04407,20.76915],[107.04919,20.76915],[107.04919,20.77211],[107.05579,20.76766],[107.05432,20.77211],[107.05652,20.76618],[107.05798,20.76766],[107.05652,20.7647],[107.05139,20.76618],[107.04993,20.76173],[107.04773,20.76618],[107.04626,20.76173],[107.04407,20.76322],[107.04626,20.76766],[107.04333,20.76618],[107.04407,20.76025],[107.04773,20.76025],[107.04993,20.75432],[107.05579,20.75432],[107.05798,20.75135],[107.06238,20.75283],[107.06311,20.74987],[107.07264,20.7469],[107.0741,20.74394],[107.06824,20.73207],[107.07117,20.72317],[107.06824,20.72614],[107.06238,20.72614],[107.06091,20.7291],[107.06311,20.73207],[107.06091,20.73652],[107.05872,20.73504],[107.05945,20.71872],[107.05432,20.71872],[107.05579,20.71576],[107.05212,20.71724],[107.05432,20.70982],[107.05139,20.70982],[107.05066,20.71427],[107.04773,20.70834],[107.04333,20.71131],[107.04333,20.71576],[107.04773,20.71576],[107.04626,20.71872],[107.05139,20.72021],[107.047,20.72614],[107.0404,20.72169],[107.0404,20.73207],[107.03821,20.72614],[107.03454,20.73207],[107.03088,20.73059],[107.03381,20.73059],[107.03601,20.72021],[107.02942,20.72317],[107.02722,20.72762],[107.02282,20.72169],[107.01403,20.7291],[107.01623,20.73504],[107.02063,20.73504],[107.02282,20.7291],[107.02429,20.73207],[107.02136,20.73504],[107.02356,20.73355],[107.02429,20.73652],[107.03821,20.73355],[107.03894,20.73949],[107.03674,20.73652],[107.02942,20.73949],[107.01623,20.738],[107.01623,20.74097],[107.01184,20.738],[107.0111,20.74542],[107.00744,20.74394],[107.00598,20.74838],[106.99938,20.74987],[106.99719,20.74838],[106.99938,20.74097],[106.99645,20.738],[107.00158,20.7291],[106.99865,20.72762],[106.99352,20.73949],[106.99499,20.74394],[106.99059,20.74542],[106.99279,20.738],[106.98913,20.73949],[106.9884,20.73652],[106.98693,20.74542],[106.98254,20.74394],[106.98034,20.7469],[106.98254,20.74987],[106.97741,20.74838],[106.97668,20.75135],[106.97301,20.75135],[106.97375,20.75432],[106.96569,20.75877],[106.96935,20.76025],[106.97228,20.75728],[106.97521,20.76322],[106.97008,20.76766],[106.97082,20.77211],[106.96862,20.77211],[106.96715,20.77805],[106.96276,20.77656],[106.96203,20.78101],[106.95177,20.79288],[106.9276,20.79436],[106.91734,20.79881],[106.92027,20.80622],[106.91221,20.81809],[106.92027,20.82551],[106.92833,20.82551],[106.93199,20.82847],[106.92027,20.82699],[106.91441,20.81957],[106.91075,20.81957],[106.90489,20.82699],[106.91881,20.84627],[106.9254,20.8522],[106.92979,20.84923],[106.93419,20.85517],[106.94005,20.85368],[106.94151,20.84627],[106.94957,20.83885],[106.95104,20.84775],[106.94811,20.8433],[106.94225,20.84923],[106.94298,20.8522],[106.94444,20.84775],[106.9503,20.84923],[106.94884,20.85517],[106.95177,20.85517],[106.94225,20.86407],[106.95177,20.86703],[106.94884,20.86851],[106.95104,20.87296],[106.94737,20.88038],[106.94884,20.87741]]],[[[106.96642,20.88038],[106.96715,20.87593],[106.96056,20.88038],[106.96642,20.88038]]],[[[106.71663,20.88483],[106.71956,20.8789],[106.72469,20.8789],[106.72908,20.88483],[106.73421,20.88483],[106.73788,20.87445],[106.75033,20.87741],[106.76058,20.84923],[106.73055,20.8611],[106.71663,20.87445],[106.70564,20.8789],[106.7115,20.88631],[106.71663,20.88483]]],[[[106.72982,20.99754],[106.72982,20.99606],[106.73055,20.99606],[106.72982,20.99606],[106.72908,20.99606],[106.72835,20.99606],[106.72689,20.99606],[106.72762,20.99606],[106.72835,20.99606],[106.72835,20.99754],[106.72908,20.99754],[106.72982,20.99754]]],[[[106.50127,21.22446],[106.49761,21.21259],[106.49981,21.20073],[106.49395,21.19924],[106.49541,21.18441],[106.48882,21.18145],[106.48589,21.17403],[106.48955,21.16662],[106.48296,21.16068],[106.47856,21.14585],[106.48296,21.14437],[106.48149,21.13547],[106.48369,21.12954],[106.48076,21.12954],[106.48149,21.12657],[106.47417,21.12212],[106.4727,21.12361],[106.47051,21.11767],[106.46098,21.11471],[106.45732,21.11916],[106.44487,21.11916],[106.4456,21.11619],[106.44047,21.11767],[106.44194,21.11174],[106.43828,21.10581],[106.45,21.09543],[106.43974,21.0806],[106.44047,21.07763],[106.44633,21.07466],[106.44633,21.07021],[106.45366,21.07021],[106.45439,21.06577],[106.46391,21.06577],[106.4749,21.07021],[106.48662,21.06873],[106.49981,21.05687],[106.51666,21.05983],[106.51519,21.05538],[106.51885,21.0539],[106.51446,21.04649],[106.52325,21.04649],[106.52325,21.05093],[106.53277,21.04797],[106.54376,21.05538],[106.55401,21.05242],[106.55914,21.05687],[106.56427,21.0539],[106.57672,21.05687],[106.59503,21.04055],[106.60089,21.03907],[106.60749,21.03165],[106.60968,21.02127],[106.61628,21.01979],[106.62214,21.01237],[106.63825,21.01237],[106.64558,21.01979],[106.65217,21.01979],[106.68587,21.00496],[106.7137,20.99903],[106.72249,20.99458],[106.74813,20.99458],[106.75839,20.98568],[106.76498,20.96936],[106.76498,20.91301],[106.76058,20.89966],[106.75033,20.88631],[106.75033,20.88038],[106.73861,20.87593],[106.73421,20.88631],[106.72908,20.88631],[106.72615,20.88186],[106.71956,20.88038],[106.7159,20.88779],[106.71224,20.88779],[106.70052,20.87741],[106.7137,20.87445],[106.73201,20.85813],[106.76498,20.84627],[106.77743,20.83292],[106.78915,20.82551],[106.79501,20.82699],[106.79648,20.82402],[106.80746,20.82402],[106.80966,20.81809],[106.80673,20.81364],[106.79501,20.80919],[106.79355,20.80622],[106.78036,20.80771],[106.7767,20.81512],[106.76864,20.81809],[106.76425,20.82402],[106.75765,20.82254],[106.76718,20.80919],[106.75765,20.81957],[106.75619,20.81809],[106.76718,20.80622],[106.77011,20.79881],[106.76644,20.78991],[106.75692,20.77805],[106.75253,20.77656],[106.75253,20.7736],[106.76278,20.76915],[106.76571,20.76322],[106.7745,20.76025],[106.78915,20.72614],[106.79648,20.72169],[106.8016,20.72317],[106.80234,20.72021],[106.79794,20.71576],[106.8016,20.71279],[106.79574,20.71131],[106.79135,20.70093],[106.79355,20.70093],[106.79355,20.69648],[106.79648,20.69796],[106.79867,20.69499],[106.79501,20.68906],[106.79574,20.68461],[106.8016,20.68461],[106.80893,20.6772],[106.806,20.67275],[106.80087,20.67571],[106.80307,20.67571],[106.80307,20.68016],[106.79721,20.68016],[106.79135,20.68609],[106.79208,20.69351],[106.78476,20.69499],[106.78329,20.70241],[106.77304,20.70389],[106.77377,20.70834],[106.77084,20.70686],[106.76718,20.70982],[106.76644,20.71427],[106.75985,20.70834],[106.75619,20.70982],[106.75692,20.70686],[106.75179,20.70537],[106.74886,20.70093],[106.73714,20.69648],[106.72615,20.68461],[106.71736,20.68165],[106.71004,20.68461],[106.69832,20.68313],[106.70418,20.67423],[106.70418,20.6683],[106.69246,20.65198],[106.68513,20.64902],[106.6866,20.64605],[106.69026,20.64753],[106.69685,20.65495],[106.69759,20.65198],[106.69466,20.6505],[106.69612,20.64605],[106.68513,20.6416],[106.6822,20.63567],[106.67048,20.62825],[106.66682,20.63122],[106.66462,20.62232],[106.66023,20.62232],[106.65583,20.61639],[106.64411,20.62381],[106.64485,20.61936],[106.63532,20.62677],[106.61115,20.62677],[106.59943,20.64012],[106.5921,20.63715],[106.58405,20.62677],[106.56793,20.61936],[106.55987,20.62677],[106.54449,20.62677],[106.54083,20.62232],[106.54156,20.61491],[106.53863,20.60749],[106.52911,20.60304],[106.51812,20.60304],[106.51666,20.61046],[106.50933,20.61491],[106.49102,20.61639],[106.48809,20.60749],[106.48076,20.59859],[106.46977,20.59859],[106.46611,20.61342],[106.45952,20.61787],[106.45,20.61936],[106.45439,20.64012],[106.44633,20.64753],[106.43754,20.66237],[106.40605,20.68758],[106.40018,20.68758],[106.40311,20.69648],[106.4141,20.70686],[106.41191,20.71279],[106.41557,20.71279],[106.4163,20.71724],[106.40898,20.72169],[106.40678,20.7291],[106.40018,20.7291],[106.39872,20.72466],[106.39579,20.72466],[106.38187,20.71131],[106.37308,20.71131],[106.35843,20.70093],[106.34818,20.70093],[106.34085,20.71131],[106.33206,20.71131],[106.3262,20.70389],[106.30203,20.68906],[106.29324,20.69648],[106.29397,20.70686],[106.28811,20.71131],[106.28298,20.71131],[106.28225,20.70389],[106.28811,20.69796],[106.28664,20.69351],[106.27566,20.69203],[106.2698,20.69648],[106.26687,20.70389],[106.25954,20.70389],[106.24782,20.69499],[106.25515,20.68906],[106.26613,20.68906],[106.26906,20.68461],[106.26101,20.68461],[106.25734,20.68758],[106.25002,20.68609],[106.24343,20.69648],[106.22658,20.70537],[106.22292,20.71872],[106.21266,20.72762],[106.2112,20.73207],[106.21779,20.73207],[106.21852,20.73652],[106.21413,20.75135],[106.20094,20.75283],[106.19215,20.76618],[106.18043,20.76322],[106.17384,20.77211],[106.17603,20.77656],[106.17091,20.77656],[106.16505,20.78546],[106.15992,20.78398],[106.15699,20.77953],[106.15186,20.78101],[106.14161,20.79288],[106.14087,20.79881],[106.13941,20.79733],[106.13062,20.80622],[106.13208,20.80919],[106.13721,20.80919],[106.14014,20.81809],[106.12915,20.82995],[106.12329,20.82995],[106.12915,20.8433],[106.12549,20.84923],[106.13575,20.85072],[106.14014,20.85665],[106.14307,20.8789],[106.14673,20.88335],[106.14454,20.89224],[106.13794,20.89373],[106.13575,20.90411],[106.14307,20.90856],[106.14307,20.91301],[106.15479,20.91746],[106.15406,20.92339],[106.14893,20.92487],[106.14747,20.92932],[106.14966,20.93377],[106.15259,20.93377],[106.14966,20.94415],[106.15772,20.95008],[106.14966,20.95602],[106.14893,20.96047],[106.13428,20.96047],[106.13282,20.96936],[106.13721,20.9753],[106.12622,20.9842],[106.13135,20.99903],[106.13721,21.00199],[106.14966,20.98864],[106.16651,20.98864],[106.16871,20.98568],[106.16285,20.97678],[106.16578,20.96936],[106.17896,20.97826],[106.18556,20.97826],[106.18629,20.98123],[106.19508,20.97975],[106.22072,20.99013],[106.21925,20.99606],[106.22878,20.99309],[106.23317,20.99606],[106.23903,20.99161],[106.24416,20.99161],[106.24562,20.99754],[106.25148,20.99754],[106.25808,20.99013],[106.2676,20.98864],[106.27199,20.99161],[106.27126,21.00051],[106.27419,21.00644],[106.29324,21.01979],[106.29177,21.0361],[106.29397,21.04055],[106.31155,21.05835],[106.30203,21.07615],[106.3013,21.08949],[106.2947,21.10581],[106.2947,21.11322],[106.29837,21.12212],[106.31668,21.13547],[106.32254,21.1503],[106.30862,21.17996],[106.31228,21.19331],[106.324,21.19183],[106.32254,21.1859],[106.32986,21.18145],[106.33206,21.17403],[106.34232,21.17106],[106.34525,21.16513],[106.34671,21.1681],[106.34378,21.17403],[106.35111,21.17106],[106.36136,21.17106],[106.36576,21.17403],[106.36356,21.17996],[106.37015,21.18145],[106.36869,21.18441],[106.37308,21.18886],[106.37308,21.19628],[106.3848,21.19628],[106.39286,21.20369],[106.39945,21.20221],[106.40018,21.20518],[106.41264,21.20814],[106.4163,21.22297],[106.42216,21.22446],[106.42436,21.23187],[106.44267,21.22891],[106.44487,21.23187],[106.45219,21.23039],[106.45512,21.23335],[106.45805,21.22891],[106.46611,21.22594],[106.4727,21.23039],[106.48662,21.22891],[106.48809,21.2378],[106.49175,21.22742],[106.49541,21.22891],[106.50127,21.22446]]]]}},{"type":"Feature","properties":{"id":"ninh-binh","name":"Ninh Bình","type":"Tỉnh","region":"Đồng bằng sông Hồng","mergedFrom":["Hà Nam","Nam Định","Ninh Bình"],"areaKm2":3942.62,"population":4412264},"geometry":{"type":"MultiPolygon","coordinates":[[[[106.09473,19.91192],[106.08227,19.91637],[106.07275,19.91341],[106.0603,19.91934],[106.05517,19.92824],[106.04711,19.93269],[106.04858,19.93565],[106.04418,19.93565],[106.04198,19.93862],[106.04345,19.94307],[106.04052,19.94603],[106.04491,19.94752],[106.04491,19.95048],[106.03539,19.95493],[106.031,19.96086],[106.02514,19.95938],[106.0244,19.96383],[106.02294,19.98163],[106.0266,19.99349],[106.03393,20.00091],[106.04638,20.00091],[106.05151,20.00387],[106.06103,20.01871],[106.06542,20.03799],[106.07422,20.05578],[106.07495,20.0632],[106.07129,20.06765],[106.02294,20.05875],[106.01635,20.06023],[106.00975,20.06616],[105.99291,20.06616],[105.99217,20.06913],[105.97826,20.06616],[105.95701,20.06765],[105.95115,20.07506],[105.94529,20.07506],[105.94016,20.08396],[105.92918,20.08989],[105.92185,20.10324],[105.91599,20.10621],[105.9094,20.10472],[105.89255,20.11956],[105.8823,20.11956],[105.86838,20.124],[105.85226,20.13884],[105.83468,20.14328],[105.83029,20.15218],[105.81857,20.15367],[105.80099,20.16256],[105.79293,20.16998],[105.78194,20.17295],[105.77608,20.17146],[105.77242,20.1774],[105.7563,20.17888],[105.74019,20.18481],[105.74165,20.18926],[105.73726,20.19519],[105.73433,20.19371],[105.72993,20.19964],[105.69257,20.22189],[105.6955,20.22485],[105.69331,20.23079],[105.68378,20.23375],[105.67792,20.2471],[105.66913,20.24858],[105.66694,20.25748],[105.65009,20.2738],[105.6413,20.27825],[105.63837,20.27676],[105.61859,20.28269],[105.6098,20.29159],[105.61053,20.29753],[105.59881,20.31236],[105.5783,20.31236],[105.57024,20.31829],[105.56438,20.31532],[105.56219,20.31681],[105.56365,20.3257],[105.55706,20.33015],[105.55266,20.32867],[105.54827,20.3346],[105.54973,20.34647],[105.54387,20.35388],[105.54168,20.36278],[105.5534,20.3613],[105.55559,20.35833],[105.57171,20.35982],[105.58123,20.3702],[105.6054,20.3613],[105.61639,20.34943],[105.62518,20.34943],[105.63324,20.34498],[105.63837,20.33905],[105.64203,20.33905],[105.64423,20.33312],[105.66474,20.31681],[105.66987,20.30939],[105.68598,20.30494],[105.6955,20.31236],[105.6999,20.32126],[105.72187,20.32867],[105.7292,20.33905],[105.72334,20.34202],[105.71308,20.35833],[105.70869,20.35982],[105.71089,20.36723],[105.70576,20.3702],[105.70356,20.3791],[105.69404,20.38651],[105.69624,20.38948],[105.69111,20.39244],[105.6955,20.39393],[105.6977,20.39838],[105.69111,20.40431],[105.68671,20.40282],[105.68452,20.41024],[105.70649,20.41172],[105.71015,20.40876],[105.71821,20.40876],[105.72773,20.39986],[105.7314,20.39986],[105.73066,20.38503],[105.74092,20.38503],[105.74532,20.38206],[105.74532,20.36723],[105.7563,20.36723],[105.75923,20.3791],[105.75337,20.38948],[105.75264,20.39986],[105.75484,20.40134],[105.75118,20.40727],[105.75191,20.41321],[105.7585,20.41321],[105.7585,20.41617],[105.75044,20.43842],[105.75337,20.44139],[105.7585,20.44287],[105.76436,20.4399],[105.77242,20.44287],[105.77388,20.43545],[105.77828,20.43545],[105.78194,20.43694],[105.78707,20.44583],[105.78707,20.45325],[105.79146,20.45473],[105.79952,20.43694],[105.81124,20.42655],[105.8193,20.42359],[105.82223,20.41766],[105.83322,20.41469],[105.83688,20.42062],[105.8464,20.42211],[105.85593,20.41766],[105.86179,20.41914],[105.853,20.43397],[105.85153,20.47846],[105.84347,20.47846],[105.84127,20.48143],[105.83688,20.47995],[105.83541,20.48439],[105.82076,20.49181],[105.8193,20.50664],[105.80904,20.50219],[105.80904,20.49923],[105.80465,20.50071],[105.80172,20.51109],[105.79513,20.51109],[105.78341,20.53927],[105.77169,20.55113],[105.76802,20.56448],[105.78121,20.56448],[105.79586,20.56893],[105.79806,20.5808],[105.80099,20.58376],[105.80025,20.59266],[105.80465,20.60008],[105.80685,20.59711],[105.80758,20.60304],[105.81124,20.60452],[105.80465,20.60897],[105.81271,20.61936],[105.81417,20.61787],[105.81124,20.62825],[105.81417,20.63419],[105.83322,20.64753],[105.81857,20.66088],[105.8215,20.66533],[105.83908,20.6594],[105.83981,20.65643],[105.85739,20.64457],[105.86618,20.64605],[105.87937,20.64309],[105.89548,20.65198],[105.89548,20.66978],[105.905,20.66533],[105.905,20.6683],[105.91819,20.67571],[105.94309,20.68165],[105.94602,20.6772],[105.94309,20.65643],[105.94529,20.65347],[105.95774,20.6505],[105.95774,20.6594],[105.96287,20.66385],[105.97679,20.66533],[105.97752,20.67423],[105.98338,20.68016],[105.99364,20.68165],[105.99071,20.67868],[105.9973,20.67868],[105.99071,20.68906],[105.9973,20.69203],[105.9951,20.69796],[106.00243,20.70389],[106.01781,20.70093],[106.03466,20.68165],[106.03026,20.6594],[106.03026,20.64753],[106.03393,20.63567],[106.05517,20.60897],[106.06982,20.60304],[106.07788,20.60304],[106.09326,20.61491],[106.10718,20.61936],[106.12036,20.61787],[106.12842,20.61046],[106.12842,20.58376],[106.13135,20.57486],[106.13648,20.57041],[106.15772,20.56596],[106.17017,20.54965],[106.17896,20.51851],[106.1775,20.49478],[106.18116,20.48588],[106.18776,20.47995],[106.20753,20.47995],[106.21999,20.47401],[106.22438,20.46808],[106.22511,20.46067],[106.22072,20.44732],[106.209,20.42952],[106.21046,20.42211],[106.21779,20.41172],[106.23537,20.40579],[106.26613,20.40579],[106.28225,20.39838],[106.28591,20.39096],[106.28298,20.38058],[106.25881,20.36278],[106.25222,20.35388],[106.25222,20.33905],[106.25808,20.33015],[106.26247,20.32719],[106.27126,20.32719],[106.28225,20.33164],[106.324,20.36426],[106.33426,20.37613],[106.34012,20.37761],[106.35404,20.35388],[106.37088,20.34498],[106.38773,20.34498],[106.40605,20.33312],[106.42875,20.30197],[106.44194,20.29308],[106.46538,20.28863],[106.48369,20.29456],[106.49834,20.30939],[106.50786,20.30791],[106.52691,20.31681],[106.53936,20.30197],[106.54889,20.29604],[106.56427,20.27528],[106.54815,20.2649],[106.54449,20.25452],[106.54742,20.2471],[106.54449,20.23524],[106.53131,20.22337],[106.52618,20.22782],[106.52545,20.22337],[106.52105,20.22041],[106.52032,20.22634],[106.52398,20.2293],[106.52105,20.23079],[106.51885,20.22634],[106.51739,20.2293],[106.51299,20.22782],[106.50054,20.21892],[106.48369,20.22041],[106.48076,20.21744],[106.44121,20.21299],[106.42582,20.20557],[106.40751,20.20409],[106.37308,20.18481],[106.35404,20.17888],[106.3577,20.17443],[106.3533,20.1685],[106.33279,20.14625],[106.324,20.14328],[106.32327,20.13735],[106.31228,20.124],[106.28738,20.10176],[106.28078,20.08989],[106.23244,20.04095],[106.20167,20.00239],[106.19728,19.99794],[106.19288,19.99794],[106.19728,20.00536],[106.19069,20.00239],[106.17823,19.97273],[106.17457,19.97273],[106.15845,19.96086],[106.14747,19.96383],[106.14234,19.96235],[106.13208,19.95197],[106.12989,19.94307],[106.12696,19.94158],[106.13062,19.93714],[106.13208,19.94158],[106.13721,19.9401],[106.13868,19.9312],[106.14234,19.9312],[106.14527,19.93714],[106.14893,19.93714],[106.14893,19.9312],[106.14307,19.92527],[106.14307,19.92082],[106.13648,19.92082],[106.13135,19.92527],[106.12769,19.9223],[106.12036,19.9223],[106.1189,19.91341],[106.11304,19.91044],[106.10791,19.91192],[106.10498,19.90896],[106.10132,19.91192],[106.09473,19.91192]]],[[[106.49175,20.19371],[106.50493,20.19074],[106.49541,20.18926],[106.48882,20.19223],[106.48955,20.19519],[106.49175,20.19371]]],[[[106.54815,20.21299],[106.54742,20.20854],[106.54449,20.20854],[106.54815,20.21299]]],[[[106.56573,20.2738],[106.58112,20.25897],[106.57819,20.25452],[106.57233,20.256],[106.57452,20.24858],[106.57159,20.23375],[106.56354,20.22634],[106.57306,20.23375],[106.57672,20.24858],[106.58698,20.2382],[106.58698,20.2293],[106.58478,20.22189],[106.57306,20.21002],[106.55987,20.20557],[106.55475,20.21151],[106.55621,20.21596],[106.55182,20.21299],[106.55035,20.21596],[106.54522,20.21596],[106.54742,20.22485],[106.54449,20.23079],[106.54889,20.24413],[106.54596,20.256],[106.55035,20.26638],[106.56573,20.2738]]],[[[106.01268,19.91192],[106.00536,19.91341],[106.00829,19.91489],[106.01268,19.91192]]]]}},{"type":"Feature","properties":{"id":"quang-tri","name":"Quảng Trị","type":"Tỉnh","region":"Bắc Trung Bộ","mergedFrom":["Quảng Bình","Quảng Trị"],"areaKm2":12700,"population":1870845},"geometry":{"type":"MultiPolygon","coordinates":[[[[106.67488,17.91272],[106.66975,17.91124],[106.67122,17.9142],[106.67488,17.91272]]],[[[106.49614,17.90679],[106.49248,17.91272],[106.49395,17.9142],[106.49834,17.90827],[106.49614,17.90679]]],[[[106.52764,17.93793],[106.53497,17.93645],[106.53424,17.93052],[106.52618,17.932],[106.52764,17.93497],[106.52471,17.93793],[106.52764,17.93793]]],[[[106.52325,17.94386],[106.52398,17.93942],[106.51739,17.9409],[106.51885,17.94386],[106.52325,17.94386]]],[[[107.38688,16.74256],[107.3693,16.73366],[107.35612,16.70994],[107.35099,16.70845],[107.35832,16.69955],[107.34879,16.69659],[107.33561,16.68324],[107.33195,16.67434],[107.32316,16.66989],[107.32902,16.66841],[107.32828,16.66544],[107.31803,16.66248],[107.31803,16.65951],[107.32462,16.65654],[107.32902,16.64913],[107.32755,16.64171],[107.32462,16.6432],[107.32462,16.64913],[107.32096,16.65358],[107.31656,16.65209],[107.30631,16.64023],[107.30851,16.63578],[107.31583,16.63875],[107.30997,16.6254],[107.32242,16.61798],[107.32242,16.61353],[107.32755,16.6076],[107.32535,16.60315],[107.2858,16.57497],[107.27554,16.57201],[107.27041,16.56608],[107.25137,16.57646],[107.24697,16.58684],[107.23892,16.58239],[107.23452,16.58387],[107.23086,16.57942],[107.21987,16.57794],[107.20962,16.57794],[107.19936,16.58387],[107.19204,16.57942],[107.18251,16.58091],[107.17812,16.57646],[107.16566,16.57794],[107.15761,16.57349],[107.15321,16.57497],[107.14003,16.57201],[107.12318,16.56163],[107.12098,16.55124],[107.09168,16.55124],[107.08655,16.54531],[107.0763,16.5468],[107.0741,16.54235],[107.05945,16.5468],[107.06165,16.53345],[107.05432,16.52158],[107.06751,16.50972],[107.0741,16.5112],[107.07557,16.50824],[107.07996,16.50824],[107.08216,16.5023],[107.09534,16.50527],[107.09461,16.49934],[107.09827,16.49044],[107.10633,16.49489],[107.12318,16.48302],[107.13563,16.45484],[107.12318,16.4415],[107.11878,16.44298],[107.1056,16.44001],[107.08948,16.44891],[107.05945,16.44891],[107.05725,16.44001],[107.05066,16.43408],[107.04919,16.42518],[107.05798,16.41332],[107.05798,16.38514],[107.0448,16.38069],[107.03894,16.36882],[107.03381,16.37179],[107.0155,16.36141],[107.02063,16.35844],[107.01989,16.35548],[107.02356,16.35548],[107.02063,16.35103],[107.02282,16.34954],[107.02356,16.33768],[107.02136,16.3273],[107.02356,16.31543],[107.02722,16.31098],[107.02136,16.30357],[107.01477,16.30357],[107.0155,16.30802],[107.00524,16.31395],[106.99499,16.30802],[106.98986,16.3095],[106.98034,16.30357],[106.95983,16.30357],[106.9591,16.31247],[106.96496,16.32137],[106.96715,16.33323],[106.96496,16.33768],[106.96569,16.35251],[106.96349,16.35548],[106.92247,16.36882],[106.91441,16.38069],[106.90123,16.38662],[106.89097,16.40887],[106.89463,16.41332],[106.89756,16.42667],[106.89024,16.42667],[106.88804,16.42222],[106.87193,16.42667],[106.87046,16.43556],[106.88145,16.44743],[106.88731,16.44891],[106.88658,16.46226],[106.88291,16.46819],[106.87705,16.46819],[106.87632,16.47709],[106.87852,16.47857],[106.87779,16.48451],[106.88584,16.49044],[106.88804,16.50082],[106.88658,16.50972],[106.89024,16.5112],[106.88658,16.52158],[106.87852,16.52455],[106.87632,16.53196],[106.86753,16.53345],[106.85874,16.54235],[106.83823,16.54976],[106.8309,16.54976],[106.83017,16.54086],[106.82358,16.53048],[106.82797,16.52307],[106.82651,16.51713],[106.81845,16.50379],[106.81992,16.49934],[106.80527,16.47709],[106.8016,16.46374],[106.79648,16.47561],[106.77011,16.46819],[106.77523,16.45929],[106.7723,16.45336],[106.7745,16.4415],[106.77084,16.43111],[106.75912,16.4237],[106.7452,16.4237],[106.7452,16.41628],[106.74007,16.41035],[106.73714,16.41183],[106.73714,16.41925],[106.73348,16.4237],[106.73568,16.43556],[106.73348,16.44001],[106.72322,16.43408],[106.72982,16.42963],[106.72762,16.42518],[106.71297,16.43408],[106.70052,16.43556],[106.69612,16.44001],[106.68733,16.43853],[106.68587,16.44298],[106.69246,16.45039],[106.6844,16.45781],[106.67561,16.45188],[106.67268,16.46078],[106.67268,16.47709],[106.66023,16.47264],[106.66316,16.48747],[106.65876,16.4934],[106.66243,16.49489],[106.66462,16.50379],[106.65217,16.5112],[106.65217,16.5201],[106.64631,16.52307],[106.64704,16.54086],[106.65876,16.55421],[106.67195,16.56014],[106.67195,16.56311],[106.66169,16.57201],[106.66682,16.58387],[106.65583,16.58091],[106.64778,16.59425],[106.64265,16.59425],[106.63899,16.59129],[106.63093,16.59129],[106.63093,16.58387],[106.62727,16.58239],[106.6236,16.59129],[106.6258,16.60167],[106.61042,16.6076],[106.5965,16.60612],[106.58624,16.60019],[106.58185,16.60612],[106.58185,16.61205],[106.58991,16.6165],[106.58991,16.62392],[106.57233,16.63726],[106.56573,16.63875],[106.56573,16.66693],[106.55841,16.66989],[106.55401,16.69066],[106.55108,16.69362],[106.55108,16.86566],[106.5379,16.87159],[106.53057,16.88642],[106.51812,16.88939],[106.51372,16.89532],[106.51959,16.90125],[106.51592,16.90867],[106.51885,16.92202],[106.52471,16.92053],[106.52325,16.92498],[106.52618,16.92647],[106.53936,16.92498],[106.54742,16.92795],[106.54889,17.00507],[106.54376,17.00359],[106.54303,16.99469],[106.53643,16.99321],[106.53057,16.97837],[106.51446,16.97096],[106.50493,16.97392],[106.49614,16.98134],[106.47124,16.98282],[106.46465,16.98727],[106.46098,17.00062],[106.43901,16.99469],[106.42656,17.00804],[106.42729,17.01842],[106.42216,17.03325],[106.4141,17.0377],[106.40165,17.05253],[106.40824,17.06588],[106.41264,17.06884],[106.41557,17.07922],[106.40971,17.08071],[106.40751,17.08812],[106.39139,17.10295],[106.37967,17.10592],[106.37235,17.11185],[106.36942,17.1252],[106.3555,17.1341],[106.3555,17.14151],[106.35184,17.14745],[106.34598,17.14745],[106.35477,17.15931],[106.34744,17.16228],[106.34451,17.16673],[106.33865,17.16673],[106.33133,17.17859],[106.32693,17.18007],[106.32474,17.18897],[106.32107,17.19194],[106.3262,17.19639],[106.32547,17.19935],[106.30349,17.20825],[106.30716,17.21863],[106.31155,17.21715],[106.31448,17.22012],[106.32474,17.21567],[106.3284,17.22457],[106.33353,17.22753],[106.33353,17.23495],[106.30716,17.2394],[106.31521,17.24385],[106.31741,17.2483],[106.31595,17.25126],[106.30935,17.25126],[106.30789,17.25719],[106.30423,17.25719],[106.30716,17.27796],[106.30349,17.29576],[106.29837,17.29427],[106.28518,17.29724],[106.27492,17.29427],[106.27419,17.28686],[106.28005,17.27647],[106.27639,17.26313],[106.25954,17.25275],[106.25295,17.25275],[106.24855,17.24385],[106.24489,17.24978],[106.23537,17.24978],[106.20827,17.27054],[106.20021,17.27351],[106.17237,17.29724],[106.16358,17.3002],[106.16212,17.30465],[106.15259,17.3091],[106.14527,17.3091],[106.13575,17.32393],[106.13428,17.33432],[106.11304,17.34766],[106.11011,17.3536],[106.09106,17.36101],[105.86105,17.62797],[105.84494,17.62648],[105.83615,17.64131],[105.83102,17.63983],[105.82882,17.65021],[105.81344,17.66059],[105.80611,17.65615],[105.80172,17.66208],[105.79293,17.66356],[105.79073,17.67098],[105.78267,17.67098],[105.78121,17.67691],[105.77755,17.67394],[105.76656,17.67394],[105.75044,17.66801],[105.74239,17.72288],[105.73872,17.71992],[105.7292,17.7214],[105.7292,17.74513],[105.72041,17.75106],[105.71821,17.757],[105.70063,17.76144],[105.6977,17.76738],[105.69331,17.76886],[105.68745,17.78517],[105.67499,17.79556],[105.67573,17.80297],[105.68378,17.81929],[105.68305,17.83412],[105.67719,17.8356],[105.67426,17.8445],[105.66254,17.85488],[105.65229,17.86081],[105.6391,17.86081],[105.62005,17.87416],[105.60833,17.87564],[105.60687,17.87861],[105.60907,17.89937],[105.61639,17.9053],[105.62079,17.91717],[105.62298,17.94238],[105.62738,17.94535],[105.62811,17.95128],[105.63471,17.96018],[105.64276,17.96463],[105.64276,17.99281],[105.70576,17.99281],[105.71235,17.99874],[105.71382,18.00467],[105.72041,18.00615],[105.72041,18.02247],[105.72993,18.03433],[105.73799,18.0373],[105.74971,18.03433],[105.75704,18.02543],[105.76949,18.02395],[105.77608,18.01654],[105.78634,18.02543],[105.80904,18.02543],[105.80758,18.03285],[105.81637,18.03878],[105.8193,18.03433],[105.83615,18.02692],[105.83688,18.02395],[105.84933,18.02247],[105.85226,18.02692],[105.85886,18.02692],[105.86398,18.04027],[105.85812,18.05065],[105.84787,18.05806],[105.8464,18.06103],[105.84933,18.06696],[105.87131,18.06696],[105.88596,18.08476],[105.89035,18.08476],[105.89475,18.09069],[105.9116,18.08772],[105.91819,18.08031],[105.93284,18.08921],[105.93504,18.08327],[105.94969,18.06696],[105.94969,18.05806],[105.96287,18.05955],[105.96727,18.0551],[105.97679,18.06399],[105.98631,18.06399],[105.9951,18.05065],[106.01561,18.03433],[106.02147,18.02395],[106.03393,18.02099],[106.03539,18.02543],[106.04198,18.02395],[106.04638,18.0284],[106.04931,18.01802],[106.0603,18.01357],[106.0581,18.00764],[106.06616,18.00319],[106.06616,17.99874],[106.06909,17.99874],[106.07715,17.98836],[106.06835,17.98539],[106.06469,17.97946],[106.05956,17.97798],[106.05297,17.96908],[106.04711,17.96611],[106.04858,17.95721],[106.04491,17.94683],[106.08008,17.932],[106.1189,17.92755],[106.12989,17.92014],[106.13794,17.92162],[106.13794,17.91865],[106.16431,17.91717],[106.1731,17.9142],[106.18116,17.92162],[106.19215,17.9231],[106.19435,17.91865],[106.20021,17.91717],[106.20827,17.92607],[106.21999,17.92755],[106.22218,17.93052],[106.23464,17.92755],[106.24123,17.93052],[106.25954,17.91569],[106.26467,17.91865],[106.27199,17.91717],[106.27273,17.92014],[106.27639,17.91865],[106.28078,17.92607],[106.28225,17.9409],[106.29397,17.94386],[106.2969,17.95425],[106.30349,17.9587],[106.30496,17.96314],[106.32327,17.96314],[106.32913,17.97946],[106.33719,17.98687],[106.33792,17.99132],[106.36063,17.99132],[106.37381,17.98539],[106.38041,17.98687],[106.38846,17.98242],[106.40018,17.98094],[106.40971,17.97353],[106.41703,17.97501],[106.42216,17.96908],[106.43535,17.97353],[106.4434,17.96908],[106.44414,17.95128],[106.45,17.9498],[106.46318,17.95573],[106.47417,17.95573],[106.47856,17.95276],[106.49102,17.96018],[106.51079,17.96018],[106.50493,17.9587],[106.50493,17.95128],[106.51006,17.94238],[106.51592,17.9409],[106.5086,17.93793],[106.50127,17.9231],[106.48516,17.9231],[106.48223,17.92014],[106.48076,17.9142],[106.47197,17.90679],[106.46831,17.89344],[106.46465,17.89196],[106.46025,17.88009],[106.45073,17.87119],[106.44414,17.84598],[106.4456,17.82077],[106.46391,17.757],[106.48809,17.71399],[106.49028,17.70509],[106.49688,17.70212],[106.49981,17.68581],[106.5086,17.66801],[106.51226,17.66208],[106.51666,17.66059],[106.5335,17.63093],[106.54815,17.61907],[106.5672,17.57902],[106.58258,17.55678],[106.58258,17.55381],[106.57233,17.55085],[106.57086,17.54491],[106.57526,17.55085],[106.58112,17.55085],[106.58331,17.55381],[106.58624,17.55085],[106.6236,17.50042],[106.628,17.48856],[106.63313,17.48559],[106.63899,17.47224],[106.65657,17.44851],[106.72469,17.37584],[106.77597,17.32838],[106.80234,17.30762],[106.80234,17.30465],[106.81845,17.29427],[106.82358,17.28686],[106.82797,17.28686],[106.83603,17.27647],[106.84555,17.27351],[106.85288,17.26609],[106.85508,17.26758],[106.85874,17.26164],[106.87559,17.24978],[106.87925,17.24978],[106.8961,17.23198],[106.90196,17.23198],[106.90782,17.22753],[106.90782,17.22457],[106.921,17.21715],[106.92393,17.21122],[106.93712,17.20529],[106.97082,17.18156],[107.00744,17.1519],[107.0448,17.12817],[107.047,17.12372],[107.05212,17.12372],[107.08582,17.10295],[107.09315,17.09999],[107.09681,17.10147],[107.09827,17.09702],[107.11146,17.08664],[107.11659,17.08664],[107.11805,17.08367],[107.11512,17.08367],[107.11439,17.08071],[107.11805,17.07626],[107.11219,17.07181],[107.11219,17.06736],[107.11585,17.05846],[107.11366,17.04956],[107.11732,17.04363],[107.10999,17.04066],[107.10999,17.03177],[107.11366,17.02732],[107.11073,17.0199],[107.12757,16.98282],[107.14735,16.95464],[107.15175,16.95316],[107.17445,16.9235],[107.18618,16.9146],[107.1913,16.90867],[107.19057,16.9057],[107.20083,16.90125],[107.21694,16.88049],[107.23086,16.87011],[107.25064,16.84935],[107.27994,16.8271],[107.2836,16.82117],[107.31217,16.79744],[107.31876,16.79447],[107.32096,16.79002],[107.33927,16.77816],[107.34147,16.77371],[107.34733,16.77222],[107.36344,16.75739],[107.36784,16.75739],[107.37223,16.75146],[107.37883,16.74998],[107.38688,16.74256]]],[[[107.33634,17.16821],[107.3422,17.16673],[107.34879,17.15783],[107.3444,17.15041],[107.33707,17.15041],[107.32682,17.15783],[107.32609,17.16524],[107.32975,17.16821],[107.33634,17.16821]]]]}},{"type":"Feature","properties":{"id":"da-nang","name":"Đà Nẵng","type":"Thành phố","region":"Duyên hải miền Trung","mergedFrom":["Đà Nẵng","Quảng Nam"],"areaKm2":11859.59,"population":3065628},"geometry":{"type":"MultiPolygon","coordinates":[[[[108.22488,16.10039],[108.22415,16.10039],[108.22415,16.10187],[108.22415,16.10335],[108.22342,16.10335],[108.22415,16.10335],[108.22415,16.10484],[108.22488,16.10335],[108.22488,16.10187],[108.22488,16.10039]]],[[[107.81834,16.05886],[107.8198,16.06627],[107.82493,16.07072],[107.82127,16.07666],[107.822,16.08407],[107.82493,16.08407],[107.82639,16.09],[107.83152,16.09297],[107.83665,16.10187],[107.84251,16.10335],[107.8557,16.11373],[107.85423,16.12412],[107.85936,16.1345],[107.85643,16.13746],[107.85863,16.15378],[107.86595,16.15823],[107.87328,16.15823],[107.87547,16.16268],[107.87621,16.17009],[107.86742,16.18492],[107.87621,16.18789],[107.87474,16.19679],[107.88793,16.19975],[107.88939,16.20569],[107.89672,16.20569],[107.90331,16.21013],[107.90477,16.21458],[107.9099,16.21607],[107.9143,16.21458],[107.91649,16.20865],[107.92821,16.19827],[107.93334,16.1953],[107.9436,16.1953],[107.95165,16.18937],[107.96924,16.19382],[107.97217,16.19975],[107.97729,16.20124],[107.98169,16.21013],[107.98828,16.21458],[107.99414,16.20865],[108.00513,16.20569],[108.01392,16.19382],[108.03809,16.19085],[108.0564,16.17899],[108.06007,16.17899],[108.06373,16.18492],[108.06886,16.18196],[108.08497,16.18344],[108.09303,16.18047],[108.09743,16.18641],[108.10548,16.18641],[108.10988,16.18196],[108.1238,16.18196],[108.14138,16.1953],[108.14284,16.19975],[108.1487,16.19975],[108.15603,16.20569],[108.17214,16.20272],[108.17947,16.20717],[108.19485,16.21013],[108.19339,16.19827],[108.18972,16.20124],[108.17727,16.19975],[108.17434,16.19382],[108.15603,16.19085],[108.1531,16.18344],[108.15456,16.17157],[108.1509,16.16712],[108.15383,16.16564],[108.15383,16.16119],[108.14724,16.16119],[108.14577,16.16564],[108.13991,16.16416],[108.13698,16.15971],[108.13991,16.14488],[108.13552,16.14043],[108.12966,16.14043],[108.12746,16.1434],[108.12306,16.13895],[108.1238,16.12263],[108.13478,16.11818],[108.13112,16.1167],[108.13112,16.11373],[108.14431,16.09742],[108.16775,16.07962],[108.19412,16.07221],[108.20584,16.07517],[108.2117,16.08111],[108.2139,16.09],[108.21902,16.09],[108.21683,16.08704],[108.22342,16.08407],[108.22781,16.08704],[108.22415,16.09149],[108.22488,16.09742],[108.23514,16.09594],[108.23148,16.09297],[108.23148,16.08852],[108.24246,16.09594],[108.24246,16.11225],[108.22488,16.1167],[108.22269,16.12115],[108.21902,16.11967],[108.21756,16.11522],[108.21243,16.12115],[108.21463,16.1256],[108.21976,16.12263],[108.22195,16.12412],[108.22049,16.13005],[108.22855,16.13598],[108.23074,16.15081],[108.23514,16.14784],[108.23734,16.15081],[108.24027,16.14933],[108.24466,16.15526],[108.25492,16.15526],[108.26151,16.15081],[108.26737,16.14043],[108.2703,16.14043],[108.27103,16.1345],[108.27616,16.13301],[108.27982,16.13746],[108.28861,16.13746],[108.30619,16.12263],[108.31059,16.1256],[108.31279,16.1434],[108.31938,16.14488],[108.32524,16.14043],[108.33842,16.11818],[108.32744,16.11522],[108.31938,16.1167],[108.31645,16.11225],[108.31132,16.11225],[108.30839,16.09594],[108.3018,16.09742],[108.29887,16.10484],[108.28715,16.10484],[108.28055,16.09742],[108.27103,16.0989],[108.26883,16.09445],[108.26444,16.10187],[108.25931,16.10187],[108.25345,16.09742],[108.24686,16.07962],[108.24686,16.05738],[108.25052,16.04403],[108.28641,15.96987],[108.30986,15.93873],[108.3289,15.92093],[108.37285,15.89275],[108.3897,15.88682],[108.3897,15.87644],[108.38311,15.87792],[108.37944,15.87199],[108.37285,15.87051],[108.37651,15.86161],[108.3919,15.87051],[108.40142,15.87199],[108.40728,15.8364],[108.41827,15.80229],[108.45636,15.73406],[108.48126,15.69847],[108.49298,15.67622],[108.53694,15.61097],[108.57503,15.56054],[108.61971,15.51308],[108.64901,15.49677],[108.64315,15.4938],[108.6285,15.50567],[108.61751,15.50715],[108.60726,15.5205],[108.5948,15.52643],[108.59261,15.53533],[108.58748,15.54126],[108.58894,15.54423],[108.58601,15.54423],[108.58308,15.55016],[108.57649,15.55164],[108.57063,15.55758],[108.5677,15.56796],[108.55891,15.57241],[108.56111,15.57686],[108.55525,15.57834],[108.54939,15.58575],[108.54719,15.59762],[108.54426,15.59762],[108.54206,15.60355],[108.5362,15.60355],[108.52888,15.6169],[108.52229,15.62135],[108.51789,15.63321],[108.5091,15.64211],[108.5091,15.64804],[108.50324,15.64953],[108.49738,15.65546],[108.49445,15.66584],[108.48932,15.66881],[108.48639,15.67474],[108.482,15.67474],[108.482,15.67919],[108.47467,15.68957],[108.46661,15.69402],[108.46442,15.7044],[108.45563,15.7044],[108.45343,15.70737],[108.44903,15.70588],[108.44464,15.70885],[108.44977,15.70292],[108.4527,15.7044],[108.4527,15.70144],[108.46368,15.70292],[108.46149,15.6955],[108.47028,15.68957],[108.47174,15.67771],[108.47614,15.67771],[108.47687,15.67177],[108.48053,15.67326],[108.482,15.66881],[108.48932,15.66436],[108.49005,15.65546],[108.49372,15.65546],[108.49372,15.65249],[108.49884,15.64953],[108.50397,15.63766],[108.51716,15.63173],[108.51936,15.61542],[108.52815,15.61097],[108.53181,15.60207],[108.54426,15.59762],[108.54426,15.59169],[108.55085,15.58427],[108.55452,15.57241],[108.56697,15.56351],[108.57283,15.55164],[108.58382,15.54719],[108.59041,15.53681],[108.59334,15.5294],[108.58894,15.52495],[108.57942,15.53236],[108.57649,15.5294],[108.58968,15.51902],[108.57576,15.50863],[108.57649,15.5027],[108.58601,15.48935],[108.58748,15.47897],[108.597,15.47156],[108.60433,15.47452],[108.60872,15.48342],[108.61238,15.48342],[108.61312,15.48046],[108.61092,15.48046],[108.61531,15.47601],[108.62777,15.47601],[108.6285,15.46266],[108.62337,15.46266],[108.6241,15.45821],[108.62117,15.45673],[108.62777,15.44931],[108.63436,15.44783],[108.64095,15.43893],[108.64974,15.44189],[108.65341,15.43596],[108.6622,15.43448],[108.66293,15.42706],[108.6578,15.42558],[108.6556,15.42113],[108.64901,15.42113],[108.65707,15.42113],[108.66073,15.42558],[108.66146,15.41817],[108.65853,15.41075],[108.6622,15.41668],[108.66,15.42261],[108.66952,15.44338],[108.67245,15.44338],[108.67245,15.43745],[108.67758,15.43745],[108.68051,15.44338],[108.67685,15.44486],[108.68197,15.44931],[108.67831,15.44931],[108.67978,15.45524],[108.67611,15.46266],[108.66806,15.46266],[108.67758,15.46711],[108.67758,15.47156],[108.68417,15.47304],[108.68637,15.48194],[108.68344,15.48342],[108.6893,15.48639],[108.69296,15.48194],[108.69003,15.47601],[108.69662,15.47156],[108.70175,15.45821],[108.69589,15.44486],[108.69736,15.43893],[108.73252,15.40185],[108.73838,15.39889],[108.72592,15.38109],[108.72666,15.37664],[108.71713,15.37219],[108.70102,15.37219],[108.69076,15.36774],[108.67465,15.36774],[108.67099,15.36477],[108.66366,15.36626],[108.6622,15.36922],[108.65707,15.36477],[108.65487,15.36774],[108.64095,15.36774],[108.63949,15.36329],[108.63436,15.36329],[108.62923,15.35736],[108.61531,15.35291],[108.60213,15.35291],[108.60213,15.34549],[108.58675,15.34253],[108.57722,15.34401],[108.55891,15.33363],[108.55305,15.3366],[108.54426,15.33511],[108.53767,15.3277],[108.53327,15.33066],[108.52595,15.32028],[108.50251,15.32621],[108.49738,15.31732],[108.48419,15.30693],[108.48053,15.30693],[108.47687,15.31138],[108.46442,15.30842],[108.44317,15.31287],[108.43951,15.31138],[108.43658,15.31287],[108.43438,15.32473],[108.43072,15.32621],[108.41827,15.30693],[108.41534,15.30545],[108.40435,15.3099],[108.40142,15.29952],[108.39116,15.29804],[108.3853,15.30248],[108.37651,15.30248],[108.36479,15.29655],[108.36406,15.29359],[108.34282,15.29804],[108.33549,15.29655],[108.32304,15.301],[108.31425,15.29804],[108.31059,15.29062],[108.30033,15.2832],[108.2996,15.27876],[108.30473,15.27431],[108.30546,15.26986],[108.3018,15.25651],[108.29374,15.25354],[108.29081,15.24613],[108.28129,15.24316],[108.28422,15.23575],[108.29008,15.23278],[108.28641,15.22685],[108.29521,15.22833],[108.30839,15.2224],[108.30473,15.20905],[108.29667,15.20312],[108.28861,15.20163],[108.29374,15.19422],[108.30253,15.19274],[108.304,15.18829],[108.2996,15.18235],[108.30546,15.17346],[108.304,15.17049],[108.2974,15.17049],[108.29374,15.16752],[108.28861,15.16011],[108.29008,15.15714],[108.28348,15.15418],[108.28129,15.14379],[108.27616,15.14379],[108.27836,15.13786],[108.27469,15.13786],[108.27469,15.13045],[108.26371,15.12451],[108.26151,15.11858],[108.25785,15.1171],[108.25931,15.09782],[108.25565,15.08892],[108.25125,15.08447],[108.24539,15.08447],[108.23514,15.07854],[108.24173,15.06519],[108.23734,15.04591],[108.24246,15.04294],[108.24246,15.03701],[108.2388,15.03108],[108.22855,15.03256],[108.22562,15.0296],[108.21976,15.0296],[108.21609,15.03256],[108.2095,15.03256],[108.2073,15.03849],[108.19925,15.04443],[108.19412,15.03998],[108.19046,15.05036],[108.17654,15.06074],[108.16042,15.06074],[108.14577,15.04591],[108.15163,15.03701],[108.14943,15.03405],[108.15236,15.02811],[108.1487,15.02218],[108.15163,15.00883],[108.14943,15.00142],[108.15456,14.99845],[108.15896,14.97917],[108.16262,14.97472],[108.15017,14.96286],[108.14138,14.96286],[108.13405,14.95841],[108.11794,14.95989],[108.10695,14.95099],[108.0879,14.95099],[108.08644,14.96286],[108.08204,14.96731],[108.063,14.96879],[108.04688,14.99252],[108.01831,15.00142],[108.00879,14.99697],[108.00586,15.00142],[107.98975,14.99845],[107.98242,15.00587],[107.98242,15.01032],[107.97143,15.0118],[107.95971,15.03108],[107.95898,15.04443],[107.95312,15.04739],[107.95092,15.05481],[107.96264,15.06519],[107.9751,15.06816],[107.9751,15.07557],[107.97803,15.07854],[107.9751,15.08595],[107.98389,15.08744],[107.98242,15.09189],[107.98828,15.09485],[107.98755,15.10078],[107.99268,15.10672],[107.99268,15.11117],[108,15.1171],[107.9978,15.12748],[108.00366,15.14083],[107.99927,15.15714],[107.98608,15.15862],[107.98096,15.16752],[107.96997,15.16752],[107.96045,15.17346],[107.95019,15.17494],[107.94872,15.1868],[107.93993,15.19125],[107.93774,15.18977],[107.93334,15.19422],[107.93334,15.20163],[107.92675,15.21053],[107.91356,15.21202],[107.90844,15.20608],[107.90038,15.20608],[107.89086,15.19274],[107.88133,15.19719],[107.87181,15.21053],[107.8513,15.21053],[107.84764,15.20608],[107.84031,15.20905],[107.83152,15.20757],[107.8198,15.21647],[107.80735,15.21202],[107.7883,15.21943],[107.77732,15.21795],[107.77072,15.2224],[107.76926,15.2313],[107.75534,15.23723],[107.74655,15.22981],[107.73556,15.22981],[107.73336,15.23575],[107.73923,15.23723],[107.7363,15.23871],[107.7319,15.25354],[107.73263,15.26096],[107.72604,15.26837],[107.7297,15.26986],[107.72677,15.28765],[107.7297,15.29507],[107.72677,15.30248],[107.73117,15.30545],[107.7297,15.30842],[107.71505,15.30842],[107.70699,15.30397],[107.70187,15.31138],[107.69234,15.31732],[107.69088,15.32473],[107.67916,15.33363],[107.67623,15.34401],[107.66964,15.34401],[107.66304,15.35291],[107.66378,15.36626],[107.65938,15.37219],[107.66011,15.3885],[107.65499,15.39295],[107.65499,15.3974],[107.6418,15.4063],[107.63667,15.41668],[107.60957,15.41668],[107.60224,15.42113],[107.60005,15.4152],[107.58906,15.41372],[107.57661,15.40333],[107.57368,15.3974],[107.55829,15.39444],[107.54218,15.4063],[107.53705,15.4063],[107.53559,15.40333],[107.52167,15.41075],[107.51727,15.41965],[107.52606,15.43745],[107.52606,15.44338],[107.52167,15.44634],[107.52094,15.45821],[107.51434,15.46117],[107.51727,15.46414],[107.51434,15.46562],[107.51361,15.47304],[107.49896,15.47452],[107.49456,15.47897],[107.47772,15.47749],[107.47698,15.48194],[107.48065,15.48194],[107.48211,15.48787],[107.46966,15.49825],[107.46014,15.49825],[107.45208,15.50418],[107.43377,15.50418],[107.42937,15.49974],[107.4301,15.48935],[107.42205,15.4938],[107.41985,15.49084],[107.41545,15.49084],[107.41472,15.49529],[107.40959,15.49084],[107.40813,15.4938],[107.39567,15.49232],[107.39421,15.49529],[107.38322,15.49232],[107.37809,15.50122],[107.38029,15.50863],[107.37736,15.5116],[107.37883,15.51753],[107.37516,15.52198],[107.37516,15.53088],[107.36491,15.54719],[107.36491,15.56944],[107.36125,15.57241],[107.35172,15.56944],[107.34293,15.57537],[107.3466,15.57982],[107.3444,15.58131],[107.3466,15.58575],[107.35319,15.58872],[107.35026,15.60059],[107.3422,15.60355],[107.34367,15.61393],[107.33927,15.61542],[107.33634,15.62135],[107.32755,15.62431],[107.28799,15.62431],[107.28213,15.63173],[107.27627,15.63321],[107.27408,15.64508],[107.27701,15.65249],[107.27334,15.65546],[107.26455,15.65398],[107.26382,15.65843],[107.26675,15.67029],[107.27554,15.68216],[107.27261,15.6866],[107.27627,15.6955],[107.27261,15.70292],[107.27554,15.7044],[107.27554,15.70885],[107.27041,15.70737],[107.26968,15.71033],[107.26675,15.71033],[107.26675,15.72072],[107.2543,15.72072],[107.25064,15.72368],[107.24771,15.72961],[107.25357,15.73406],[107.25357,15.73851],[107.24771,15.74593],[107.22134,15.74296],[107.21987,15.74],[107.21255,15.73851],[107.21108,15.75779],[107.21621,15.76076],[107.21841,15.77707],[107.225,15.78301],[107.22866,15.78301],[107.22866,15.78597],[107.22573,15.79487],[107.22793,15.80377],[107.21474,15.82453],[107.21035,15.82601],[107.21548,15.83046],[107.21914,15.82898],[107.2206,15.8364],[107.23159,15.83788],[107.23232,15.84381],[107.24844,15.83788],[107.25576,15.84826],[107.26895,15.85271],[107.27041,15.86013],[107.27554,15.86161],[107.28067,15.85716],[107.2858,15.86013],[107.28873,15.86606],[107.29092,15.86457],[107.29898,15.86902],[107.30338,15.86457],[107.3129,15.86754],[107.3173,15.88089],[107.32535,15.88089],[107.33048,15.8883],[107.3466,15.89424],[107.35685,15.89127],[107.3693,15.89424],[107.37077,15.88979],[107.38029,15.88534],[107.39714,15.88979],[107.40886,15.90907],[107.41472,15.91203],[107.41838,15.92686],[107.42717,15.92983],[107.42644,15.93725],[107.43303,15.95949],[107.44695,15.98174],[107.44256,15.99064],[107.45061,15.98915],[107.45428,16.00547],[107.47479,16.03513],[107.48211,16.03513],[107.48651,16.04106],[107.4909,16.04106],[107.4953,16.03958],[107.49823,16.03365],[107.50189,16.03365],[107.50555,16.02178],[107.51068,16.01585],[107.51947,16.01437],[107.5224,16.01733],[107.53852,16.0114],[107.54877,16.0114],[107.55903,16.02178],[107.55976,16.03068],[107.5517,16.04255],[107.5539,16.04551],[107.57148,16.05589],[107.59565,16.05589],[107.61982,16.06331],[107.62495,16.05144],[107.61836,16.0381],[107.61982,16.03216],[107.63374,16.03068],[107.64766,16.02327],[107.65059,16.01882],[107.66304,16.01882],[107.6711,16.0114],[107.67769,15.99805],[107.70626,15.99509],[107.72604,16.0114],[107.72604,16.03068],[107.73849,16.03958],[107.74948,16.04403],[107.759,16.04403],[107.76047,16.04996],[107.76853,16.05144],[107.76999,16.05589],[107.77512,16.05886],[107.77365,16.06776],[107.78025,16.06183],[107.78391,16.06627],[107.78977,16.06627],[107.7949,16.06183],[107.80002,16.06183],[107.80808,16.05293],[107.81394,16.05293],[107.81834,16.05886]]],[[[108.20584,16.22497],[108.2117,16.22052],[108.20877,16.21013],[108.19925,16.21162],[108.19851,16.21458],[108.20218,16.22497],[108.20584,16.22497]]],[[[108.6871,15.82453],[108.67978,15.82453],[108.68124,15.83046],[108.6871,15.82453]]],[[[108.54133,15.90462],[108.53181,15.90314],[108.53034,15.9061],[108.54133,15.915],[108.54206,15.91203],[108.53913,15.91055],[108.54133,15.90462]]],[[[108.47321,15.93131],[108.47174,15.93428],[108.47614,15.9328],[108.47321,15.93131]]],[[[108.48493,15.94763],[108.47833,15.93725],[108.4754,15.94466],[108.47833,15.94466],[108.4798,15.94911],[108.48493,15.94763]]],[[[108.4168,15.97136],[108.41607,15.97136],[108.41607,15.97284],[108.4168,15.97284],[108.41754,15.97284],[108.4168,15.97136]]],[[[108.42266,15.97136],[108.42193,15.97136],[108.42193,15.97284],[108.4212,15.97284],[108.42047,15.97284],[108.41973,15.97284],[108.41973,15.97432],[108.42047,15.97432],[108.4212,15.97432],[108.42193,15.97432],[108.42266,15.97284],[108.4234,15.97284],[108.42266,15.97136]]],[[[108.5091,15.97432],[108.5113,15.96394],[108.53767,15.95653],[108.53547,15.94318],[108.53913,15.93725],[108.5362,15.93131],[108.53913,15.92242],[108.53254,15.92242],[108.52815,15.93131],[108.52375,15.93131],[108.51862,15.93873],[108.51203,15.93873],[108.5113,15.94318],[108.50617,15.94318],[108.50837,15.94614],[108.50617,15.95653],[108.50104,15.95949],[108.49152,15.95653],[108.48859,15.96394],[108.48493,15.96246],[108.48273,15.96542],[108.49005,15.96839],[108.49298,15.97432],[108.50104,15.97581],[108.50177,15.97877],[108.5091,15.97432]]],[[[108.44684,15.96691],[108.44171,15.97136],[108.4505,15.98026],[108.45196,15.97581],[108.44684,15.96691]]]]}},{"type":"Feature","properties":{"id":"quang-ngai","name":"Quảng Ngãi","type":"Tỉnh","region":"Duyên hải Nam Trung Bộ - Tây Nguyên","mergedFrom":["Kon Tum","Quảng Ngãi"],"areaKm2":14832.55,"population":2161755},"geometry":{"type":"MultiPolygon","coordinates":[[[[109.0812,14.57725],[109.07021,14.58467],[109.06654,14.5906],[109.06068,14.5906],[109.05409,14.60395],[109.04823,14.60395],[109.0475,14.6084],[109.04384,14.60988],[109.04603,14.61878],[109.04237,14.6262],[109.04457,14.6262],[109.0453,14.63065],[109.03651,14.64103],[109.03431,14.64844],[109.02699,14.64548],[109.02699,14.65141],[109.0204,14.66031],[109.01673,14.66031],[109.01673,14.66624],[109.01307,14.66624],[109.00941,14.67069],[109.00135,14.66772],[108.99476,14.67366],[108.97718,14.67069],[108.96839,14.68107],[108.95374,14.69145],[108.95081,14.68849],[108.94348,14.68849],[108.93909,14.6959],[108.92956,14.69738],[108.9281,14.70332],[108.9237,14.69738],[108.90612,14.69145],[108.90539,14.687],[108.89221,14.687],[108.89001,14.68255],[108.87756,14.68552],[108.8717,14.69145],[108.85924,14.69294],[108.85265,14.69145],[108.85119,14.68255],[108.84679,14.68255],[108.84239,14.69294],[108.838,14.69442],[108.82701,14.67662],[108.80723,14.66921],[108.78086,14.67069],[108.76841,14.6781],[108.75889,14.66624],[108.76402,14.65141],[108.76621,14.62916],[108.76548,14.62175],[108.76109,14.62026],[108.76328,14.5995],[108.76035,14.5995],[108.75742,14.59357],[108.74497,14.59209],[108.73984,14.59505],[108.73984,14.5906],[108.73545,14.58912],[108.72519,14.59653],[108.71787,14.59802],[108.71567,14.60247],[108.70908,14.60395],[108.70541,14.6084],[108.70688,14.61433],[108.70248,14.61433],[108.70248,14.60543],[108.69662,14.59505],[108.68637,14.5906],[108.68637,14.59357],[108.68051,14.59802],[108.67465,14.5906],[108.67685,14.58467],[108.67245,14.58022],[108.66659,14.58022],[108.64901,14.56836],[108.63949,14.56539],[108.64315,14.55797],[108.64169,14.54759],[108.6307,14.55204],[108.62777,14.54463],[108.62191,14.54166],[108.61751,14.54314],[108.61385,14.53276],[108.60579,14.53424],[108.59627,14.54611],[108.59773,14.55649],[108.59407,14.55946],[108.59554,14.56391],[108.57283,14.57281],[108.57283,14.57725],[108.5655,14.58022],[108.56111,14.58615],[108.54792,14.58615],[108.54719,14.58912],[108.5428,14.58764],[108.53987,14.5817],[108.53108,14.57874],[108.52741,14.55501],[108.51203,14.55204],[108.50544,14.54611],[108.49298,14.54314],[108.45709,14.55352],[108.43951,14.55501],[108.41534,14.57132],[108.40948,14.5906],[108.40289,14.59802],[108.39483,14.60098],[108.39409,14.60395],[108.39263,14.5995],[108.38823,14.60247],[108.37798,14.60247],[108.36992,14.59505],[108.36699,14.58467],[108.35674,14.58022],[108.35674,14.56984],[108.3582,14.56391],[108.36699,14.55797],[108.37358,14.54908],[108.36919,14.53128],[108.38164,14.52831],[108.38384,14.52535],[108.38164,14.512],[108.37432,14.51052],[108.35747,14.48827],[108.3289,14.45861],[108.32597,14.45861],[108.32158,14.44081],[108.31205,14.43339],[108.30693,14.42301],[108.2974,14.42005],[108.29081,14.4067],[108.29594,14.39928],[108.29447,14.39039],[108.27836,14.3889],[108.27323,14.38594],[108.26957,14.3889],[108.26297,14.38742],[108.26078,14.39039],[108.25199,14.39039],[108.24759,14.39632],[108.24246,14.39632],[108.23441,14.39039],[108.22049,14.39187],[108.21536,14.38742],[108.20877,14.38742],[108.20291,14.37407],[108.19778,14.37704],[108.19851,14.37259],[108.19192,14.37407],[108.18972,14.36814],[108.18167,14.36962],[108.17654,14.36666],[108.16921,14.36814],[108.16555,14.36369],[108.16335,14.36517],[108.16335,14.36221],[108.15749,14.35924],[108.15603,14.35331],[108.15163,14.35331],[108.15383,14.34886],[108.14797,14.34738],[108.14504,14.34738],[108.14211,14.35331],[108.14797,14.35627],[108.14943,14.36072],[108.13918,14.36072],[108.13918,14.35627],[108.13405,14.35479],[108.12599,14.35627],[108.11794,14.36369],[108.11427,14.36369],[108.10768,14.35331],[108.11208,14.34589],[108.10329,14.34293],[108.10402,14.33699],[108.07765,14.33254],[108.08058,14.32661],[108.08717,14.32513],[108.0879,14.31475],[108.08058,14.31326],[108.08131,14.3103],[108.07325,14.30733],[108.07325,14.3014],[108.07032,14.29992],[108.07179,14.29398],[108.06739,14.29102],[108.06812,14.2836],[108.06226,14.27619],[108.06226,14.27174],[108.0586,14.27026],[108.06007,14.26581],[108.05567,14.26581],[108.04835,14.27322],[108.04468,14.27322],[108.04249,14.27767],[108.03882,14.27767],[108.02344,14.25691],[108.02417,14.25097],[108.01612,14.25097],[108.01465,14.24059],[108.00659,14.23911],[108.0022,14.24504],[107.98096,14.24504],[107.96631,14.23021],[107.95825,14.22873],[107.94799,14.24504],[107.94286,14.23911],[107.93188,14.24059],[107.91796,14.26136],[107.90917,14.26581],[107.89891,14.27767],[107.87621,14.28212],[107.87328,14.27619],[107.86668,14.27767],[107.86156,14.27322],[107.84984,14.27619],[107.8469,14.27174],[107.84178,14.27174],[107.83518,14.26729],[107.83811,14.23614],[107.83518,14.23169],[107.82786,14.23318],[107.82639,14.22725],[107.82346,14.22428],[107.82127,14.22576],[107.8176,14.2139],[107.80588,14.21241],[107.79929,14.21983],[107.79343,14.2228],[107.78757,14.22131],[107.78537,14.22576],[107.78244,14.22576],[107.77732,14.21538],[107.77219,14.21835],[107.76853,14.2139],[107.76193,14.21241],[107.76267,14.20352],[107.75754,14.20203],[107.72604,14.21538],[107.71212,14.2139],[107.70919,14.21686],[107.69527,14.21686],[107.68722,14.22131],[107.69308,14.22725],[107.69381,14.24801],[107.68868,14.25246],[107.69088,14.26877],[107.68722,14.27915],[107.68355,14.27915],[107.68355,14.2836],[107.67843,14.28657],[107.68209,14.29695],[107.68282,14.31771],[107.68795,14.32365],[107.69381,14.32365],[107.69894,14.3281],[107.71212,14.32958],[107.71945,14.32661],[107.71871,14.33848],[107.72824,14.33996],[107.7275,14.34441],[107.73923,14.36369],[107.73263,14.37852],[107.72164,14.37852],[107.71578,14.40967],[107.70773,14.41263],[107.7048,14.41856],[107.69527,14.42301],[107.7026,14.42598],[107.70626,14.43339],[107.69747,14.44229],[107.7026,14.45267],[107.7004,14.46009],[107.68575,14.47344],[107.67989,14.47492],[107.67916,14.47196],[107.67183,14.47047],[107.66524,14.46454],[107.65206,14.46454],[107.65059,14.46009],[107.64546,14.45712],[107.63301,14.46009],[107.62642,14.45861],[107.62275,14.44823],[107.61689,14.44229],[107.60444,14.44081],[107.60151,14.44526],[107.59712,14.44526],[107.58979,14.44081],[107.58247,14.44229],[107.56928,14.45267],[107.55976,14.45119],[107.54218,14.46009],[107.53412,14.45712],[107.5268,14.46157],[107.5246,14.45861],[107.50335,14.45861],[107.50189,14.46157],[107.50702,14.48382],[107.51068,14.48679],[107.51068,14.4942],[107.51508,14.49568],[107.50848,14.50607],[107.51654,14.50903],[107.5224,14.51645],[107.52313,14.52683],[107.52899,14.53424],[107.52753,14.54018],[107.53266,14.54463],[107.53046,14.54759],[107.53266,14.55352],[107.52606,14.55797],[107.5268,14.56094],[107.52313,14.56391],[107.52313,14.57874],[107.51801,14.58319],[107.52313,14.58615],[107.52606,14.59653],[107.53559,14.59653],[107.54438,14.60395],[107.54511,14.61433],[107.56049,14.62026],[107.55903,14.63065],[107.55536,14.63806],[107.55243,14.63806],[107.55317,14.64844],[107.5495,14.65437],[107.5495,14.65734],[107.5561,14.65882],[107.55536,14.66624],[107.55243,14.66772],[107.55024,14.67514],[107.55756,14.68404],[107.55536,14.687],[107.54291,14.68552],[107.53778,14.68849],[107.54731,14.69294],[107.55097,14.70777],[107.54291,14.72111],[107.53705,14.72408],[107.52753,14.72408],[107.52313,14.72111],[107.52094,14.72705],[107.52606,14.73446],[107.53705,14.74039],[107.54145,14.75078],[107.53559,14.75671],[107.53412,14.76412],[107.53046,14.76561],[107.52606,14.77599],[107.51874,14.77599],[107.51581,14.78192],[107.50482,14.78637],[107.50848,14.79527],[107.51581,14.80268],[107.52387,14.80565],[107.5224,14.81455],[107.53998,14.819],[107.54071,14.8279],[107.56049,14.83828],[107.56928,14.85311],[107.5788,14.85459],[107.5832,14.86201],[107.58906,14.86349],[107.59126,14.87387],[107.58686,14.87684],[107.58833,14.8798],[107.5832,14.88574],[107.5854,14.89019],[107.5832,14.89315],[107.57148,14.89167],[107.56489,14.90057],[107.54071,14.9065],[107.52899,14.92133],[107.52973,14.92875],[107.51874,14.92875],[107.51508,14.93171],[107.50555,14.92875],[107.49896,14.93616],[107.49896,14.94358],[107.48944,14.94358],[107.47845,14.95692],[107.48211,14.97176],[107.47259,14.97621],[107.47112,14.98214],[107.466,14.9851],[107.46746,14.98807],[107.47772,14.98659],[107.47552,14.98955],[107.47772,14.99252],[107.46966,14.99697],[107.46746,15.00735],[107.47332,15.0207],[107.48431,15.02366],[107.49823,15.0207],[107.51508,15.0296],[107.51801,15.03998],[107.52313,15.03849],[107.53046,15.04146],[107.53778,15.04888],[107.55463,15.04443],[107.56342,15.03553],[107.57075,15.03553],[107.5788,15.02811],[107.58393,15.02811],[107.58759,15.0296],[107.58686,15.03553],[107.59492,15.04591],[107.59345,15.05184],[107.60517,15.04591],[107.61543,15.04591],[107.62129,15.05036],[107.6147,15.06667],[107.6103,15.06667],[107.59712,15.08744],[107.61103,15.10078],[107.62275,15.10672],[107.61836,15.12006],[107.6103,15.126],[107.60737,15.13341],[107.6125,15.13045],[107.62202,15.1349],[107.62495,15.14083],[107.62275,15.14676],[107.62642,15.14973],[107.61616,15.15418],[107.61103,15.17049],[107.60517,15.17642],[107.60078,15.1868],[107.59712,15.18532],[107.59565,15.19125],[107.58759,15.19719],[107.58247,15.1957],[107.58247,15.20163],[107.59419,15.2046],[107.59272,15.21053],[107.59638,15.21053],[107.60005,15.2046],[107.60298,15.2046],[107.6103,15.21202],[107.61982,15.21202],[107.61982,15.22685],[107.62935,15.22685],[107.63228,15.22981],[107.62569,15.22981],[107.62422,15.23871],[107.61909,15.24613],[107.62056,15.26392],[107.61836,15.27134],[107.61543,15.27134],[107.6147,15.28765],[107.61836,15.29507],[107.62129,15.29507],[107.61982,15.301],[107.62349,15.31138],[107.63155,15.31138],[107.63448,15.32028],[107.63301,15.3188],[107.62422,15.33363],[107.61543,15.33066],[107.60957,15.33511],[107.6103,15.33956],[107.60737,15.34253],[107.60884,15.35143],[107.60444,15.35291],[107.60517,15.36329],[107.60884,15.36774],[107.60224,15.37664],[107.60005,15.37516],[107.59638,15.38405],[107.61323,15.39444],[107.61836,15.40927],[107.63081,15.41817],[107.63667,15.41668],[107.6418,15.4063],[107.65499,15.3974],[107.65499,15.39295],[107.66158,15.38405],[107.65938,15.37219],[107.66378,15.36626],[107.66231,15.35439],[107.66817,15.34549],[107.67403,15.34253],[107.67623,15.34401],[107.67916,15.33363],[107.69088,15.32473],[107.69234,15.31732],[107.70187,15.31138],[107.70699,15.30397],[107.71505,15.30842],[107.7297,15.30842],[107.73117,15.30545],[107.72677,15.30248],[107.7297,15.29952],[107.72677,15.29062],[107.7297,15.26986],[107.72604,15.26837],[107.73263,15.26096],[107.7319,15.25354],[107.7363,15.23871],[107.73923,15.23723],[107.73336,15.23575],[107.73556,15.22981],[107.74655,15.22981],[107.75534,15.23723],[107.76926,15.2313],[107.77072,15.2224],[107.77732,15.21795],[107.7883,15.21943],[107.80735,15.21202],[107.8198,15.21647],[107.83152,15.20757],[107.84031,15.20905],[107.84764,15.20608],[107.8513,15.21053],[107.87181,15.21053],[107.88133,15.19719],[107.89086,15.19274],[107.90038,15.20608],[107.90844,15.20608],[107.91356,15.21202],[107.92675,15.21053],[107.93334,15.20163],[107.93334,15.19422],[107.93774,15.18977],[107.93993,15.19125],[107.94872,15.1868],[107.95019,15.17494],[107.96045,15.17346],[107.96997,15.16752],[107.98096,15.16752],[107.98608,15.15862],[107.99927,15.15714],[108.00366,15.14083],[107.9978,15.12748],[108,15.1171],[107.99268,15.11117],[107.99268,15.10672],[107.98755,15.10078],[107.98828,15.09485],[107.98242,15.09189],[107.98389,15.08744],[107.9751,15.08595],[107.97803,15.08002],[107.9751,15.06816],[107.96264,15.06519],[107.95092,15.05481],[107.95312,15.04739],[107.95898,15.04443],[107.95971,15.03108],[107.96484,15.0207],[107.97143,15.0118],[107.98242,15.01032],[107.98242,15.00587],[107.98975,14.99845],[108.00586,15.00142],[108.00879,14.99697],[108.01831,15.00142],[108.04688,14.99252],[108.063,14.96879],[108.08204,14.96731],[108.08644,14.96286],[108.0879,14.95099],[108.10695,14.95099],[108.11794,14.95989],[108.13405,14.95841],[108.14138,14.96286],[108.15017,14.96286],[108.16262,14.97472],[108.15896,14.97917],[108.15456,14.99845],[108.14943,15.00142],[108.15163,15.00883],[108.1487,15.02218],[108.15236,15.02663],[108.14943,15.03405],[108.15163,15.03701],[108.14577,15.04443],[108.16042,15.06074],[108.17654,15.06074],[108.19046,15.05036],[108.19412,15.03998],[108.19925,15.04443],[108.2073,15.03849],[108.2095,15.03256],[108.21609,15.03256],[108.21976,15.0296],[108.24027,15.03256],[108.2432,15.04146],[108.23734,15.04591],[108.23734,15.04888],[108.24173,15.06519],[108.23514,15.07854],[108.24539,15.08447],[108.25125,15.08447],[108.25565,15.08892],[108.25931,15.09782],[108.25785,15.1171],[108.26151,15.11858],[108.26371,15.12451],[108.27469,15.13045],[108.27469,15.13786],[108.27836,15.13786],[108.27616,15.14379],[108.28129,15.14379],[108.28348,15.15418],[108.29008,15.15714],[108.28861,15.16011],[108.29374,15.16752],[108.2974,15.17049],[108.304,15.17049],[108.30546,15.17346],[108.2996,15.18235],[108.304,15.18829],[108.30253,15.19274],[108.29374,15.19422],[108.28861,15.20163],[108.29667,15.20312],[108.30473,15.20905],[108.30839,15.2224],[108.29521,15.22833],[108.28641,15.22685],[108.29008,15.23278],[108.28422,15.23575],[108.28129,15.24316],[108.29081,15.24613],[108.29374,15.25354],[108.3018,15.25651],[108.30546,15.26986],[108.30473,15.27431],[108.2996,15.27876],[108.30033,15.2832],[108.31059,15.29062],[108.31865,15.301],[108.36406,15.29359],[108.36479,15.29655],[108.37651,15.30248],[108.3853,15.30248],[108.39116,15.29804],[108.40142,15.29952],[108.40435,15.3099],[108.41534,15.30545],[108.41827,15.30693],[108.43072,15.32621],[108.43438,15.32473],[108.43658,15.31287],[108.43951,15.31138],[108.44317,15.31287],[108.46002,15.30842],[108.47687,15.31138],[108.48053,15.30693],[108.48419,15.30693],[108.49738,15.31732],[108.50251,15.32621],[108.52595,15.32028],[108.53327,15.33066],[108.53767,15.3277],[108.54426,15.33511],[108.55305,15.3366],[108.55891,15.33363],[108.57722,15.34401],[108.58675,15.34253],[108.60213,15.34549],[108.60213,15.35291],[108.61531,15.35291],[108.62923,15.35736],[108.63436,15.36329],[108.63949,15.36329],[108.64095,15.36774],[108.65487,15.36774],[108.65707,15.36477],[108.6622,15.36922],[108.66366,15.36626],[108.67099,15.36477],[108.67465,15.36774],[108.69076,15.36774],[108.70102,15.37219],[108.71713,15.37219],[108.72666,15.37664],[108.72592,15.38109],[108.73838,15.39889],[108.75742,15.38702],[108.77134,15.38702],[108.7772,15.38405],[108.7772,15.38999],[108.78746,15.3885],[108.80137,15.39444],[108.80797,15.40333],[108.80723,15.40778],[108.81749,15.39889],[108.81822,15.40333],[108.81383,15.40333],[108.81016,15.40927],[108.8065,15.40927],[108.80504,15.4063],[108.80211,15.41223],[108.79551,15.41668],[108.79771,15.42558],[108.79918,15.41965],[108.8087,15.41223],[108.81529,15.41223],[108.81895,15.41817],[108.82628,15.41965],[108.82848,15.4152],[108.82262,15.41075],[108.82555,15.4063],[108.82408,15.40333],[108.82848,15.3974],[108.83141,15.40037],[108.8336,15.39295],[108.82774,15.38257],[108.82848,15.37516],[108.85045,15.34846],[108.85998,15.34698],[108.86584,15.35439],[108.87243,15.35143],[108.86364,15.34401],[108.86364,15.33808],[108.86877,15.33066],[108.88342,15.3277],[108.88342,15.32473],[108.87975,15.32473],[108.87975,15.31583],[108.87609,15.31435],[108.8695,15.30248],[108.87682,15.28469],[108.89367,15.26244],[108.90979,15.24761],[108.9237,15.24464],[108.92737,15.24909],[108.9303,15.24613],[108.93762,15.24761],[108.93762,15.24464],[108.94202,15.24316],[108.94202,15.22685],[108.93689,15.22536],[108.93835,15.22091],[108.9303,15.21053],[108.92517,15.21053],[108.92151,15.21498],[108.91565,15.21202],[108.91272,15.21795],[108.90393,15.21647],[108.89953,15.20905],[108.89294,15.20905],[108.89074,15.19719],[108.88561,15.19867],[108.88122,15.1957],[108.88342,15.1868],[108.87682,15.19125],[108.88268,15.18532],[108.88488,15.18829],[108.88268,15.1957],[108.89587,15.19867],[108.89367,15.20757],[108.901,15.20757],[108.90319,15.2135],[108.90832,15.21647],[108.91198,15.21647],[108.91784,15.20608],[108.92297,15.2046],[108.92224,15.20163],[108.91638,15.20015],[108.91418,15.20608],[108.90832,15.20608],[108.89587,15.1957],[108.89367,15.17791],[108.8988,15.14973],[108.89733,15.14676],[108.8966,15.14973],[108.89221,15.14973],[108.89147,15.13934],[108.89514,15.13934],[108.89001,15.126],[108.88122,15.126],[108.87756,15.11858],[108.86877,15.1171],[108.87463,15.1171],[108.87536,15.11413],[108.88195,15.12451],[108.88854,15.12303],[108.88854,15.1171],[108.89294,15.11265],[108.89001,15.1082],[108.89001,15.0993],[108.89294,15.09634],[108.89367,15.0993],[108.8966,15.0993],[108.89587,15.09634],[108.8988,15.09634],[108.88195,15.09485],[108.88049,15.08892],[108.88561,15.08595],[108.88342,15.0815],[108.87609,15.0815],[108.88415,15.08002],[108.88928,15.08892],[108.89514,15.0904],[108.89587,15.08595],[108.88928,15.0815],[108.8944,15.0815],[108.8988,15.07261],[108.89733,15.08299],[108.90393,15.09189],[108.90319,15.08002],[108.91638,15.02515],[108.95374,14.92133],[108.97425,14.87684],[109.00062,14.82938],[109.00648,14.81307],[109.0431,14.75226],[109.04823,14.74781],[109.04677,14.74188],[109.05043,14.73446],[109.05702,14.72853],[109.0497,14.74336],[109.07387,14.71073],[109.07387,14.70628],[109.0768,14.70628],[109.07827,14.70035],[109.07387,14.69294],[109.079,14.67959],[109.08266,14.67959],[109.08266,14.66624],[109.07094,14.66624],[109.0746,14.67069],[109.07387,14.68849],[109.07021,14.6959],[109.06142,14.6959],[109.06068,14.68849],[109.06435,14.67959],[109.07021,14.6781],[109.07241,14.67217],[109.06435,14.65289],[109.06654,14.63954],[109.07094,14.63361],[109.07094,14.62175],[109.0746,14.61878],[109.07021,14.61581],[109.0746,14.60692],[109.07314,14.5995],[109.08266,14.58022],[109.0812,14.57725]]],[[[109.11562,15.39295],[109.12075,15.38999],[109.12881,15.39147],[109.13247,15.3885],[109.14126,15.38999],[109.14419,15.38554],[109.1398,15.38257],[109.14126,15.37664],[109.1332,15.37664],[109.12368,15.36922],[109.11636,15.36922],[109.10757,15.37367],[109.09585,15.37367],[109.09292,15.38257],[109.09731,15.3885],[109.11562,15.39295]]],[[[109.08339,15.43448],[109.08779,15.43151],[109.08779,15.42706],[109.08559,15.42855],[109.08266,15.4241],[109.07753,15.4241],[109.0768,15.43151],[109.08339,15.43448]]]]}},{"type":"Feature","properties":{"id":"gia-lai","name":"Gia Lai","type":"Tỉnh","region":"Tây Nguyên - Duyên hải Nam Trung Bộ","mergedFrom":["Bình Định","Gia Lai"],"areaKm2":21576.53,"population":3583693},"geometry":{"type":"MultiPolygon","coordinates":[[[[109.36321,13.5999],[109.36248,13.5999],[109.36248,13.60138],[109.36321,13.60138],[109.36321,13.5999]]],[[[109.34417,13.63549],[109.35149,13.62066],[109.35662,13.62066],[109.36248,13.61325],[109.36248,13.60435],[109.35589,13.61176],[109.34856,13.61028],[109.33758,13.62511],[109.33758,13.63401],[109.34417,13.63549]]],[[[109.25553,13.67999],[109.25041,13.67999],[109.25187,13.68444],[109.25553,13.67999]]],[[[109.24162,13.68295],[109.23795,13.68147],[109.23795,13.68444],[109.24088,13.68592],[109.24162,13.68295]]],[[[109.29729,13.76601],[109.30095,13.76452],[109.30095,13.76156],[109.29582,13.76749],[109.29729,13.76601]]],[[[109.29656,13.76897],[109.29582,13.76749],[109.29582,13.76897],[109.29582,13.77045],[109.29656,13.77045],[109.29656,13.76897]]],[[[109.24601,13.86389],[109.25114,13.84757],[109.24601,13.84757],[109.24381,13.85351],[109.24088,13.85351],[109.24455,13.86092],[109.23722,13.85944],[109.23283,13.85499],[109.2299,13.86241],[109.23429,13.8802],[109.23795,13.8802],[109.24455,13.8713],[109.24601,13.86389]]],[[[109.30535,13.88317],[109.30461,13.87724],[109.30242,13.87724],[109.30168,13.8802],[109.30535,13.88317]]],[[[109.34856,13.89503],[109.34783,13.89503],[109.34783,13.89652],[109.3471,13.898],[109.34783,13.898],[109.34856,13.898],[109.34856,13.89652],[109.3493,13.89652],[109.3493,13.89503],[109.34856,13.89503]]],[[[109.3178,13.89948],[109.31707,13.89948],[109.31707,13.90097],[109.31633,13.90097],[109.31633,13.90245],[109.31707,13.90245],[109.31707,13.90393],[109.3178,13.90393],[109.3178,13.90245],[109.3178,13.90097],[109.3178,13.89948]]],[[[109.29363,14.13678],[109.29509,14.13974],[109.29656,14.13826],[109.29363,14.13678]]],[[[109.20133,14.23169],[109.2006,14.23169],[109.19986,14.23169],[109.19913,14.23318],[109.19986,14.23318],[109.20133,14.23318],[109.20206,14.23318],[109.20206,14.23169],[109.20279,14.23169],[109.20206,14.23169],[109.20133,14.23169]]],[[[109.21012,14.25246],[109.21012,14.24949],[109.20719,14.24949],[109.20646,14.25246],[109.21012,14.25246]]],[[[109.09292,14.47937],[109.09218,14.47789],[109.09218,14.47937],[109.09292,14.48085],[109.09292,14.48234],[109.09365,14.48234],[109.09365,14.48382],[109.09438,14.48382],[109.09438,14.48234],[109.09438,14.48085],[109.09438,14.47937],[109.09365,14.47937],[109.09292,14.47937]]],[[[109.09658,14.47937],[109.09585,14.4853],[109.09951,14.48234],[109.09658,14.47937]]],[[[108.54646,14.58912],[108.54792,14.58615],[108.56111,14.58615],[108.5655,14.58022],[108.57283,14.57725],[108.57283,14.57281],[108.59554,14.56391],[108.59407,14.55946],[108.59773,14.55649],[108.59627,14.54611],[108.60579,14.53424],[108.61385,14.53276],[108.61751,14.54314],[108.62191,14.54166],[108.62777,14.54463],[108.6307,14.55204],[108.64169,14.54759],[108.64315,14.55797],[108.63949,14.56539],[108.64901,14.56836],[108.66659,14.58022],[108.67245,14.58022],[108.67685,14.58467],[108.67465,14.5906],[108.68051,14.59802],[108.68637,14.59357],[108.68637,14.5906],[108.69662,14.59505],[108.70248,14.60543],[108.70248,14.61433],[108.70688,14.61433],[108.70541,14.6084],[108.70908,14.60395],[108.71567,14.60247],[108.71787,14.59802],[108.72519,14.59653],[108.73545,14.58912],[108.73984,14.5906],[108.73984,14.59505],[108.74497,14.59209],[108.75742,14.59357],[108.76035,14.5995],[108.76328,14.5995],[108.76109,14.62026],[108.76548,14.62175],[108.76621,14.62916],[108.76402,14.65141],[108.75889,14.66624],[108.76841,14.6781],[108.78086,14.67069],[108.80723,14.66921],[108.82701,14.67662],[108.838,14.69442],[108.84239,14.69294],[108.84679,14.68255],[108.85119,14.68255],[108.85265,14.69145],[108.85778,14.69294],[108.8717,14.69145],[108.87756,14.68552],[108.89001,14.68255],[108.89221,14.687],[108.90539,14.687],[108.90612,14.69145],[108.9237,14.69738],[108.9281,14.70332],[108.92956,14.69738],[108.93909,14.6959],[108.94348,14.68849],[108.95081,14.68849],[108.95374,14.69145],[108.96839,14.68107],[108.97718,14.67069],[108.99476,14.67366],[109.00135,14.66772],[109.00941,14.67069],[109.01307,14.66624],[109.01673,14.66624],[109.01673,14.66031],[109.0204,14.66031],[109.02699,14.65141],[109.02699,14.64548],[109.03431,14.64844],[109.03651,14.64103],[109.0453,14.63065],[109.04457,14.6262],[109.04237,14.6262],[109.04603,14.61878],[109.04384,14.60988],[109.0475,14.6084],[109.04823,14.60395],[109.05409,14.60395],[109.06068,14.5906],[109.06654,14.5906],[109.07021,14.58467],[109.0812,14.57874],[109.0746,14.57577],[109.06948,14.57874],[109.07021,14.5817],[109.06728,14.58022],[109.06508,14.58319],[109.06654,14.57874],[109.06142,14.57874],[109.06435,14.57725],[109.06361,14.57281],[109.05922,14.57429],[109.05702,14.57132],[109.06068,14.57132],[109.06361,14.55649],[109.06581,14.55946],[109.06142,14.57132],[109.06874,14.57874],[109.07094,14.57725],[109.06728,14.56984],[109.06874,14.55649],[109.08559,14.51496],[109.08486,14.50607],[109.09292,14.49124],[109.09072,14.47937],[109.10097,14.47789],[109.10171,14.46454],[109.1061,14.46306],[109.11343,14.45416],[109.11343,14.45861],[109.1083,14.46454],[109.10317,14.46454],[109.1039,14.46899],[109.10757,14.46899],[109.10097,14.47937],[109.10024,14.48234],[109.10244,14.48234],[109.11855,14.45267],[109.12075,14.45267],[109.12075,14.44674],[109.12441,14.44526],[109.12222,14.43784],[109.11782,14.43488],[109.11929,14.43043],[109.11562,14.42746],[109.11562,14.42153],[109.12661,14.39483],[109.12881,14.39483],[109.12368,14.3889],[109.12148,14.38],[109.12661,14.36221],[109.16177,14.30733],[109.18155,14.28212],[109.18668,14.28212],[109.18448,14.27767],[109.17935,14.27767],[109.17935,14.26729],[109.18668,14.25542],[109.194,14.24949],[109.1984,14.23318],[109.19327,14.22576],[109.19034,14.22873],[109.18448,14.22873],[109.18082,14.2228],[109.18302,14.20352],[109.18595,14.19907],[109.18228,14.1961],[109.19034,14.1783],[109.1962,14.17534],[109.19913,14.16941],[109.19767,14.16644],[109.20279,14.15309],[109.20719,14.15309],[109.20353,14.15012],[109.20572,14.14123],[109.21232,14.13974],[109.21525,14.14123],[109.21451,14.14568],[109.22111,14.13826],[109.22697,14.13974],[109.2277,14.13529],[109.22184,14.1264],[109.21378,14.1264],[109.20939,14.12936],[109.20353,14.12788],[109.19327,14.15012],[109.17496,14.17534],[109.1625,14.16941],[109.16031,14.17237],[109.15738,14.17089],[109.15884,14.16792],[109.16543,14.16792],[109.1625,14.16644],[109.16104,14.15902],[109.1691,14.14716],[109.16177,14.13974],[109.17129,14.14568],[109.16983,14.12936],[109.17715,14.12343],[109.18521,14.12195],[109.19034,14.12491],[109.19254,14.12195],[109.19254,14.1264],[109.19547,14.12788],[109.20719,14.12491],[109.20499,14.1086],[109.2233,14.06114],[109.22916,14.05521],[109.24601,14.02406],[109.25114,14.02406],[109.25334,14.01813],[109.25041,14.01071],[109.24601,14.00923],[109.24674,14.0033],[109.25114,13.9944],[109.2548,13.9944],[109.25773,13.98995],[109.2548,13.98402],[109.24967,13.9855],[109.24821,13.97809],[109.2548,13.96474],[109.25993,13.96326],[109.2548,13.95881],[109.24308,13.95584],[109.24308,13.94101],[109.25407,13.91876],[109.26872,13.898],[109.2841,13.88614],[109.29069,13.88762],[109.28996,13.89207],[109.29436,13.89652],[109.29216,13.88762],[109.29656,13.88614],[109.29802,13.8802],[109.29802,13.87724],[109.29363,13.87724],[109.29216,13.87279],[109.29509,13.85647],[109.29216,13.85054],[109.29949,13.84313],[109.29656,13.83571],[109.29949,13.82829],[109.29729,13.82236],[109.29069,13.81791],[109.28557,13.80457],[109.29436,13.77935],[109.29436,13.77194],[109.29143,13.77045],[109.29289,13.76601],[109.2885,13.76007],[109.28923,13.75414],[109.28483,13.75562],[109.28117,13.76304],[109.27385,13.76156],[109.26945,13.75711],[109.25773,13.75711],[109.24967,13.76156],[109.257,13.76452],[109.26066,13.77045],[109.25993,13.77342],[109.25334,13.7749],[109.25407,13.7838],[109.257,13.78529],[109.25993,13.78232],[109.25846,13.78825],[109.26359,13.79715],[109.26359,13.7927],[109.27971,13.7927],[109.27897,13.81198],[109.2819,13.81346],[109.27824,13.81643],[109.26945,13.79863],[109.26359,13.8016],[109.25993,13.8105],[109.25334,13.80901],[109.25187,13.81643],[109.25846,13.82088],[109.25334,13.85944],[109.24967,13.86686],[109.25114,13.85796],[109.24455,13.87575],[109.23942,13.87724],[109.23795,13.88317],[109.23283,13.88317],[109.23136,13.88614],[109.23429,13.89058],[109.23429,13.90393],[109.23063,13.90393],[109.23063,13.91431],[109.22697,13.9158],[109.22916,13.90838],[109.2255,13.90393],[109.2299,13.90393],[109.2277,13.90097],[109.21305,13.898],[109.22037,13.89652],[109.23063,13.90097],[109.23283,13.89652],[109.22916,13.88465],[109.2277,13.86092],[109.2233,13.85796],[109.22843,13.85499],[109.22843,13.85202],[109.2277,13.84906],[109.2233,13.85054],[109.22111,13.84757],[109.2255,13.83719],[109.21891,13.83423],[109.22404,13.82978],[109.21158,13.82385],[109.21671,13.82681],[109.2255,13.82681],[109.22623,13.82088],[109.21818,13.81198],[109.21378,13.81198],[109.21891,13.8105],[109.22477,13.81791],[109.2299,13.80012],[109.2277,13.79863],[109.22916,13.79418],[109.22477,13.79122],[109.22477,13.7838],[109.23356,13.78232],[109.23502,13.78084],[109.22916,13.78084],[109.23136,13.77787],[109.24381,13.78232],[109.24748,13.77787],[109.24308,13.7749],[109.23942,13.77935],[109.24015,13.7749],[109.24748,13.77194],[109.25114,13.77342],[109.25187,13.77045],[109.25041,13.76749],[109.24894,13.77045],[109.24088,13.77194],[109.22843,13.76601],[109.21891,13.75711],[109.21525,13.74821],[109.21964,13.73634],[109.21744,13.71558],[109.22257,13.71261],[109.22843,13.68888],[109.23356,13.6874],[109.23136,13.68444],[109.23356,13.68295],[109.23429,13.6696],[109.22697,13.6785],[109.21818,13.68147],[109.21232,13.6785],[109.20646,13.68147],[109.2006,13.69482],[109.18961,13.69333],[109.18228,13.68295],[109.16836,13.68295],[109.1647,13.67702],[109.15591,13.6785],[109.15445,13.67405],[109.15664,13.67257],[109.15078,13.65626],[109.15371,13.64736],[109.15225,13.63401],[109.14712,13.63401],[109.14346,13.62956],[109.13247,13.64143],[109.12368,13.64439],[109.11929,13.64143],[109.11782,13.63549],[109.12588,13.62808],[109.12661,13.62363],[109.12588,13.62066],[109.11489,13.61473],[109.11709,13.60287],[109.11269,13.591],[109.11782,13.58655],[109.11416,13.58507],[109.10683,13.58803],[109.10024,13.58359],[109.09438,13.5732],[109.08632,13.57172],[109.08486,13.56875],[109.05263,13.56875],[109.0497,13.56134],[109.04457,13.55986],[109.04091,13.54799],[109.03285,13.54354],[109.03212,13.53464],[109.02552,13.52871],[109.00721,13.52278],[108.99696,13.52278],[108.99403,13.51685],[108.9618,13.51833],[108.95813,13.51536],[108.94861,13.52723],[108.94421,13.52574],[108.94421,13.52871],[108.93689,13.53019],[108.93542,13.53316],[108.93176,13.53168],[108.92151,13.54058],[108.91491,13.54206],[108.90686,13.54206],[108.90393,13.53761],[108.89367,13.54058],[108.88488,13.53613],[108.8673,13.53464],[108.86657,13.54058],[108.8695,13.54651],[108.86364,13.55244],[108.85558,13.55392],[108.84972,13.56875],[108.84459,13.56431],[108.82701,13.56431],[108.81602,13.57172],[108.81456,13.57765],[108.78453,13.57765],[108.78086,13.56875],[108.77427,13.57024],[108.76841,13.56134],[108.75669,13.56282],[108.74863,13.56727],[108.74717,13.55541],[108.74058,13.55689],[108.73984,13.55096],[108.73618,13.54947],[108.73252,13.54058],[108.73471,13.53464],[108.73105,13.52574],[108.72739,13.52426],[108.72739,13.51981],[108.71347,13.51833],[108.71347,13.50202],[108.70908,13.49905],[108.70322,13.4857],[108.70834,13.48274],[108.70908,13.4768],[108.71494,13.47384],[108.71201,13.46642],[108.7142,13.46346],[108.72812,13.46346],[108.73471,13.45752],[108.7457,13.45752],[108.7523,13.46346],[108.75742,13.45901],[108.75962,13.46494],[108.76402,13.46346],[108.77793,13.4679],[108.78892,13.4679],[108.79405,13.47384],[108.79551,13.46494],[108.79185,13.46346],[108.78965,13.45307],[108.79625,13.45307],[108.79625,13.44714],[108.79991,13.44714],[108.80577,13.43676],[108.8043,13.42193],[108.80723,13.39375],[108.8043,13.39227],[108.8043,13.3804],[108.8065,13.37744],[108.80577,13.36705],[108.81016,13.36112],[108.8087,13.35667],[108.81456,13.35371],[108.82188,13.34332],[108.82555,13.34332],[108.82774,13.33591],[108.8402,13.32404],[108.8402,13.31811],[108.85998,13.28697],[108.86803,13.28845],[108.87316,13.27955],[108.86803,13.26324],[108.87096,13.25434],[108.86877,13.24099],[108.86291,13.22616],[108.84972,13.21726],[108.85119,13.20836],[108.84752,13.20243],[108.85485,13.19353],[108.84826,13.19057],[108.84972,13.18019],[108.84532,13.18315],[108.84459,13.17574],[108.83873,13.17129],[108.84166,13.16387],[108.8336,13.16239],[108.83214,13.16535],[108.82848,13.16535],[108.82481,13.16091],[108.82408,13.15349],[108.81969,13.15794],[108.81309,13.15942],[108.8109,13.15497],[108.80797,13.15497],[108.80504,13.14607],[108.80284,13.14607],[108.80357,13.15201],[108.79625,13.15201],[108.79551,13.14162],[108.79258,13.14162],[108.79112,13.14756],[108.78672,13.14162],[108.78306,13.14162],[108.7816,13.14607],[108.77647,13.14756],[108.7772,13.13718],[108.76914,13.13421],[108.76109,13.13569],[108.75816,13.12976],[108.76035,13.12383],[108.76768,13.12383],[108.76841,13.11641],[108.75962,13.11641],[108.7501,13.09417],[108.75596,13.03336],[108.7142,13.01705],[108.69296,13.01705],[108.67978,12.99628],[108.67538,12.99628],[108.66952,13.0037],[108.66439,13.0037],[108.65927,12.99925],[108.65194,13.00073],[108.64462,13.01111],[108.62777,13.00815],[108.61824,13.01111],[108.61385,13.00666],[108.60726,13.01705],[108.60066,13.01705],[108.59187,13.02891],[108.57796,13.02891],[108.56624,13.02001],[108.53913,13.03188],[108.51203,13.03484],[108.51056,13.03781],[108.51349,13.04077],[108.51056,13.04671],[108.51643,13.06006],[108.52082,13.06302],[108.51716,13.06747],[108.51789,13.0734],[108.51423,13.07192],[108.50837,13.08082],[108.49958,13.08378],[108.49591,13.09565],[108.48786,13.09862],[108.49225,13.10306],[108.49225,13.10751],[108.48712,13.11196],[108.47833,13.11345],[108.47321,13.1179],[108.46442,13.11641],[108.46075,13.11938],[108.45636,13.12828],[108.46002,13.13421],[108.46735,13.13569],[108.46954,13.14014],[108.46368,13.14162],[108.46588,13.14756],[108.46002,13.15349],[108.46368,13.16239],[108.43658,13.18019],[108.42266,13.19798],[108.4212,13.21133],[108.41607,13.22023],[108.41754,13.22468],[108.42193,13.22616],[108.41754,13.23209],[108.41754,13.23803],[108.4212,13.24099],[108.41021,13.24841],[108.40728,13.25879],[108.40362,13.26027],[108.39922,13.25582],[108.39263,13.25582],[108.38384,13.25879],[108.37578,13.26769],[108.37139,13.26769],[108.37285,13.28845],[108.36846,13.29438],[108.36846,13.3018],[108.37212,13.30328],[108.36186,13.31515],[108.35527,13.31515],[108.35234,13.32998],[108.34575,13.33146],[108.34648,13.33888],[108.33696,13.33739],[108.31498,13.34777],[108.31132,13.34629],[108.29667,13.35222],[108.28788,13.35074],[108.28202,13.36112],[108.26371,13.37299],[108.25785,13.36854],[108.241,13.36854],[108.2388,13.37299],[108.22855,13.37002],[108.21976,13.37299],[108.21243,13.36854],[108.20877,13.37595],[108.20218,13.37299],[108.19778,13.37892],[108.18899,13.38189],[108.18386,13.3804],[108.17947,13.38485],[108.17727,13.38337],[108.17361,13.39227],[108.16408,13.39375],[108.16115,13.40117],[108.15017,13.39968],[108.14284,13.40858],[108.13625,13.4071],[108.13039,13.41155],[108.12306,13.41006],[108.11501,13.416],[108.10988,13.416],[108.10695,13.41155],[108.09743,13.41006],[108.09523,13.4071],[108.08864,13.40858],[108.08058,13.39968],[108.07985,13.40413],[108.07179,13.39968],[108.06886,13.41006],[108.06373,13.40561],[108.06373,13.40858],[108.05567,13.4071],[108.0564,13.41155],[108.05201,13.41303],[108.04395,13.39968],[108.03516,13.40265],[108.03296,13.39523],[108.02637,13.39523],[108.02124,13.38633],[108.01392,13.38633],[108.00952,13.3804],[108,13.38633],[107.9978,13.39078],[107.99121,13.3893],[107.98975,13.39227],[107.98169,13.39227],[107.97949,13.3893],[107.98096,13.38337],[107.9685,13.38337],[107.96704,13.3804],[107.95751,13.3804],[107.95532,13.38485],[107.94946,13.38633],[107.94872,13.3804],[107.9436,13.3804],[107.94286,13.37299],[107.9392,13.37595],[107.92089,13.37892],[107.9077,13.3893],[107.88793,13.38485],[107.87621,13.39375],[107.85057,13.3893],[107.83885,13.40117],[107.83299,13.39672],[107.81614,13.39227],[107.81101,13.39523],[107.80076,13.39375],[107.79709,13.38782],[107.79929,13.3804],[107.79123,13.38189],[107.78464,13.37447],[107.77512,13.37299],[107.77219,13.36854],[107.76853,13.37002],[107.76486,13.36409],[107.76193,13.36705],[107.7634,13.3715],[107.759,13.36854],[107.75168,13.37002],[107.75095,13.36409],[107.74728,13.36261],[107.73923,13.36409],[107.73776,13.36705],[107.72824,13.36557],[107.72604,13.36854],[107.72018,13.36854],[107.71725,13.37447],[107.71212,13.37299],[107.71212,13.37002],[107.70846,13.37002],[107.70626,13.37447],[107.69601,13.37299],[107.69088,13.36854],[107.68941,13.36112],[107.68429,13.36409],[107.68062,13.35964],[107.67476,13.35816],[107.67183,13.34926],[107.66304,13.35074],[107.65425,13.34184],[107.64913,13.34184],[107.64913,13.32701],[107.64034,13.32998],[107.6396,13.32404],[107.63008,13.32256],[107.62862,13.31515],[107.62422,13.31663],[107.61616,13.31366],[107.61543,13.30921],[107.60737,13.30625],[107.63008,13.35964],[107.61982,13.50053],[107.61689,13.52574],[107.5788,13.61028],[107.57221,13.61918],[107.57001,13.66219],[107.55097,13.69037],[107.53339,13.74228],[107.4953,13.77045],[107.47186,13.77639],[107.45135,13.7927],[107.4594,13.80457],[107.46233,13.81495],[107.45574,13.82236],[107.45574,13.82681],[107.4638,13.83423],[107.47332,13.85054],[107.47332,13.85944],[107.4638,13.86241],[107.45428,13.86982],[107.45794,13.87724],[107.47039,13.88762],[107.47332,13.91283],[107.47259,13.92025],[107.46014,13.92025],[107.45208,13.92914],[107.45428,13.97957],[107.44549,13.9855],[107.44329,13.99588],[107.4323,13.99143],[107.42571,13.99588],[107.42351,13.99292],[107.41033,13.99143],[107.40886,13.98847],[107.39567,13.99143],[107.38395,13.98699],[107.38322,13.99143],[107.36857,14.00923],[107.35905,14.01368],[107.35685,14.02555],[107.35685,14.02851],[107.36564,14.03296],[107.36344,14.04927],[107.36564,14.06559],[107.37883,14.06411],[107.38322,14.07745],[107.37297,14.08339],[107.36051,14.08487],[107.35392,14.09228],[107.34953,14.0908],[107.34586,14.09525],[107.34074,14.09525],[107.33268,14.10415],[107.34074,14.13233],[107.35392,14.14864],[107.35319,14.15457],[107.36271,14.16199],[107.35832,14.16941],[107.36784,14.17979],[107.37663,14.1783],[107.37956,14.18127],[107.38835,14.20797],[107.39494,14.20797],[107.39787,14.2228],[107.40886,14.23318],[107.4008,14.24653],[107.40373,14.25542],[107.41033,14.26136],[107.41033,14.27619],[107.40666,14.2836],[107.4074,14.29695],[107.39787,14.30585],[107.39714,14.31178],[107.39128,14.31475],[107.39128,14.32513],[107.40007,14.33106],[107.403,14.33996],[107.40886,14.34441],[107.41179,14.35479],[107.40959,14.36221],[107.41399,14.35924],[107.43303,14.37852],[107.44109,14.38],[107.44182,14.39039],[107.44475,14.39335],[107.44109,14.39483],[107.44695,14.40077],[107.45061,14.41708],[107.45354,14.41263],[107.45867,14.41115],[107.46087,14.40373],[107.46819,14.40225],[107.47405,14.4067],[107.47918,14.40225],[107.4887,14.40373],[107.49163,14.41856],[107.49017,14.42746],[107.49456,14.43339],[107.49823,14.43339],[107.50628,14.45564],[107.50482,14.45861],[107.5246,14.45861],[107.5268,14.46157],[107.53778,14.45712],[107.54218,14.46009],[107.55976,14.45119],[107.56928,14.45267],[107.58247,14.44229],[107.59272,14.44081],[107.59419,14.44378],[107.60151,14.44526],[107.60444,14.44081],[107.60884,14.44081],[107.61689,14.44229],[107.62275,14.44823],[107.62642,14.45861],[107.63081,14.46009],[107.64546,14.45712],[107.65059,14.46009],[107.65206,14.46454],[107.66524,14.46454],[107.67183,14.47047],[107.67916,14.47196],[107.67989,14.47492],[107.69381,14.46751],[107.7026,14.45416],[107.69747,14.44229],[107.70626,14.43339],[107.7026,14.42598],[107.69527,14.42301],[107.7048,14.41856],[107.70773,14.41263],[107.71578,14.40967],[107.72164,14.37852],[107.73263,14.37852],[107.73923,14.36369],[107.7275,14.34441],[107.72824,14.33996],[107.71871,14.33848],[107.71945,14.32661],[107.71212,14.32958],[107.69894,14.3281],[107.69381,14.32365],[107.68795,14.32365],[107.68282,14.31771],[107.68209,14.29695],[107.67843,14.28657],[107.68941,14.2747],[107.69088,14.26284],[107.68868,14.25246],[107.69381,14.24801],[107.69308,14.22725],[107.68722,14.22131],[107.6982,14.21538],[107.70919,14.21686],[107.71212,14.2139],[107.7319,14.2139],[107.73923,14.20797],[107.74728,14.20797],[107.75241,14.20352],[107.76193,14.20203],[107.76193,14.21241],[107.76853,14.2139],[107.77219,14.21835],[107.77732,14.21538],[107.78244,14.22576],[107.78537,14.22576],[107.78757,14.22131],[107.79343,14.2228],[107.79929,14.21983],[107.80588,14.21241],[107.8176,14.2139],[107.82127,14.22576],[107.82346,14.22428],[107.82639,14.22725],[107.82786,14.23318],[107.83518,14.23169],[107.83811,14.23614],[107.83518,14.26729],[107.84178,14.27174],[107.8469,14.27174],[107.84984,14.27619],[107.85863,14.27322],[107.86668,14.27767],[107.87328,14.27619],[107.87621,14.28212],[107.89891,14.27767],[107.90917,14.26581],[107.91796,14.26136],[107.93188,14.24059],[107.94286,14.23911],[107.94799,14.24504],[107.95825,14.22873],[107.96631,14.23021],[107.98096,14.24504],[108.0022,14.24504],[108.00659,14.23911],[108.01465,14.24059],[108.01612,14.25097],[108.02417,14.25097],[108.02344,14.25691],[108.03882,14.27767],[108.04249,14.27767],[108.04468,14.27322],[108.04835,14.27322],[108.05567,14.26581],[108.06007,14.26581],[108.0586,14.27026],[108.06226,14.27174],[108.06226,14.27619],[108.06812,14.2836],[108.06739,14.29102],[108.07179,14.29398],[108.07032,14.29992],[108.07325,14.3014],[108.07325,14.30733],[108.08131,14.3103],[108.08058,14.31326],[108.0879,14.31475],[108.08717,14.32513],[108.08058,14.32661],[108.07765,14.33254],[108.10402,14.33699],[108.10329,14.34293],[108.11208,14.34589],[108.10768,14.35331],[108.11427,14.36369],[108.11794,14.36369],[108.12599,14.35627],[108.13405,14.35479],[108.13918,14.35627],[108.13918,14.36072],[108.14943,14.36072],[108.14797,14.35627],[108.14211,14.35331],[108.14504,14.34738],[108.14797,14.34738],[108.15383,14.34886],[108.15163,14.35331],[108.15603,14.35331],[108.15749,14.35924],[108.16335,14.36221],[108.16335,14.36517],[108.16555,14.36369],[108.16921,14.36814],[108.17654,14.36666],[108.18167,14.36962],[108.18972,14.36814],[108.19192,14.37407],[108.19851,14.37259],[108.19778,14.37704],[108.20291,14.37407],[108.20877,14.38742],[108.21536,14.38742],[108.22049,14.39187],[108.23441,14.39039],[108.24246,14.39632],[108.24759,14.39632],[108.25199,14.39039],[108.26078,14.39039],[108.26297,14.38742],[108.26957,14.3889],[108.27323,14.38594],[108.27836,14.3889],[108.29447,14.39039],[108.29594,14.39928],[108.29081,14.4067],[108.2974,14.42005],[108.30693,14.42301],[108.31205,14.43339],[108.32158,14.44081],[108.32597,14.45861],[108.3289,14.45861],[108.35747,14.48827],[108.37432,14.51052],[108.38164,14.512],[108.38384,14.52535],[108.38164,14.52831],[108.36919,14.53128],[108.37358,14.54908],[108.36699,14.55797],[108.3582,14.56391],[108.35674,14.56984],[108.35674,14.58022],[108.36699,14.58467],[108.37432,14.60098],[108.38823,14.60247],[108.39263,14.5995],[108.39409,14.60395],[108.39483,14.60098],[108.40289,14.59802],[108.40948,14.5906],[108.41534,14.57132],[108.43951,14.55501],[108.45709,14.55352],[108.49298,14.54314],[108.50544,14.54611],[108.51203,14.55204],[108.52741,14.55501],[108.53108,14.57874],[108.53987,14.5817],[108.54133,14.58615],[108.54646,14.58912]]]]}},{"type":"Feature","properties":{"id":"khanh-hoa","name":"Khánh Hòa","type":"Tỉnh","region":"Nam Trung Bộ","mergedFrom":["Ninh Thuận","Khánh Hòa"],"areaKm2":8555.86,"population":2243554},"geometry":{"type":"MultiPolygon","coordinates":[[[[109.14712,11.57845],[109.14273,11.5829],[109.14566,11.5829],[109.14712,11.57845]]],[[[109.17569,11.64667],[109.17496,11.64667],[109.17496,11.64816],[109.17569,11.64964],[109.17642,11.64964],[109.17715,11.64964],[109.17789,11.64964],[109.17789,11.64816],[109.17715,11.64816],[109.17642,11.64667],[109.17569,11.64667]]],[[[109.22404,11.77125],[109.22697,11.76829],[109.22257,11.76829],[109.22184,11.77125],[109.22404,11.77125]]],[[[109.21818,11.78312],[109.22257,11.7846],[109.22184,11.77125],[109.21598,11.77422],[109.21158,11.7846],[109.21671,11.78608],[109.21818,11.78312]]],[[[109.20279,11.81574],[109.20206,11.81574],[109.20133,11.81574],[109.2006,11.81574],[109.2006,11.81723],[109.20133,11.81723],[109.20206,11.81723],[109.20279,11.81723],[109.20279,11.81574]]],[[[109.39032,12.84352],[109.37713,12.83611],[109.36395,12.83611],[109.36102,12.83314],[109.35735,12.81979],[109.36614,12.81386],[109.36102,12.81386],[109.35955,12.8109],[109.36028,12.7931],[109.38006,12.73971],[109.39764,12.71005],[109.4057,12.69966],[109.41742,12.70411],[109.41449,12.6967],[109.4101,12.69373],[109.41889,12.67742],[109.42621,12.66852],[109.43573,12.66852],[109.44086,12.67149],[109.44233,12.66407],[109.44745,12.66852],[109.45331,12.66852],[109.45991,12.65962],[109.45698,12.65369],[109.4621,12.64776],[109.44819,12.65072],[109.44526,12.64776],[109.4372,12.64776],[109.435,12.64331],[109.43354,12.63589],[109.4372,12.62996],[109.43354,12.62403],[109.43793,12.61216],[109.43427,12.61216],[109.435,12.60326],[109.42987,12.60178],[109.42987,12.59881],[109.43061,12.59585],[109.43793,12.59733],[109.43647,12.58992],[109.43866,12.58843],[109.43573,12.58547],[109.44086,12.57953],[109.44086,12.56767],[109.4328,12.56174],[109.42841,12.57509],[109.42328,12.5736],[109.42182,12.57657],[109.41522,12.57657],[109.41449,12.58398],[109.41229,12.58398],[109.41522,12.59881],[109.41376,12.60475],[109.4057,12.60178],[109.4035,12.60771],[109.39837,12.60623],[109.39544,12.62106],[109.38958,12.62848],[109.39251,12.63293],[109.40863,12.63293],[109.40936,12.63886],[109.40497,12.63886],[109.41303,12.64924],[109.40936,12.65517],[109.40643,12.67149],[109.40277,12.66852],[109.40057,12.67594],[109.39691,12.67742],[109.39691,12.68483],[109.39251,12.68335],[109.39105,12.6789],[109.39471,12.67297],[109.39325,12.66852],[109.39032,12.67149],[109.37713,12.67],[109.3742,12.67445],[109.36834,12.67297],[109.36614,12.66704],[109.37054,12.65666],[109.36468,12.65369],[109.36834,12.64776],[109.36468,12.64182],[109.36102,12.64479],[109.36175,12.65072],[109.35442,12.65221],[109.35223,12.66259],[109.34197,12.65814],[109.33831,12.65072],[109.33318,12.6611],[109.32879,12.66259],[109.34417,12.66555],[109.34637,12.68038],[109.35442,12.69522],[109.35809,12.69373],[109.35955,12.6878],[109.36834,12.68928],[109.37054,12.70115],[109.3786,12.70708],[109.38006,12.71301],[109.3742,12.71746],[109.35589,12.75899],[109.35735,12.79013],[109.35589,12.78865],[109.35442,12.7931],[109.35589,12.79755],[109.35149,12.80051],[109.33245,12.79755],[109.32805,12.7931],[109.32659,12.78272],[109.33098,12.77827],[109.32366,12.77382],[109.32,12.76492],[109.31121,12.76492],[109.30754,12.76047],[109.30168,12.76195],[109.29289,12.75454],[109.29143,12.74564],[109.26872,12.72784],[109.26872,12.72043],[109.26506,12.71598],[109.2548,12.71746],[109.25334,12.71598],[109.25846,12.71598],[109.25993,12.71153],[109.25627,12.70263],[109.25187,12.70115],[109.24601,12.70411],[109.22916,12.69522],[109.2233,12.68335],[109.22111,12.68038],[109.21671,12.68038],[109.21818,12.67594],[109.21085,12.66852],[109.20939,12.64776],[109.20279,12.64924],[109.20133,12.64479],[109.19474,12.64182],[109.19034,12.62848],[109.19693,12.61216],[109.20279,12.61809],[109.19986,12.62106],[109.20279,12.62254],[109.20499,12.61809],[109.20279,12.60771],[109.19767,12.6092],[109.19693,12.59585],[109.19474,12.59437],[109.19693,12.58695],[109.19181,12.57805],[109.19254,12.57212],[109.1962,12.57212],[109.20206,12.56174],[109.1984,12.55581],[109.20206,12.55581],[109.20279,12.55136],[109.19547,12.54987],[109.19254,12.54691],[109.19327,12.54246],[109.20279,12.53504],[109.21451,12.53949],[109.21525,12.55432],[109.21085,12.5647],[109.21232,12.57064],[109.21744,12.57657],[109.22111,12.57064],[109.23429,12.57509],[109.23283,12.58102],[109.22843,12.58102],[109.2233,12.5736],[109.22037,12.57953],[109.22257,12.58547],[109.22843,12.58695],[109.23063,12.59288],[109.23356,12.59288],[109.23502,12.58547],[109.23722,12.58843],[109.24308,12.58695],[109.24528,12.58102],[109.24381,12.5736],[109.23576,12.5736],[109.2299,12.54691],[109.2299,12.53504],[109.23502,12.52169],[109.23795,12.52021],[109.23869,12.50983],[109.25187,12.50686],[109.27385,12.48758],[109.28483,12.48758],[109.29216,12.47868],[109.29582,12.47868],[109.29436,12.47424],[109.29656,12.47275],[109.29216,12.46979],[109.29436,12.46682],[109.29289,12.46089],[109.28703,12.45792],[109.28923,12.45051],[109.28483,12.44457],[109.28703,12.43419],[109.29436,12.42233],[109.29949,12.42529],[109.30168,12.41936],[109.30754,12.41639],[109.32146,12.41788],[109.32659,12.41343],[109.32805,12.4075],[109.33391,12.40601],[109.33684,12.40898],[109.33904,12.40601],[109.34197,12.39711],[109.33758,12.38822],[109.32879,12.38822],[109.32586,12.38525],[109.33025,12.37783],[109.32879,12.37339],[109.32,12.37635],[109.31926,12.38377],[109.31414,12.38822],[109.30828,12.38822],[109.30168,12.3808],[109.29949,12.35114],[109.29656,12.35114],[109.29363,12.34521],[109.28264,12.34817],[109.27824,12.35262],[109.27751,12.35855],[109.26725,12.35707],[109.26066,12.36152],[109.25993,12.37042],[109.26506,12.37339],[109.24601,12.39415],[109.24381,12.40453],[109.23869,12.40453],[109.23795,12.41046],[109.2255,12.41639],[109.22623,12.42084],[109.21818,12.42529],[109.21085,12.43567],[109.194,12.44309],[109.18302,12.45496],[109.17422,12.45792],[109.17715,12.45199],[109.17203,12.44606],[109.16617,12.45347],[109.16617,12.44902],[109.17056,12.44606],[109.16836,12.44309],[109.1625,12.45051],[109.16177,12.46237],[109.15738,12.4594],[109.16177,12.4594],[109.16104,12.44902],[109.16543,12.44161],[109.1625,12.44161],[109.15738,12.45051],[109.16397,12.44012],[109.16617,12.44161],[109.1669,12.43716],[109.16324,12.43271],[109.15591,12.43123],[109.14712,12.43864],[109.15445,12.43123],[109.15225,12.42529],[109.14492,12.42678],[109.14053,12.43123],[109.14639,12.42381],[109.15738,12.42381],[109.16031,12.41936],[109.15884,12.41195],[109.16397,12.40453],[109.17203,12.40305],[109.17422,12.4075],[109.17715,12.40305],[109.18448,12.40453],[109.19254,12.39711],[109.19913,12.3986],[109.20206,12.38822],[109.19693,12.37783],[109.19913,12.36597],[109.1962,12.36004],[109.19913,12.35707],[109.19913,12.34669],[109.20426,12.34372],[109.20133,12.33779],[109.21012,12.33186],[109.21158,12.32444],[109.22037,12.32296],[109.22184,12.31851],[109.23429,12.30813],[109.24015,12.30813],[109.24308,12.30516],[109.23502,12.29478],[109.22916,12.2933],[109.21525,12.29626],[109.20499,12.28885],[109.20353,12.2844],[109.20279,12.27402],[109.20719,12.27254],[109.20719,12.26957],[109.1984,12.2577],[109.19767,12.23991],[109.20426,12.22063],[109.21744,12.21173],[109.21598,12.20283],[109.21085,12.19838],[109.20279,12.19838],[109.1984,12.2058],[109.18228,12.21025],[109.18082,12.2058],[109.17496,12.20728],[109.17496,12.21025],[109.17276,12.20876],[109.18082,12.20431],[109.17496,12.20135],[109.18668,12.2058],[109.194,12.20431],[109.19547,12.19838],[109.20719,12.18948],[109.20939,12.18503],[109.20792,12.17465],[109.20572,12.17169],[109.2006,12.17317],[109.1984,12.16575],[109.20865,12.15834],[109.21085,12.15982],[109.21818,12.15685],[109.2233,12.14944],[109.2233,12.14054],[109.21525,12.13757],[109.21085,12.12126],[109.20719,12.11829],[109.19693,12.11829],[109.19547,12.11533],[109.19547,12.08863],[109.20206,12.06342],[109.24088,11.98927],[109.2526,11.97592],[109.257,11.97888],[109.26213,11.97888],[109.26506,11.97443],[109.27018,11.97592],[109.27018,11.97147],[109.27311,11.97147],[109.27165,11.95367],[109.27751,11.95071],[109.2841,11.95367],[109.28264,11.94477],[109.27678,11.94477],[109.27385,11.93439],[109.26579,11.93587],[109.25773,11.92401],[109.25846,11.91363],[109.26286,11.90621],[109.26139,11.90325],[109.26506,11.8988],[109.26945,11.90176],[109.26799,11.89286],[109.27165,11.88693],[109.27531,11.88842],[109.27311,11.88248],[109.28044,11.881],[109.28117,11.87655],[109.27165,11.86617],[109.27165,11.85875],[109.26799,11.8632],[109.26213,11.86024],[109.257,11.86617],[109.25114,11.86024],[109.25114,11.85282],[109.24821,11.85282],[109.24894,11.8632],[109.23942,11.86914],[109.24015,11.87507],[109.23209,11.881],[109.2233,11.881],[109.22184,11.87803],[109.21818,11.88248],[109.21012,11.88248],[109.20572,11.87952],[109.20206,11.881],[109.20279,11.88842],[109.20646,11.89138],[109.20426,11.90918],[109.21085,11.91511],[109.21305,11.92401],[109.20792,11.92253],[109.20499,11.92846],[109.21305,11.92698],[109.21525,11.93736],[109.21305,11.94626],[109.20426,11.95071],[109.21378,11.95664],[109.21451,11.9685],[109.21158,11.97443],[109.21451,11.9774],[109.21012,11.97888],[109.21158,11.98927],[109.20939,11.98927],[109.20572,11.99816],[109.20719,12.01596],[109.20133,12.04117],[109.19474,12.04266],[109.18961,12.05452],[109.18375,12.05749],[109.18302,12.07232],[109.17862,12.07973],[109.17715,12.09308],[109.17349,12.09753],[109.17276,12.10198],[109.18009,12.10643],[109.18155,12.11088],[109.17203,12.11829],[109.16324,12.11978],[109.15738,12.10643],[109.15371,12.10495],[109.16543,12.09308],[109.17422,12.09012],[109.17642,12.08567],[109.17789,12.07084],[109.16983,12.0649],[109.16763,12.056],[109.16983,12.04562],[109.17642,12.03969],[109.17496,12.03524],[109.17935,12.03821],[109.18082,12.03376],[109.18302,12.03672],[109.18814,12.03524],[109.19327,12.02783],[109.19693,12.02783],[109.20353,12.01448],[109.19474,11.9952],[109.1962,11.99223],[109.20499,11.98927],[109.20792,11.98037],[109.20133,11.98333],[109.194,11.97147],[109.19693,11.96554],[109.19107,11.96109],[109.18302,11.94626],[109.18814,11.93884],[109.18228,11.93884],[109.15005,11.90176],[109.14492,11.90176],[109.13906,11.91066],[109.13394,11.91066],[109.13174,11.9077],[109.12954,11.90918],[109.12515,11.90176],[109.12222,11.88693],[109.11782,11.89138],[109.11416,11.8899],[109.11343,11.87803],[109.10683,11.86765],[109.1061,11.85727],[109.11343,11.83651],[109.11562,11.83354],[109.11709,11.83502],[109.12441,11.82316],[109.13687,11.81723],[109.14419,11.81723],[109.14492,11.82168],[109.14932,11.82168],[109.15664,11.83947],[109.15957,11.83947],[109.16177,11.85579],[109.16763,11.85134],[109.16763,11.85579],[109.17203,11.85875],[109.16983,11.86172],[109.17129,11.86469],[109.17642,11.8632],[109.18595,11.87655],[109.19107,11.87507],[109.19181,11.87062],[109.18009,11.85727],[109.18009,11.85282],[109.18375,11.84986],[109.18009,11.84986],[109.17715,11.84392],[109.18009,11.83354],[109.18521,11.83057],[109.18155,11.82613],[109.18155,11.81723],[109.18668,11.81278],[109.19107,11.81574],[109.1962,11.81129],[109.18741,11.81129],[109.18521,11.80833],[109.18595,11.7935],[109.18961,11.78757],[109.20206,11.78015],[109.20279,11.7757],[109.21085,11.77273],[109.21451,11.76384],[109.21085,11.75939],[109.21671,11.7579],[109.21744,11.75494],[109.22697,11.75642],[109.2277,11.75197],[109.22111,11.74752],[109.23136,11.74752],[109.23283,11.72528],[109.22916,11.72083],[109.22257,11.71934],[109.22184,11.71489],[109.21744,11.71934],[109.21232,11.71934],[109.20646,11.71341],[109.19767,11.72676],[109.19693,11.72231],[109.2006,11.71934],[109.19913,11.71489],[109.20353,11.706],[109.1984,11.706],[109.19254,11.69265],[109.18814,11.69116],[109.18888,11.68227],[109.18448,11.68078],[109.18228,11.67633],[109.17789,11.67782],[109.17349,11.66447],[109.17422,11.64816],[109.16763,11.63481],[109.16617,11.62146],[109.15811,11.62443],[109.15518,11.62294],[109.15518,11.61849],[109.15225,11.61998],[109.15005,11.61701],[109.13906,11.5829],[109.13394,11.5829],[109.12881,11.57697],[109.13027,11.56362],[109.12734,11.56362],[109.12222,11.574],[109.11343,11.57845],[109.10683,11.57845],[109.09438,11.58735],[109.079,11.58735],[109.07021,11.58142],[109.06288,11.58142],[109.0431,11.59031],[109.03651,11.58883],[109.02992,11.5829],[109.02552,11.57548],[109.02406,11.56362],[109.03358,11.54731],[109.02992,11.54137],[109.02699,11.54434],[109.02772,11.54137],[109.02406,11.53989],[109.02479,11.53396],[109.01673,11.52951],[109.01161,11.51171],[109.01454,11.4687],[109.01234,11.4509],[109.00794,11.44201],[109.01234,11.43756],[109.01307,11.42124],[109.01087,11.41531],[109.00575,11.41234],[109.00721,11.38268],[109.01527,11.37082],[109.02113,11.36933],[109.02113,11.3634],[109.01527,11.35599],[109.01087,11.35599],[109.00868,11.35302],[109.00575,11.35599],[109.00062,11.34709],[108.99403,11.35005],[108.98817,11.33522],[108.98157,11.32929],[108.97645,11.32929],[108.96619,11.31743],[108.93762,11.31149],[108.93469,11.30704],[108.92956,11.30704],[108.92737,11.31001],[108.91858,11.30704],[108.91858,11.31446],[108.91272,11.32039],[108.90173,11.32484],[108.8966,11.33226],[108.88854,11.33522],[108.88635,11.34264],[108.88268,11.34264],[108.88488,11.33819],[108.87829,11.33819],[108.87316,11.33226],[108.8673,11.33226],[108.8673,11.33671],[108.87243,11.33671],[108.87463,11.33967],[108.87536,11.35302],[108.8695,11.3545],[108.86584,11.35154],[108.85631,11.35599],[108.84606,11.36637],[108.84459,11.37675],[108.79039,11.38565],[108.7794,11.39751],[108.75669,11.41086],[108.76035,11.47018],[108.72519,11.47018],[108.71713,11.46277],[108.70688,11.46277],[108.67831,11.47315],[108.66293,11.50133],[108.6578,11.50578],[108.64315,11.55027],[108.58162,11.5562],[108.57356,11.57697],[108.56624,11.58142],[108.55159,11.60218],[108.55305,11.63184],[108.55891,11.63481],[108.56257,11.64222],[108.57722,11.63926],[108.58455,11.64074],[108.59407,11.64816],[108.62337,11.64964],[108.62557,11.65409],[108.6578,11.66744],[108.66439,11.66744],[108.66952,11.66299],[108.67758,11.66744],[108.68344,11.67485],[108.69223,11.6971],[108.70175,11.69858],[108.69662,11.706],[108.69589,11.71489],[108.69003,11.72676],[108.69076,11.73417],[108.66659,11.74752],[108.66366,11.76235],[108.67318,11.7846],[108.66879,11.78905],[108.66,11.78905],[108.65267,11.7935],[108.63729,11.7935],[108.6241,11.79943],[108.61898,11.80536],[108.61971,11.80981],[108.62704,11.81574],[108.6307,11.83057],[108.64022,11.83057],[108.65341,11.84244],[108.65414,11.85282],[108.65048,11.86469],[108.6556,11.88545],[108.65414,11.89583],[108.66366,11.91363],[108.66,11.92698],[108.66513,11.93736],[108.66513,11.94774],[108.65927,11.95219],[108.66146,11.96257],[108.68051,11.98482],[108.68344,12.0041],[108.67978,12.01299],[108.68564,12.02634],[108.69076,12.02931],[108.69443,12.04117],[108.70322,12.04117],[108.70615,12.04414],[108.71127,12.056],[108.71054,12.06787],[108.70688,12.07232],[108.70834,12.07973],[108.70248,12.08567],[108.70395,12.09308],[108.69882,12.09456],[108.69809,12.09901],[108.69516,12.09901],[108.69296,12.10495],[108.68197,12.11533],[108.67392,12.11829],[108.67318,12.12274],[108.67758,12.12126],[108.68564,12.13016],[108.68857,12.12719],[108.69369,12.13016],[108.69589,12.14054],[108.69296,12.14647],[108.70395,12.14944],[108.70468,12.15389],[108.71713,12.15537],[108.7208,12.15241],[108.72153,12.15685],[108.72519,12.15537],[108.72885,12.1613],[108.73178,12.1613],[108.72666,12.1702],[108.72153,12.17317],[108.72226,12.1791],[108.71787,12.18652],[108.71201,12.19097],[108.72373,12.21766],[108.7208,12.22508],[108.71713,12.22508],[108.71567,12.22953],[108.70615,12.23397],[108.70102,12.24436],[108.70761,12.25474],[108.70395,12.26215],[108.70615,12.26957],[108.70322,12.27402],[108.70248,12.28885],[108.70541,12.29775],[108.70834,12.29923],[108.70029,12.30961],[108.69662,12.30813],[108.69443,12.31258],[108.6893,12.3111],[108.6871,12.31703],[108.68124,12.31554],[108.68564,12.32296],[108.67904,12.34817],[108.68271,12.36004],[108.68857,12.363],[108.6915,12.37339],[108.68564,12.37932],[108.68783,12.3897],[108.68051,12.39118],[108.67538,12.40156],[108.68197,12.41491],[108.67831,12.41491],[108.67099,12.42529],[108.69003,12.45199],[108.70029,12.46089],[108.70248,12.47424],[108.71494,12.48313],[108.73618,12.4772],[108.7501,12.48017],[108.75303,12.49796],[108.76621,12.49796],[108.77793,12.50538],[108.79478,12.49796],[108.79918,12.49055],[108.79698,12.48462],[108.80064,12.48017],[108.8065,12.48017],[108.81163,12.48462],[108.82262,12.47868],[108.82188,12.47424],[108.82555,12.47424],[108.82848,12.46979],[108.8358,12.46979],[108.8402,12.46237],[108.84899,12.46237],[108.85192,12.45644],[108.85631,12.45792],[108.8651,12.45199],[108.8717,12.45199],[108.8695,12.45496],[108.8717,12.46682],[108.87682,12.4683],[108.87975,12.47868],[108.86071,12.49352],[108.87463,12.50538],[108.87389,12.50983],[108.87902,12.51428],[108.87463,12.52614],[108.88268,12.54097],[108.89221,12.54542],[108.8944,12.54987],[108.89514,12.56322],[108.89733,12.5647],[108.89367,12.57953],[108.90393,12.58398],[108.91491,12.59585],[108.93103,12.60178],[108.93616,12.60771],[108.95154,12.6003],[108.96619,12.59881],[108.98377,12.62699],[108.97498,12.63441],[108.97498,12.63737],[108.98231,12.64776],[108.98377,12.67297],[108.98011,12.68187],[108.99183,12.69077],[108.98743,12.70263],[109.00355,12.71153],[109.01087,12.71894],[109.01527,12.71746],[109.01747,12.72191],[109.02113,12.72191],[109.01454,12.72636],[109.01527,12.72933],[109.01966,12.72933],[109.02552,12.73526],[109.03944,12.73526],[109.03944,12.74416],[109.04164,12.74564],[109.04603,12.74416],[109.05116,12.74712],[109.06215,12.74416],[109.06948,12.75306],[109.0812,12.74267],[109.08779,12.74267],[109.09365,12.75009],[109.09292,12.76195],[109.10097,12.76492],[109.10464,12.77085],[109.10903,12.77234],[109.10976,12.77975],[109.11782,12.79013],[109.11855,12.79903],[109.12661,12.79607],[109.13906,12.78123],[109.14199,12.78123],[109.15738,12.80793],[109.15811,12.81386],[109.1625,12.81535],[109.1647,12.82424],[109.16836,12.82721],[109.17862,12.82573],[109.18155,12.83018],[109.18521,12.82721],[109.21012,12.83018],[109.21671,12.82721],[109.21891,12.81979],[109.2299,12.81238],[109.2548,12.83314],[109.25334,12.83611],[109.25627,12.83759],[109.26872,12.83463],[109.27092,12.83166],[109.27824,12.83463],[109.28776,12.83166],[109.29729,12.83611],[109.30022,12.84056],[109.31047,12.83907],[109.31707,12.84352],[109.31926,12.83611],[109.32219,12.83611],[109.32879,12.84056],[109.33245,12.84946],[109.34417,12.84797],[109.35296,12.85836],[109.36395,12.85984],[109.36688,12.86874],[109.37567,12.85984],[109.3764,12.85539],[109.39032,12.84352]]],[[[109.2233,11.85134],[109.22697,11.84541],[109.23795,11.83799],[109.24308,11.84244],[109.24162,11.84986],[109.24748,11.85134],[109.25041,11.84837],[109.24674,11.84244],[109.2526,11.83947],[109.25114,11.83206],[109.23942,11.83502],[109.24015,11.82909],[109.23722,11.82761],[109.2277,11.83206],[109.2233,11.83799],[109.22404,11.84689],[109.22037,11.84689],[109.22111,11.85134],[109.2233,11.85134]]],[[[109.24235,11.86469],[109.24235,11.8632],[109.24162,11.86469],[109.24088,11.86469],[109.24088,11.86617],[109.24162,11.86617],[109.24235,11.86617],[109.24308,11.86617],[109.24308,11.86469],[109.24235,11.86469]]],[[[109.27238,11.92994],[109.27165,11.92994],[109.27092,11.93142],[109.27092,11.93291],[109.27238,11.93291],[109.27238,11.93142],[109.27311,11.93142],[109.27311,11.92994],[109.27238,11.92994]]],[[[109.28483,11.93587],[109.28337,11.93439],[109.28337,11.93736],[109.28483,11.93587]]],[[[109.32366,12.00261],[109.32146,12.00706],[109.32366,12.00706],[109.32366,12.00261]]],[[[109.32586,12.02931],[109.32512,12.02931],[109.32439,12.03079],[109.32512,12.03227],[109.32586,12.03227],[109.32586,12.03079],[109.32586,12.02931]]],[[[109.32805,12.04711],[109.32439,12.04266],[109.32732,12.03376],[109.32366,12.03376],[109.32146,12.04117],[109.32805,12.04711]]],[[[109.32732,12.04711],[109.32659,12.04711],[109.32659,12.04859],[109.32732,12.04859],[109.32805,12.04859],[109.32732,12.04859],[109.32732,12.04711]]],[[[109.17862,12.06045],[109.17642,12.06639],[109.17862,12.06639],[109.17862,12.06045]]],[[[109.3134,12.1702],[109.3134,12.16872],[109.3134,12.1702],[109.31267,12.1702],[109.31194,12.1702],[109.31267,12.1702],[109.31267,12.17169],[109.3134,12.17169],[109.31414,12.17169],[109.31414,12.1702],[109.3134,12.1702]]],[[[109.30608,12.17169],[109.30828,12.16872],[109.31121,12.1702],[109.31267,12.16575],[109.31707,12.16575],[109.31487,12.1613],[109.30974,12.16575],[109.30388,12.16279],[109.29729,12.16575],[109.29729,12.17169],[109.30608,12.17169]]],[[[109.24601,12.1791],[109.24967,12.17762],[109.25114,12.16872],[109.23502,12.17613],[109.23576,12.1791],[109.24601,12.1791]]],[[[109.27751,12.18058],[109.27604,12.17317],[109.27092,12.17465],[109.27165,12.18058],[109.27751,12.18058]]],[[[109.34197,12.19097],[109.3427,12.19097],[109.34344,12.19097],[109.34417,12.19097],[109.3449,12.19097],[109.34563,12.18948],[109.3449,12.18948],[109.34417,12.18948],[109.34344,12.18948],[109.3427,12.18948],[109.34197,12.19097],[109.34124,12.19097],[109.34051,12.19097],[109.34124,12.19097],[109.34197,12.19097]]],[[[109.22477,12.19541],[109.2277,12.1969],[109.2255,12.19245],[109.23209,12.19541],[109.23429,12.19393],[109.22404,12.18355],[109.2233,12.188],[109.21891,12.19097],[109.2233,12.19393],[109.22257,12.1969],[109.22477,12.19541]]],[[[109.18302,12.20431],[109.18082,12.20431],[109.18595,12.20728],[109.18302,12.20431]]],[[[109.27092,12.23249],[109.27458,12.22804],[109.29509,12.23101],[109.29875,12.22804],[109.29802,12.22359],[109.30461,12.21914],[109.30535,12.21321],[109.31194,12.21469],[109.31633,12.22804],[109.32219,12.22063],[109.32879,12.22211],[109.33172,12.21173],[109.32805,12.20876],[109.32805,12.20135],[109.33465,12.19838],[109.33538,12.19245],[109.32586,12.19097],[109.32439,12.18355],[109.3156,12.18652],[109.32366,12.19393],[109.31853,12.19393],[109.31194,12.18948],[109.30681,12.19245],[109.29802,12.19245],[109.29802,12.19838],[109.30315,12.20135],[109.30168,12.20728],[109.30022,12.20283],[109.28923,12.19393],[109.28996,12.188],[109.29436,12.18652],[109.29582,12.18207],[109.28337,12.18058],[109.27385,12.18652],[109.26945,12.1969],[109.2592,12.19838],[109.24894,12.20876],[109.24381,12.20876],[109.23869,12.22508],[109.23063,12.22508],[109.23356,12.23249],[109.24088,12.23249],[109.24748,12.22211],[109.25187,12.22508],[109.25627,12.21469],[109.25993,12.21321],[109.26286,12.22063],[109.26139,12.22804],[109.26506,12.23249],[109.26359,12.23546],[109.26579,12.23694],[109.27092,12.23249]]],[[[109.36248,12.26809],[109.35809,12.26809],[109.35809,12.27402],[109.36321,12.27402],[109.36468,12.27105],[109.36248,12.26809]]],[[[109.37054,12.27995],[109.36834,12.2844],[109.37054,12.2844],[109.37054,12.27995]]],[[[109.24381,12.28737],[109.24235,12.29033],[109.24528,12.29033],[109.24601,12.28737],[109.24381,12.28737]]],[[[109.21598,12.35707],[109.21085,12.36004],[109.21378,12.363],[109.21818,12.36152],[109.21598,12.35707]]],[[[109.38006,12.35559],[109.3742,12.35707],[109.37347,12.36152],[109.36834,12.36597],[109.36907,12.36894],[109.37274,12.37042],[109.38006,12.35559]]],[[[109.21964,12.38377],[109.21744,12.38377],[109.21744,12.38822],[109.21964,12.38377]]],[[[109.23869,12.38377],[109.23649,12.3808],[109.23209,12.3808],[109.22257,12.38525],[109.22697,12.3986],[109.2299,12.40008],[109.23795,12.39415],[109.24015,12.3897],[109.23869,12.38377]]],[[[109.2255,12.3986],[109.22111,12.40008],[109.22477,12.40156],[109.2255,12.3986]]],[[[109.20353,12.40305],[109.20426,12.40156],[109.20353,12.40008],[109.20279,12.40008],[109.20206,12.40008],[109.20133,12.40156],[109.20206,12.40156],[109.20279,12.40156],[109.20279,12.40305],[109.20353,12.40305]]],[[[109.21964,12.40008],[109.21671,12.40305],[109.21964,12.40305],[109.21964,12.40008]]],[[[109.30681,12.47572],[109.30608,12.47572],[109.30535,12.47572],[109.30388,12.47572],[109.30461,12.4772],[109.30535,12.4772],[109.30681,12.4772],[109.30754,12.4772],[109.30754,12.47572],[109.30681,12.47572]]],[[[109.35149,12.4861],[109.35589,12.48758],[109.35662,12.48313],[109.36102,12.48313],[109.36102,12.47868],[109.35735,12.48017],[109.35223,12.4772],[109.35003,12.48313],[109.34637,12.48313],[109.3471,12.49055],[109.35149,12.4861]]],[[[109.32805,12.49203],[109.32732,12.495],[109.32952,12.495],[109.32805,12.49203]]],[[[109.31414,12.49796],[109.30388,12.49055],[109.30095,12.48462],[109.29216,12.4861],[109.29436,12.495],[109.31414,12.49796]]],[[[109.39251,12.54691],[109.39178,12.54542],[109.39178,12.54691],[109.39105,12.54691],[109.39105,12.54839],[109.39178,12.54839],[109.39251,12.54839],[109.39251,12.54987],[109.39325,12.54987],[109.39325,12.54839],[109.39398,12.54839],[109.39398,12.54691],[109.39325,12.54691],[109.39251,12.54691]]],[[[109.20939,12.55877],[109.20719,12.55877],[109.20939,12.55581],[109.20426,12.55581],[109.20646,12.55284],[109.20353,12.55136],[109.2006,12.55877],[109.20939,12.55877]]],[[[109.20499,12.56174],[109.20426,12.56174],[109.20353,12.56174],[109.20353,12.56322],[109.20426,12.56322],[109.20499,12.56322],[109.20572,12.56174],[109.20499,12.56174]]],[[[109.20279,12.5647],[109.20206,12.5647],[109.20133,12.5647],[109.20133,12.56619],[109.20279,12.56619],[109.20353,12.56619],[109.20353,12.5647],[109.20279,12.5647]]],[[[109.44745,12.59733],[109.44819,12.59733],[109.44819,12.59585],[109.44892,12.59585],[109.44819,12.59585],[109.44819,12.59437],[109.44819,12.59585],[109.44745,12.59585],[109.44672,12.59585],[109.44672,12.59733],[109.44745,12.59733]]],[[[109.30535,12.59733],[109.30315,12.59733],[109.30388,12.6003],[109.30535,12.59733]]],[[[109.30315,12.63441],[109.29656,12.63441],[109.30022,12.63737],[109.30315,12.63737],[109.30315,12.63441]]],[[[109.30828,12.63589],[109.30608,12.63589],[109.30754,12.63886],[109.30828,12.63589]]],[[[109.32439,12.63737],[109.33245,12.63737],[109.33831,12.63144],[109.34417,12.63293],[109.3449,12.62699],[109.35149,12.62848],[109.35589,12.62551],[109.36175,12.63293],[109.36468,12.63293],[109.38592,12.62403],[109.38372,12.61216],[109.38958,12.59881],[109.39764,12.59288],[109.39544,12.58398],[109.39984,12.57657],[109.39837,12.57064],[109.4035,12.56915],[109.41376,12.55729],[109.40936,12.54987],[109.39691,12.54987],[109.38812,12.56025],[109.38372,12.56174],[109.38519,12.56619],[109.37347,12.56619],[109.35955,12.5825],[109.35516,12.58102],[109.35516,12.58398],[109.35003,12.58695],[109.33904,12.58992],[109.33977,12.60178],[109.33172,12.6092],[109.32512,12.6092],[109.31707,12.60326],[109.31633,12.60771],[109.30388,12.61513],[109.30388,12.62996],[109.3178,12.63886],[109.32439,12.63737]]],[[[109.29436,12.63589],[109.29289,12.63886],[109.29656,12.64034],[109.29436,12.63589]]],[[[109.21891,12.64479],[109.22111,12.64034],[109.21671,12.64034],[109.21891,12.64479]]],[[[109.31707,12.64034],[109.31487,12.64479],[109.31853,12.64627],[109.31707,12.64034]]],[[[109.37713,12.64331],[109.3764,12.64331],[109.37567,12.64479],[109.37493,12.64479],[109.3742,12.64479],[109.3742,12.64627],[109.37493,12.64627],[109.3764,12.64627],[109.37786,12.64479],[109.37713,12.64479],[109.37713,12.64331]]],[[[109.35003,12.65072],[109.34783,12.64182],[109.3427,12.64182],[109.33904,12.65072],[109.35003,12.65072]]],[[[109.39544,12.65369],[109.39764,12.65517],[109.4035,12.64924],[109.40497,12.65072],[109.40497,12.64776],[109.39911,12.64776],[109.40277,12.64627],[109.40277,12.64331],[109.39325,12.64924],[109.39398,12.65666],[109.39544,12.65369]]],[[[109.46723,12.65072],[109.46503,12.65517],[109.4687,12.65814],[109.46943,12.65221],[109.46723,12.65072]]],[[[109.26359,12.67594],[109.26139,12.67742],[109.26506,12.67742],[109.26359,12.67594]]],[[[109.28117,12.69373],[109.2819,12.69818],[109.28776,12.70115],[109.28117,12.69373]]],[[[109.28923,12.70263],[109.28996,12.70708],[109.29289,12.70708],[109.28923,12.70263]]],[[[109.36688,12.70263],[109.36834,12.70856],[109.37274,12.70856],[109.36981,12.70263],[109.36688,12.70263]]],[[[109.29582,12.71153],[109.29363,12.7145],[109.29656,12.72043],[109.30608,12.72488],[109.3134,12.72339],[109.30388,12.71598],[109.30242,12.71153],[109.29582,12.71153]]],[[[109.32073,12.72784],[109.32,12.72933],[109.32,12.73081],[109.32073,12.73081],[109.32146,12.73081],[109.32146,12.72933],[109.32073,12.72784]]]]}},{"type":"Feature","properties":{"id":"lam-dong","name":"Lâm Đồng","type":"Tỉnh","region":"Tây Nguyên - Đông Nam Bộ duyên hải","mergedFrom":["Đắk Nông","Bình Thuận","Lâm Đồng"],"areaKm2":24233.07,"population":3872999},"geometry":{"type":"MultiPolygon","coordinates":[[[[108.86657,11.33374],[108.86217,11.33226],[108.85265,11.33522],[108.84313,11.33077],[108.83727,11.32188],[108.83434,11.32336],[108.82774,11.31891],[108.81602,11.32188],[108.81163,11.32039],[108.80943,11.31594],[108.79405,11.31594],[108.78672,11.31298],[108.7816,11.30704],[108.7772,11.28776],[108.75816,11.2848],[108.7501,11.26552],[108.7523,11.2581],[108.74497,11.24327],[108.7457,11.23141],[108.74131,11.22992],[108.74424,11.22844],[108.73838,11.22399],[108.73911,11.21954],[108.73252,11.20916],[108.73032,11.18395],[108.72153,11.1795],[108.7208,11.17653],[108.71274,11.17653],[108.71054,11.16763],[108.70688,11.16467],[108.70322,11.16467],[108.70322,11.17653],[108.69882,11.18247],[108.66952,11.19285],[108.65414,11.19433],[108.64681,11.19285],[108.64535,11.18988],[108.62923,11.1884],[108.6241,11.18543],[108.61751,11.17505],[108.61165,11.18395],[108.58748,11.18395],[108.57283,11.17505],[108.56404,11.16467],[108.56331,11.17505],[108.54939,11.19581],[108.52448,11.20323],[108.54866,11.19433],[108.56257,11.16467],[108.5384,11.15874],[108.53547,11.15429],[108.53108,11.15725],[108.51276,11.14391],[108.49811,11.12018],[108.482,11.08162],[108.47467,11.05937],[108.4754,11.04899],[108.46002,11.04009],[108.44684,11.0475],[108.43292,11.0475],[108.4234,11.04009],[108.41461,11.02674],[108.41241,11.02674],[108.41094,11.03267],[108.3897,11.03119],[108.38311,11.03564],[108.37212,11.03267],[108.35747,11.01933],[108.34941,11.00449],[108.33916,10.96445],[108.33989,10.95407],[108.33037,10.9511],[108.32377,10.96],[108.31279,10.96],[108.30693,10.95555],[108.2974,10.93776],[108.29521,10.91403],[108.29008,10.91254],[108.28055,10.91699],[108.28275,10.93331],[108.28055,10.93924],[108.27469,10.94369],[108.2388,10.95407],[108.21976,10.95407],[108.19485,10.94221],[108.19046,10.93627],[108.17507,10.93627],[108.16628,10.93034],[108.14797,10.93034],[108.13625,10.93479],[108.11867,10.92737],[108.10841,10.91699],[108.10548,10.91699],[108.10475,10.92144],[108.09889,10.92144],[108.08278,10.91254],[108.0608,10.8814],[108.04249,10.84432],[108.0293,10.80724],[108.01538,10.73606],[108.00806,10.73161],[108.0044,10.71678],[107.99414,10.70639],[107.99414,10.69898],[107.97803,10.70788],[107.96997,10.70639],[107.96264,10.70046],[107.95825,10.70788],[107.92162,10.71974],[107.885,10.72122],[107.87694,10.71826],[107.87401,10.72122],[107.87474,10.71826],[107.87035,10.71529],[107.85863,10.71233],[107.84617,10.70343],[107.83445,10.70639],[107.8176,10.69898],[107.77732,10.65449],[107.75534,10.64114],[107.73703,10.63669],[107.7275,10.63076],[107.70187,10.63372],[107.69601,10.62927],[107.68062,10.62482],[107.66231,10.60851],[107.63887,10.59961],[107.62642,10.59813],[107.62349,10.59665],[107.62495,10.59516],[107.61982,10.59516],[107.58027,10.57588],[107.5788,10.58775],[107.58247,10.5922],[107.57587,10.60109],[107.57148,10.60258],[107.57148,10.60999],[107.56708,10.61444],[107.56782,10.61889],[107.56196,10.62779],[107.56269,10.63076],[107.55024,10.65152],[107.53925,10.68118],[107.54584,10.69305],[107.54291,10.69898],[107.54364,10.70639],[107.53412,10.72271],[107.52899,10.72271],[107.52606,10.73012],[107.51654,10.73606],[107.51141,10.74347],[107.50189,10.74644],[107.50628,10.77313],[107.51947,10.77313],[107.53339,10.78055],[107.55317,10.7939],[107.57294,10.81466],[107.57294,10.82356],[107.57734,10.83394],[107.57221,10.85025],[107.55976,10.86805],[107.55976,10.93776],[107.54218,10.97928],[107.53632,10.9778],[107.53485,10.98818],[107.51727,10.99856],[107.51727,11.00153],[107.50775,11.00894],[107.50702,11.01339],[107.49603,11.01488],[107.48724,11.00894],[107.47112,11.00746],[107.46526,11.01636],[107.45574,11.01636],[107.44915,11.02081],[107.44915,11.02674],[107.44256,11.02822],[107.44402,11.03119],[107.4367,11.03119],[107.43596,11.03416],[107.42864,11.03267],[107.42717,11.03712],[107.42058,11.03712],[107.42205,11.04157],[107.41252,11.04157],[107.41252,11.04602],[107.4052,11.04306],[107.40227,11.04899],[107.39421,11.04899],[107.3986,11.05344],[107.41619,11.05047],[107.41765,11.0564],[107.42571,11.06382],[107.42205,11.07568],[107.43084,11.08162],[107.4301,11.08755],[107.43816,11.08903],[107.44036,11.0831],[107.44329,11.08458],[107.44329,11.09051],[107.44915,11.09793],[107.45354,11.11276],[107.44549,11.12462],[107.43889,11.12462],[107.43523,11.12907],[107.4345,11.13797],[107.44256,11.13946],[107.44475,11.14984],[107.44842,11.14687],[107.45647,11.14984],[107.45794,11.15429],[107.45428,11.16022],[107.4616,11.16763],[107.4594,11.17505],[107.46526,11.18098],[107.47039,11.17802],[107.47039,11.18247],[107.46746,11.18395],[107.47186,11.18543],[107.47186,11.19433],[107.47991,11.18988],[107.47332,11.20175],[107.47845,11.20323],[107.47845,11.19878],[107.48138,11.19878],[107.48358,11.20323],[107.48284,11.20768],[107.47845,11.21064],[107.48284,11.21064],[107.48797,11.21806],[107.48211,11.22103],[107.49163,11.22547],[107.49383,11.22103],[107.49823,11.21954],[107.49823,11.22251],[107.49383,11.22399],[107.49456,11.22696],[107.49969,11.22844],[107.49603,11.23437],[107.49749,11.24327],[107.50116,11.24031],[107.50116,11.23586],[107.50482,11.23586],[107.50995,11.24476],[107.51508,11.24624],[107.51654,11.25217],[107.51874,11.24772],[107.5246,11.25217],[107.52167,11.28035],[107.51801,11.2848],[107.51947,11.28776],[107.52094,11.28628],[107.51947,11.28925],[107.5224,11.29073],[107.52387,11.29963],[107.51874,11.30556],[107.51801,11.31298],[107.53559,11.32484],[107.54291,11.36192],[107.53485,11.3545],[107.53046,11.36044],[107.5246,11.36192],[107.5246,11.36933],[107.51727,11.37082],[107.51288,11.38417],[107.50335,11.38268],[107.49676,11.39603],[107.48724,11.39603],[107.48504,11.41234],[107.4887,11.42421],[107.48577,11.43014],[107.47918,11.43014],[107.47479,11.43607],[107.46819,11.43311],[107.46526,11.43459],[107.4594,11.43014],[107.45354,11.43311],[107.45428,11.41976],[107.44329,11.41976],[107.44329,11.42421],[107.44695,11.42717],[107.44329,11.43162],[107.4301,11.42569],[107.4301,11.44052],[107.44329,11.44646],[107.44256,11.44942],[107.44695,11.44794],[107.45061,11.45832],[107.46233,11.46277],[107.46087,11.47167],[107.46526,11.4776],[107.47186,11.47612],[107.47186,11.47908],[107.46014,11.49095],[107.45501,11.49095],[107.45354,11.50133],[107.44109,11.51023],[107.44182,11.51616],[107.4367,11.51171],[107.4323,11.51171],[107.43084,11.51913],[107.42791,11.51913],[107.41912,11.51171],[107.41326,11.51616],[107.40959,11.52802],[107.40666,11.52951],[107.38615,11.52654],[107.38542,11.52061],[107.37809,11.51913],[107.37443,11.51468],[107.36711,11.51764],[107.3759,11.52358],[107.37516,11.53247],[107.37883,11.54286],[107.37223,11.55769],[107.36784,11.55769],[107.37223,11.54879],[107.36051,11.55472],[107.36051,11.55769],[107.36637,11.56065],[107.36125,11.56659],[107.36271,11.57252],[107.36637,11.57252],[107.36271,11.58142],[107.35758,11.57993],[107.35612,11.55769],[107.35392,11.55472],[107.34806,11.55472],[107.34586,11.54286],[107.33781,11.54434],[107.33195,11.55472],[107.31144,11.55324],[107.30191,11.57103],[107.30411,11.57252],[107.30924,11.56807],[107.31217,11.57103],[107.30045,11.57697],[107.29679,11.58438],[107.30631,11.59773],[107.30045,11.60663],[107.30411,11.61849],[107.28726,11.63184],[107.26968,11.63777],[107.26822,11.64371],[107.27334,11.64964],[107.26529,11.66002],[107.27774,11.68227],[107.28506,11.68672],[107.27847,11.69265],[107.2836,11.69858],[107.2858,11.72676],[107.28946,11.72972],[107.29679,11.72972],[107.30118,11.74011],[107.3151,11.74011],[107.32535,11.74901],[107.33488,11.74752],[107.33927,11.75049],[107.35246,11.75197],[107.35612,11.75642],[107.35612,11.76235],[107.36344,11.76087],[107.36564,11.7668],[107.37443,11.77125],[107.38688,11.77273],[107.38981,11.7668],[107.39348,11.76829],[107.4008,11.78015],[107.39714,11.78163],[107.3986,11.78757],[107.39494,11.79053],[107.39494,11.79646],[107.39787,11.79646],[107.39641,11.79943],[107.3986,11.8024],[107.40373,11.79943],[107.41033,11.80536],[107.40593,11.81723],[107.41472,11.82761],[107.41545,11.83502],[107.41838,11.83206],[107.41765,11.83947],[107.42351,11.84689],[107.42864,11.84541],[107.42864,11.84986],[107.42498,11.8632],[107.42131,11.86617],[107.4074,11.86765],[107.40593,11.881],[107.40227,11.88397],[107.403,11.8899],[107.39348,11.90028],[107.38176,11.92253],[107.35246,11.93884],[107.35685,11.94032],[107.35246,11.94626],[107.35685,11.95219],[107.35246,11.95367],[107.35099,11.9685],[107.3444,11.97295],[107.33634,11.99223],[107.32389,11.99965],[107.32389,12.0041],[107.3173,12.0041],[107.31437,12.00706],[107.30558,12.00558],[107.30338,12.01003],[107.30191,12.00706],[107.29386,12.00855],[107.29532,12.01596],[107.29092,12.01744],[107.29166,12.02041],[107.28873,12.02041],[107.29019,12.01596],[107.28287,12.01744],[107.27994,12.01151],[107.27847,12.01744],[107.27627,12.01744],[107.27627,12.01299],[107.27041,12.01596],[107.26675,12.01299],[107.26675,12.01596],[107.26162,12.01596],[107.26089,12.01893],[107.25576,12.01744],[107.25064,12.02041],[107.24917,12.02634],[107.24185,12.02486],[107.24478,12.03227],[107.24331,12.03821],[107.24111,12.03821],[107.24038,12.03376],[107.23892,12.03672],[107.23525,12.03524],[107.23159,12.02634],[107.23306,12.04562],[107.23013,12.05304],[107.22939,12.08418],[107.23379,12.09012],[107.23159,12.09753],[107.23965,12.11384],[107.2272,12.11533],[107.22646,12.12274],[107.22134,12.12571],[107.2272,12.13461],[107.2272,12.14944],[107.20595,12.29478],[107.20669,12.29923],[107.20888,12.29626],[107.21108,12.29923],[107.21987,12.29923],[107.21914,12.29478],[107.22134,12.29775],[107.22353,12.29478],[107.22573,12.29775],[107.23013,12.29478],[107.23965,12.30071],[107.23965,12.30368],[107.24185,12.3022],[107.24258,12.30665],[107.24697,12.30665],[107.25869,12.31554],[107.26382,12.31554],[107.26748,12.32444],[107.2836,12.32148],[107.28653,12.32593],[107.29386,12.32889],[107.30265,12.32741],[107.30851,12.33334],[107.31217,12.32889],[107.31217,12.32148],[107.32023,12.32148],[107.32535,12.32593],[107.34,12.32741],[107.34367,12.33482],[107.34879,12.32593],[107.36271,12.31851],[107.36418,12.31406],[107.37516,12.30516],[107.37809,12.30071],[107.37663,12.29626],[107.38249,12.29478],[107.38322,12.28737],[107.38835,12.2844],[107.38542,12.27847],[107.38762,12.2755],[107.38615,12.27105],[107.39641,12.26364],[107.39714,12.25622],[107.41179,12.24881],[107.41692,12.23991],[107.42205,12.24584],[107.43377,12.24436],[107.43303,12.25029],[107.44182,12.26364],[107.43816,12.27105],[107.44402,12.27698],[107.44402,12.29182],[107.45354,12.29182],[107.46526,12.29923],[107.46746,12.3111],[107.51141,12.32741],[107.51874,12.33779],[107.52753,12.33927],[107.52826,12.34521],[107.53412,12.34372],[107.53632,12.35114],[107.54438,12.34966],[107.54804,12.36152],[107.54511,12.3719],[107.55463,12.37783],[107.54438,12.3986],[107.54438,12.41639],[107.5517,12.41936],[107.55536,12.43271],[107.56196,12.44161],[107.56269,12.44754],[107.56562,12.44754],[107.56855,12.45496],[107.56562,12.45644],[107.56928,12.46385],[107.56489,12.47127],[107.56855,12.47572],[107.57441,12.4772],[107.5788,12.49352],[107.57661,12.49796],[107.57001,12.50093],[107.56928,12.50686],[107.56708,12.50686],[107.56855,12.51131],[107.56196,12.51576],[107.56196,12.52169],[107.56415,12.52614],[107.57661,12.53356],[107.57514,12.54097],[107.57807,12.54691],[107.58833,12.55432],[107.58979,12.55877],[107.58027,12.5736],[107.58247,12.5914],[107.58613,12.59733],[107.58613,12.60326],[107.58173,12.6092],[107.5854,12.61216],[107.5788,12.62254],[107.57294,12.62551],[107.57441,12.62996],[107.57221,12.64034],[107.57001,12.64034],[107.57001,12.64776],[107.57368,12.64924],[107.57001,12.65666],[107.57148,12.66704],[107.57661,12.67],[107.57587,12.67594],[107.58173,12.6789],[107.58027,12.68187],[107.57807,12.68038],[107.57441,12.69225],[107.57001,12.69225],[107.56708,12.70263],[107.56196,12.70411],[107.55903,12.70856],[107.55829,12.71598],[107.56708,12.72636],[107.56708,12.73229],[107.56269,12.73526],[107.56415,12.74712],[107.55903,12.74712],[107.55903,12.76937],[107.56196,12.77382],[107.55903,12.7842],[107.56342,12.78717],[107.55976,12.79607],[107.57148,12.79755],[107.5832,12.79458],[107.60078,12.80051],[107.6081,12.79607],[107.63301,12.80348],[107.6418,12.79458],[107.65865,12.79903],[107.67623,12.79162],[107.68136,12.7931],[107.68355,12.79013],[107.72164,12.78568],[107.72897,12.78123],[107.74362,12.7842],[107.76047,12.77827],[107.78537,12.77827],[107.79343,12.78123],[107.80295,12.77975],[107.80369,12.78272],[107.80735,12.78272],[107.80662,12.78717],[107.80881,12.7842],[107.81101,12.78568],[107.81028,12.79013],[107.81248,12.78865],[107.81907,12.79162],[107.82346,12.802],[107.83225,12.802],[107.8469,12.81238],[107.86082,12.80051],[107.86229,12.79458],[107.85277,12.77975],[107.85716,12.77085],[107.8557,12.76344],[107.85936,12.75751],[107.86742,12.75009],[107.86961,12.75306],[107.9099,12.74267],[107.9099,12.73526],[107.89672,12.72043],[107.89525,12.71153],[107.91283,12.69225],[107.90551,12.68187],[107.90404,12.67445],[107.91283,12.66555],[107.9143,12.65814],[107.90697,12.65517],[107.90404,12.64924],[107.90697,12.64627],[107.92016,12.64627],[107.91869,12.63441],[107.92235,12.62996],[107.92016,12.61809],[107.92748,12.61809],[107.93041,12.61216],[107.93041,12.59881],[107.93627,12.59585],[107.93554,12.58547],[107.93188,12.57953],[107.91723,12.57805],[107.90111,12.56619],[107.89452,12.5647],[107.89305,12.55877],[107.89745,12.55432],[107.88793,12.54542],[107.88866,12.53801],[107.89452,12.53801],[107.9099,12.52466],[107.9143,12.52763],[107.92748,12.52763],[107.93188,12.52466],[107.9436,12.52614],[107.94726,12.52021],[107.95458,12.52021],[107.97583,12.50538],[107.97876,12.495],[107.99048,12.49203],[107.98975,12.48462],[107.99634,12.4861],[107.99707,12.48017],[108.00073,12.4772],[107.99268,12.4683],[107.99561,12.46534],[107.99194,12.46534],[107.98975,12.45496],[107.98462,12.45199],[107.98462,12.44606],[107.97803,12.44457],[107.96557,12.43567],[107.95312,12.44161],[107.9436,12.44012],[107.94213,12.43567],[107.93554,12.43123],[107.92895,12.43123],[107.93114,12.42529],[107.92821,12.42233],[107.92382,12.42826],[107.92089,12.42678],[107.92309,12.41639],[107.91576,12.41788],[107.91576,12.41491],[107.92602,12.41343],[107.92455,12.40898],[107.91283,12.40453],[107.91137,12.40008],[107.91576,12.39118],[107.92528,12.38822],[107.92016,12.38673],[107.91942,12.3808],[107.92748,12.3808],[107.92821,12.37487],[107.93188,12.37339],[107.93188,12.34372],[107.9436,12.33482],[107.9436,12.32593],[107.94872,12.32444],[107.95312,12.31703],[107.96997,12.3111],[107.97217,12.29775],[107.98022,12.29775],[107.99707,12.30516],[108.00366,12.29626],[108.01319,12.30368],[108.01758,12.29033],[108.03882,12.28885],[108.03956,12.28143],[108.04835,12.2666],[108.05201,12.26512],[108.05347,12.26957],[108.06007,12.26364],[108.06519,12.2666],[108.07252,12.25029],[108.08424,12.24139],[108.08204,12.23397],[108.08717,12.22063],[108.11134,12.1969],[108.11281,12.18355],[108.1194,12.17465],[108.1238,12.17465],[108.13259,12.18207],[108.15383,12.188],[108.15896,12.19393],[108.16628,12.1969],[108.16775,12.188],[108.17287,12.18652],[108.17214,12.1791],[108.17434,12.1791],[108.1758,12.18503],[108.18093,12.18503],[108.1846,12.17465],[108.19119,12.17317],[108.19119,12.17762],[108.19778,12.17762],[108.19705,12.17317],[108.19998,12.1702],[108.20071,12.17317],[108.20804,12.17169],[108.2095,12.1791],[108.21463,12.18355],[108.21829,12.18355],[108.22049,12.17317],[108.22415,12.17169],[108.22415,12.1791],[108.22855,12.18207],[108.23148,12.17613],[108.23807,12.17613],[108.23734,12.16575],[108.23953,12.1613],[108.2432,12.1613],[108.24613,12.16872],[108.25199,12.1702],[108.25565,12.17613],[108.25492,12.1791],[108.25125,12.17613],[108.24832,12.1791],[108.25272,12.18948],[108.26004,12.19097],[108.26004,12.20135],[108.2725,12.20431],[108.27689,12.21469],[108.29521,12.20876],[108.29521,12.20283],[108.2974,12.20283],[108.30033,12.20876],[108.31132,12.21469],[108.31132,12.21766],[108.32231,12.21914],[108.32158,12.22508],[108.33037,12.23101],[108.33989,12.22804],[108.33769,12.23546],[108.33256,12.23546],[108.33623,12.24881],[108.34282,12.24584],[108.34209,12.24881],[108.34721,12.24732],[108.35454,12.25474],[108.36919,12.25474],[108.37212,12.25029],[108.38311,12.24584],[108.3853,12.24139],[108.40508,12.24436],[108.41314,12.24287],[108.4168,12.24881],[108.42706,12.25177],[108.42852,12.25919],[108.44024,12.25029],[108.43658,12.2577],[108.43878,12.2577],[108.44024,12.26364],[108.44317,12.26215],[108.44098,12.2666],[108.44244,12.27847],[108.44537,12.27254],[108.4505,12.27254],[108.45123,12.27698],[108.45856,12.28292],[108.45636,12.2755],[108.46002,12.2755],[108.46588,12.28143],[108.46515,12.29775],[108.46881,12.29626],[108.47174,12.28737],[108.4754,12.2933],[108.47394,12.30071],[108.48346,12.29923],[108.4798,12.30516],[108.482,12.30961],[108.48419,12.30961],[108.48493,12.30516],[108.49225,12.30516],[108.49958,12.29182],[108.49958,12.28292],[108.50544,12.28143],[108.50837,12.27698],[108.51423,12.27698],[108.51569,12.27995],[108.53108,12.27847],[108.53254,12.28143],[108.5362,12.28143],[108.53987,12.28588],[108.53547,12.29033],[108.5406,12.29775],[108.54426,12.29775],[108.54939,12.29182],[108.55232,12.29626],[108.55745,12.29182],[108.56624,12.29182],[108.5699,12.29478],[108.57136,12.29033],[108.57503,12.29182],[108.57503,12.28885],[108.58015,12.28885],[108.57942,12.28588],[108.58968,12.28737],[108.58601,12.28143],[108.58894,12.28292],[108.59041,12.27847],[108.59554,12.2755],[108.60652,12.28143],[108.60872,12.27995],[108.60726,12.28292],[108.61971,12.28143],[108.6241,12.29033],[108.62777,12.28885],[108.62997,12.29182],[108.64169,12.29478],[108.64974,12.2933],[108.66732,12.29923],[108.66879,12.30516],[108.67465,12.30665],[108.67758,12.31406],[108.68197,12.31703],[108.6871,12.31703],[108.6893,12.3111],[108.69443,12.31258],[108.69662,12.30813],[108.70248,12.30813],[108.70834,12.29923],[108.70541,12.29775],[108.70248,12.28885],[108.70322,12.27402],[108.70615,12.26957],[108.70395,12.26215],[108.70761,12.25474],[108.70102,12.24436],[108.70615,12.23397],[108.71567,12.22953],[108.71713,12.22508],[108.7208,12.22508],[108.72373,12.21766],[108.71201,12.19097],[108.71787,12.18652],[108.72226,12.1791],[108.72153,12.17317],[108.72666,12.1702],[108.73178,12.1613],[108.72885,12.1613],[108.72519,12.15537],[108.72153,12.15685],[108.7208,12.15241],[108.71713,12.15537],[108.70468,12.15389],[108.70395,12.14944],[108.69296,12.14647],[108.69589,12.14054],[108.69369,12.13016],[108.6893,12.12719],[108.68564,12.13016],[108.67758,12.12126],[108.67318,12.12274],[108.67392,12.11829],[108.68197,12.11533],[108.69296,12.10495],[108.69516,12.09901],[108.69809,12.09901],[108.69882,12.09456],[108.70395,12.09308],[108.70248,12.08567],[108.70834,12.07973],[108.70688,12.07232],[108.71054,12.06787],[108.71127,12.056],[108.70615,12.04414],[108.70322,12.04117],[108.69443,12.04117],[108.69076,12.02931],[108.68564,12.02634],[108.67978,12.01299],[108.68344,12.0041],[108.68051,11.98482],[108.66146,11.96257],[108.65927,11.95219],[108.66513,11.94774],[108.66513,11.93736],[108.66,11.92698],[108.66366,11.91363],[108.65414,11.89583],[108.6556,11.88545],[108.65048,11.86469],[108.65414,11.85282],[108.65341,11.84244],[108.64022,11.83057],[108.6307,11.83057],[108.62557,11.81278],[108.61898,11.80833],[108.6241,11.79943],[108.63729,11.7935],[108.65267,11.7935],[108.66,11.78905],[108.66879,11.78905],[108.67318,11.7846],[108.66366,11.76235],[108.66659,11.74752],[108.69076,11.73417],[108.69003,11.72676],[108.69589,11.71489],[108.69662,11.706],[108.70175,11.69858],[108.69223,11.6971],[108.68344,11.67485],[108.67758,11.66744],[108.66952,11.66299],[108.66439,11.66744],[108.6578,11.66744],[108.62557,11.65409],[108.62337,11.64964],[108.59407,11.64816],[108.58455,11.64074],[108.57722,11.63926],[108.56257,11.64222],[108.55891,11.63481],[108.55305,11.63184],[108.55159,11.60218],[108.56624,11.58142],[108.57356,11.57697],[108.58162,11.5562],[108.64315,11.55027],[108.6578,11.50578],[108.66293,11.50133],[108.67831,11.47315],[108.70688,11.46277],[108.71713,11.46277],[108.72519,11.47018],[108.76035,11.47018],[108.75669,11.41086],[108.7794,11.39751],[108.79039,11.38565],[108.84459,11.37675],[108.84606,11.36637],[108.85631,11.35599],[108.86584,11.35154],[108.8695,11.3545],[108.87536,11.35302],[108.87463,11.33967],[108.87243,11.33671],[108.8673,11.33671],[108.86657,11.33374]]],[[[109.08559,9.97078],[109.08339,9.97078],[109.08339,9.97523],[109.08559,9.97078]]],[[[108.89733,10.05532],[108.89807,10.05532],[108.89807,10.05384],[108.89733,10.05384],[108.8966,10.05384],[108.89587,10.05532],[108.8966,10.0568],[108.8966,10.05532],[108.89733,10.05532]]],[[[108.96619,10.49728],[108.96985,10.49431],[108.96912,10.49135],[108.96473,10.48838],[108.96619,10.48541],[108.96253,10.48541],[108.96033,10.48838],[108.96399,10.48986],[108.96253,10.4958],[108.96619,10.49728]]],[[[108.94495,10.55364],[108.95154,10.55215],[108.9552,10.54474],[108.9574,10.54622],[108.9552,10.53881],[108.96033,10.53287],[108.95667,10.53139],[108.95813,10.52397],[108.96839,10.51656],[108.96912,10.50914],[108.96399,10.50766],[108.96326,10.50469],[108.94934,10.50321],[108.93542,10.51063],[108.93469,10.51359],[108.93103,10.51359],[108.92297,10.54919],[108.92883,10.55512],[108.93323,10.55215],[108.94495,10.55364]]],[[[108.95813,10.55215],[108.9574,10.55067],[108.95667,10.55215],[108.95813,10.55364],[108.95887,10.55512],[108.9596,10.55512],[108.9596,10.55364],[108.9596,10.55215],[108.95887,10.55215],[108.95813,10.55215]]],[[[108.95374,10.5566],[108.95227,10.55809],[108.9552,10.55809],[108.95374,10.5566]]],[[[107.80222,10.65004],[107.80149,10.653],[107.80369,10.653],[107.80222,10.65004]]],[[[107.99341,10.69453],[107.98975,10.69601],[107.99341,10.6975],[107.99341,10.69453]]],[[[108.30033,10.90809],[108.2996,10.90958],[108.29887,10.90958],[108.2996,10.90958],[108.2996,10.91106],[108.30033,10.91106],[108.30107,10.90958],[108.3018,10.90958],[108.30107,10.90809],[108.30033,10.90809]]],[[[108.56038,11.17505],[108.55671,11.1795],[108.55964,11.1795],[108.56038,11.17505]]],[[[108.83434,11.22844],[108.82994,11.22103],[108.82555,11.22399],[108.82042,11.22251],[108.82188,11.22844],[108.82921,11.22844],[108.83141,11.23141],[108.83434,11.23141],[108.83434,11.22844]]]]}},{"type":"Feature","properties":{"id":"dak-lak","name":"Đắk Lắk","type":"Tỉnh","region":"Tây Nguyên - Nam Trung Bộ","mergedFrom":["Phú Yên","Đắk Lắk"],"areaKm2":18096.4,"population":3346853},"geometry":{"type":"MultiPolygon","coordinates":[[[[109.39251,12.82573],[109.39105,12.83018],[109.39471,12.83463],[109.39764,12.83166],[109.39251,12.82573]]],[[[109.41303,12.95031],[109.41229,12.94586],[109.39911,12.94289],[109.41303,12.95031]]],[[[109.32219,13.16684],[109.32073,13.16684],[109.32073,13.16832],[109.32146,13.1698],[109.32219,13.1698],[109.32293,13.16832],[109.32366,13.16832],[109.32366,13.16684],[109.32293,13.16684],[109.32219,13.16684]]],[[[109.3134,13.18019],[109.31414,13.17277],[109.31121,13.17277],[109.30974,13.18019],[109.3134,13.18019]]],[[[109.26066,13.28104],[109.25773,13.28104],[109.25846,13.28548],[109.26359,13.28548],[109.26359,13.28104],[109.26066,13.28104]]],[[[109.33831,13.28252],[109.34197,13.284],[109.34124,13.27659],[109.33172,13.2751],[109.32805,13.28697],[109.33318,13.28845],[109.33831,13.28252]]],[[[109.29143,13.29735],[109.29143,13.29587],[109.29069,13.29587],[109.29069,13.29735],[109.28996,13.29735],[109.28923,13.29883],[109.2885,13.29883],[109.2885,13.30032],[109.28776,13.3018],[109.28776,13.30328],[109.28703,13.30328],[109.2863,13.30476],[109.28703,13.30476],[109.28776,13.30476],[109.28776,13.30328],[109.2885,13.30328],[109.2885,13.3018],[109.28996,13.3018],[109.28996,13.30032],[109.29069,13.29883],[109.29143,13.29735]]],[[[109.2841,13.31218],[109.28117,13.32998],[109.2863,13.33591],[109.2819,13.32701],[109.2841,13.31218]]],[[[109.28117,13.37892],[109.28044,13.37892],[109.27971,13.3804],[109.28044,13.3804],[109.28117,13.3804],[109.2819,13.38189],[109.2819,13.3804],[109.28117,13.37892]]],[[[109.24674,13.39672],[109.24015,13.39375],[109.24162,13.39672],[109.24674,13.39672]]],[[[109.22916,13.41748],[109.2277,13.42045],[109.2299,13.42045],[109.22916,13.41748]]],[[[109.24162,13.47384],[109.24162,13.47235],[109.24088,13.47235],[109.24015,13.47235],[109.24088,13.47384],[109.24015,13.47384],[109.24088,13.47384],[109.24162,13.47384],[109.24162,13.47532],[109.24235,13.47532],[109.24235,13.47384],[109.24162,13.47384]]],[[[109.27092,13.52574],[109.27092,13.52426],[109.27165,13.52426],[109.27092,13.52426],[109.27165,13.52426],[109.27238,13.52426],[109.27311,13.52426],[109.27311,13.52278],[109.27238,13.52278],[109.27311,13.52278],[109.27238,13.52278],[109.27238,13.5213],[109.27165,13.5213],[109.27165,13.52278],[109.27092,13.52278],[109.27092,13.52426],[109.27018,13.52426],[109.27092,13.52574]]],[[[109.26213,13.62659],[109.26286,13.62659],[109.26359,13.62659],[109.26286,13.62659],[109.26213,13.62659],[109.26286,13.62659],[109.26286,13.62511],[109.26213,13.62511],[109.26139,13.62511],[109.26139,13.62659],[109.26066,13.62659],[109.26139,13.62659],[109.26139,13.62808],[109.26213,13.62659]]],[[[108.68124,12.99777],[108.69296,13.01705],[108.7142,13.01705],[108.75596,13.03336],[108.7501,13.09417],[108.75962,13.11641],[108.76841,13.11641],[108.76768,13.12383],[108.76035,13.12383],[108.75816,13.12679],[108.76109,13.13569],[108.76914,13.13421],[108.7772,13.13718],[108.77647,13.14756],[108.7816,13.14607],[108.78306,13.14162],[108.78672,13.14162],[108.79112,13.14756],[108.79258,13.14162],[108.79551,13.14162],[108.79625,13.15201],[108.80357,13.15201],[108.80284,13.14607],[108.80504,13.14607],[108.80797,13.15497],[108.8109,13.15497],[108.81309,13.15942],[108.81969,13.15794],[108.82408,13.15349],[108.82481,13.16091],[108.82848,13.16535],[108.8402,13.16239],[108.84239,13.16535],[108.83873,13.17129],[108.84459,13.17574],[108.84532,13.18315],[108.84972,13.18019],[108.84826,13.19057],[108.85485,13.19353],[108.84752,13.20243],[108.85119,13.20836],[108.84972,13.21726],[108.86291,13.22616],[108.87023,13.24544],[108.87096,13.25434],[108.86803,13.26324],[108.87316,13.27955],[108.8717,13.284],[108.86803,13.28845],[108.85998,13.28697],[108.8402,13.31811],[108.8402,13.32404],[108.82774,13.33591],[108.82555,13.34332],[108.82188,13.34332],[108.81456,13.35371],[108.8087,13.35667],[108.81016,13.36112],[108.80577,13.36705],[108.8065,13.37744],[108.8043,13.3804],[108.8043,13.39227],[108.80723,13.39375],[108.8043,13.42193],[108.80577,13.43676],[108.79991,13.44714],[108.79625,13.44714],[108.79625,13.45307],[108.78965,13.45307],[108.79185,13.46346],[108.79551,13.46494],[108.79405,13.47384],[108.78892,13.4679],[108.77793,13.4679],[108.76402,13.46346],[108.75962,13.46494],[108.75742,13.45901],[108.7501,13.46346],[108.7457,13.45752],[108.73471,13.45752],[108.72812,13.46346],[108.7142,13.46346],[108.71201,13.46642],[108.71494,13.47384],[108.70908,13.4768],[108.70834,13.48274],[108.70322,13.4857],[108.70908,13.49905],[108.71347,13.50202],[108.71347,13.51833],[108.72739,13.51981],[108.72739,13.52426],[108.73105,13.52574],[108.73471,13.53464],[108.73252,13.54058],[108.73618,13.54947],[108.73984,13.55096],[108.74058,13.55689],[108.74717,13.55541],[108.74863,13.56727],[108.75669,13.56282],[108.76841,13.56134],[108.77427,13.57024],[108.78086,13.56875],[108.78453,13.57765],[108.81456,13.57765],[108.81602,13.57172],[108.82701,13.56431],[108.84459,13.56431],[108.84972,13.56875],[108.85558,13.55392],[108.86364,13.55244],[108.8695,13.54651],[108.86657,13.54058],[108.8673,13.53464],[108.88488,13.53613],[108.89367,13.54058],[108.90393,13.53761],[108.90686,13.54206],[108.91491,13.54206],[108.92151,13.54058],[108.93176,13.53168],[108.93542,13.53316],[108.93689,13.53019],[108.94421,13.52871],[108.94421,13.52574],[108.94861,13.52723],[108.95813,13.51536],[108.9618,13.51833],[108.99403,13.51685],[108.99696,13.52278],[109.01893,13.52574],[109.02919,13.53168],[109.03212,13.53464],[109.03285,13.54354],[109.04091,13.54799],[109.04457,13.55986],[109.0497,13.56134],[109.05263,13.56875],[109.08486,13.56875],[109.08632,13.57172],[109.09438,13.5732],[109.10024,13.58359],[109.10683,13.58803],[109.11636,13.58507],[109.11782,13.58655],[109.11269,13.591],[109.11709,13.60287],[109.11489,13.61473],[109.12588,13.62066],[109.12661,13.62363],[109.12588,13.62808],[109.11782,13.63549],[109.11929,13.64143],[109.12148,13.64439],[109.13247,13.64143],[109.14346,13.62956],[109.14712,13.63401],[109.15225,13.63401],[109.15371,13.64736],[109.15078,13.65626],[109.15664,13.67257],[109.15445,13.67405],[109.15591,13.6785],[109.1647,13.67702],[109.16836,13.68295],[109.18228,13.68295],[109.18668,13.6874],[109.18595,13.69037],[109.19693,13.69482],[109.20279,13.69333],[109.20865,13.67999],[109.21232,13.6785],[109.21818,13.68147],[109.22697,13.6785],[109.23283,13.6696],[109.23136,13.66071],[109.23356,13.65477],[109.23209,13.65181],[109.22916,13.65329],[109.2299,13.64439],[109.2255,13.64439],[109.2255,13.64143],[109.24088,13.61028],[109.26652,13.58062],[109.2819,13.57172],[109.2863,13.57172],[109.28996,13.57617],[109.29875,13.56875],[109.29069,13.56875],[109.28996,13.55986],[109.28557,13.55541],[109.27897,13.55541],[109.28044,13.55096],[109.27678,13.54651],[109.27824,13.53613],[109.28044,13.53168],[109.28483,13.53316],[109.28776,13.52871],[109.27897,13.52574],[109.26872,13.53316],[109.27531,13.53761],[109.27531,13.54206],[109.27018,13.54354],[109.27458,13.54799],[109.27238,13.55689],[109.26945,13.55986],[109.26139,13.55986],[109.25773,13.56875],[109.24601,13.5732],[109.24455,13.58507],[109.23869,13.59545],[109.23356,13.59545],[109.22623,13.61325],[109.22257,13.63846],[109.21158,13.63104],[109.21085,13.63698],[109.21378,13.63846],[109.21378,13.64291],[109.21012,13.64884],[109.20646,13.64884],[109.20426,13.64587],[109.20572,13.63698],[109.2006,13.62363],[109.21671,13.61621],[109.23209,13.59397],[109.23942,13.58952],[109.24088,13.5732],[109.24674,13.56875],[109.24455,13.55541],[109.26872,13.55541],[109.26725,13.55244],[109.26066,13.55244],[109.25334,13.54651],[109.25334,13.53613],[109.25041,13.53464],[109.24748,13.52574],[109.25627,13.51981],[109.26799,13.51833],[109.27824,13.51091],[109.2885,13.50943],[109.29509,13.51388],[109.29069,13.52723],[109.29582,13.52723],[109.30168,13.52278],[109.30242,13.50646],[109.29802,13.5124],[109.28923,13.50646],[109.28776,13.49608],[109.29216,13.48274],[109.30242,13.4679],[109.30754,13.46494],[109.31926,13.46642],[109.31926,13.47235],[109.32366,13.47532],[109.33025,13.46939],[109.33098,13.46346],[109.32586,13.46197],[109.32512,13.46494],[109.32073,13.46494],[109.31633,13.45901],[109.3156,13.45159],[109.32,13.44269],[109.31414,13.44269],[109.31047,13.43824],[109.31267,13.43231],[109.31047,13.42934],[109.31121,13.41303],[109.30242,13.416],[109.30461,13.41155],[109.29949,13.41303],[109.29875,13.40413],[109.29509,13.40413],[109.29289,13.40858],[109.29436,13.41451],[109.29216,13.41748],[109.28923,13.41748],[109.29069,13.41303],[109.2863,13.416],[109.27238,13.416],[109.26799,13.41155],[109.26506,13.41451],[109.26652,13.42193],[109.26432,13.42045],[109.25846,13.42786],[109.26432,13.43528],[109.27678,13.43528],[109.2841,13.44862],[109.28557,13.44566],[109.28996,13.44566],[109.29363,13.45456],[109.2863,13.46346],[109.28117,13.46049],[109.27897,13.46197],[109.26652,13.47977],[109.25187,13.48274],[109.24821,13.49015],[109.24308,13.49312],[109.24088,13.49163],[109.24308,13.48718],[109.23136,13.48422],[109.22916,13.47829],[109.23209,13.47829],[109.23356,13.47087],[109.22184,13.45752],[109.22477,13.45752],[109.22404,13.45307],[109.21964,13.44862],[109.22257,13.44566],[109.22184,13.44121],[109.22697,13.43824],[109.22843,13.43083],[109.23649,13.43231],[109.23869,13.42786],[109.23283,13.42341],[109.2277,13.42638],[109.22404,13.41896],[109.21964,13.41896],[109.22037,13.41451],[109.23136,13.41303],[109.2277,13.39672],[109.22037,13.39672],[109.21671,13.40265],[109.21378,13.40265],[109.21598,13.39968],[109.21305,13.3982],[109.21671,13.3982],[109.21525,13.39375],[109.21891,13.39375],[109.22257,13.3893],[109.23136,13.39227],[109.24455,13.3893],[109.24821,13.36854],[109.25773,13.35816],[109.26799,13.35816],[109.27018,13.36557],[109.29509,13.36409],[109.29729,13.35667],[109.29069,13.35074],[109.29509,13.34184],[109.29875,13.34184],[109.29949,13.33443],[109.29363,13.33294],[109.29216,13.33591],[109.2841,13.33739],[109.27897,13.32553],[109.27971,13.31515],[109.29143,13.28993],[109.29069,13.284],[109.2863,13.284],[109.27604,13.30625],[109.26872,13.30921],[109.27018,13.31366],[109.26725,13.31663],[109.26286,13.31515],[109.2592,13.30921],[109.26506,13.30328],[109.26725,13.2929],[109.26066,13.29142],[109.25846,13.28697],[109.257,13.28993],[109.24748,13.28993],[109.25627,13.28548],[109.25627,13.27955],[109.26066,13.2751],[109.257,13.26769],[109.26066,13.2662],[109.26213,13.27065],[109.26432,13.26917],[109.26506,13.26472],[109.26213,13.26176],[109.26432,13.25582],[109.26213,13.25434],[109.26725,13.24692],[109.27165,13.24692],[109.27018,13.23951],[109.27458,13.23951],[109.27678,13.24989],[109.28044,13.24841],[109.27897,13.24099],[109.28117,13.23358],[109.2841,13.23358],[109.2863,13.24989],[109.27751,13.26917],[109.27824,13.28252],[109.28264,13.27955],[109.28923,13.28104],[109.29436,13.28548],[109.29509,13.28993],[109.30022,13.28104],[109.30242,13.28252],[109.30461,13.27807],[109.30974,13.27659],[109.3178,13.25434],[109.30901,13.24989],[109.30388,13.25137],[109.30242,13.23803],[109.30754,13.22913],[109.30535,13.22616],[109.30022,13.22616],[109.29729,13.21875],[109.29289,13.21578],[109.29509,13.1965],[109.30168,13.19353],[109.30608,13.1876],[109.30168,13.1876],[109.29875,13.18315],[109.29289,13.16684],[109.29289,13.14756],[109.29582,13.13718],[109.31121,13.11048],[109.33391,13.08378],[109.34051,13.06599],[109.37127,13.01408],[109.39837,12.98145],[109.39032,12.98887],[109.4057,12.96514],[109.41962,12.95179],[109.41083,12.95179],[109.39618,12.94141],[109.40424,12.94141],[109.41522,12.94586],[109.42328,12.94289],[109.42694,12.94586],[109.4035,12.97107],[109.39984,12.977],[109.4013,12.97849],[109.42621,12.94882],[109.43134,12.94734],[109.42987,12.93696],[109.44233,12.91916],[109.44526,12.9162],[109.45551,12.91471],[109.45258,12.8984],[109.45844,12.8984],[109.45478,12.88802],[109.45917,12.88208],[109.45185,12.87912],[109.45331,12.85984],[109.43793,12.85687],[109.42841,12.84649],[109.41962,12.84797],[109.42768,12.86132],[109.43354,12.8628],[109.43793,12.87022],[109.43793,12.8806],[109.42768,12.8806],[109.42328,12.87615],[109.41889,12.87764],[109.42035,12.8717],[109.4013,12.86725],[109.4035,12.85836],[109.39837,12.85242],[109.39251,12.85094],[109.39105,12.84352],[109.3764,12.85539],[109.37567,12.85984],[109.36688,12.86874],[109.36395,12.85984],[109.35296,12.85836],[109.34417,12.84797],[109.33245,12.84946],[109.32879,12.84056],[109.32219,12.83611],[109.31926,12.83611],[109.31707,12.84352],[109.31047,12.83907],[109.30022,12.84056],[109.29729,12.83611],[109.28776,12.83166],[109.28044,12.83463],[109.27092,12.83166],[109.26872,12.83463],[109.25627,12.83759],[109.25334,12.83611],[109.2548,12.83314],[109.2299,12.81238],[109.21891,12.81979],[109.21671,12.82721],[109.21012,12.83018],[109.18888,12.82721],[109.18155,12.83018],[109.17862,12.82573],[109.16836,12.82721],[109.1647,12.82424],[109.1625,12.81535],[109.15811,12.81386],[109.15738,12.80793],[109.14199,12.78123],[109.13906,12.78123],[109.12661,12.79607],[109.11855,12.79903],[109.11782,12.79013],[109.10976,12.77975],[109.10903,12.77234],[109.10464,12.77085],[109.10097,12.76492],[109.09292,12.76195],[109.09365,12.75009],[109.08779,12.74267],[109.0812,12.74267],[109.06801,12.75306],[109.06215,12.74416],[109.05116,12.74712],[109.04603,12.74416],[109.04164,12.74564],[109.03944,12.74416],[109.03944,12.73526],[109.02552,12.73526],[109.01966,12.72933],[109.01527,12.72933],[109.01454,12.72636],[109.02113,12.72191],[109.01747,12.72191],[109.01527,12.71746],[109.01087,12.71894],[109.00355,12.71153],[108.98743,12.70263],[108.99183,12.69077],[108.98011,12.68187],[108.98377,12.67297],[108.98231,12.64776],[108.97498,12.63737],[108.97498,12.63441],[108.98377,12.62699],[108.96619,12.59881],[108.95154,12.6003],[108.93616,12.60771],[108.93103,12.60178],[108.91491,12.59585],[108.90393,12.58398],[108.89367,12.57953],[108.89733,12.5647],[108.89514,12.56322],[108.8944,12.54987],[108.89221,12.54542],[108.88268,12.54097],[108.87463,12.52614],[108.87902,12.51576],[108.87389,12.50983],[108.87463,12.50538],[108.86071,12.49352],[108.87975,12.47868],[108.87682,12.4683],[108.8717,12.46682],[108.8695,12.45644],[108.8717,12.45199],[108.8651,12.45199],[108.85631,12.45792],[108.85192,12.45644],[108.84899,12.46237],[108.8402,12.46237],[108.8358,12.46979],[108.82848,12.46979],[108.82555,12.47424],[108.82188,12.47424],[108.82262,12.47868],[108.81163,12.48462],[108.8065,12.48017],[108.80064,12.48017],[108.79698,12.48462],[108.79918,12.49055],[108.79478,12.49796],[108.78379,12.50093],[108.78013,12.50538],[108.76988,12.50241],[108.76621,12.49796],[108.75303,12.49796],[108.7501,12.48017],[108.73618,12.4772],[108.71494,12.48313],[108.70248,12.47424],[108.70029,12.46089],[108.69003,12.45199],[108.67099,12.42529],[108.67831,12.41491],[108.68197,12.41491],[108.67538,12.40156],[108.68051,12.39118],[108.68783,12.3897],[108.68564,12.37932],[108.6915,12.37339],[108.68857,12.363],[108.68271,12.36004],[108.67904,12.34817],[108.68564,12.32296],[108.67758,12.31406],[108.67611,12.30813],[108.66879,12.30516],[108.66732,12.29923],[108.64974,12.2933],[108.64169,12.29478],[108.62997,12.29182],[108.62777,12.28885],[108.6241,12.29033],[108.61971,12.28143],[108.60726,12.28292],[108.60872,12.27995],[108.60652,12.28143],[108.59627,12.2755],[108.59041,12.27847],[108.58894,12.28292],[108.58601,12.28143],[108.58968,12.28737],[108.57942,12.28588],[108.58015,12.28885],[108.57503,12.28885],[108.57503,12.29182],[108.57136,12.29033],[108.5699,12.29478],[108.56624,12.29182],[108.55745,12.29182],[108.55232,12.29626],[108.54939,12.29182],[108.54426,12.29775],[108.5406,12.29775],[108.53547,12.29033],[108.53987,12.28588],[108.5362,12.28143],[108.53254,12.28143],[108.53108,12.27847],[108.51569,12.27995],[108.51423,12.27698],[108.50837,12.27698],[108.50544,12.28143],[108.49958,12.28292],[108.49958,12.29182],[108.49225,12.30516],[108.48493,12.30516],[108.48419,12.30961],[108.482,12.30961],[108.4798,12.30516],[108.48346,12.29923],[108.47394,12.30071],[108.4754,12.2933],[108.47174,12.28737],[108.46881,12.29626],[108.46515,12.29775],[108.46588,12.28143],[108.46002,12.2755],[108.45636,12.2755],[108.45856,12.28292],[108.45123,12.27698],[108.4505,12.27254],[108.44537,12.27254],[108.44244,12.27847],[108.44098,12.2666],[108.44317,12.26215],[108.44024,12.26364],[108.43878,12.2577],[108.43658,12.2577],[108.44024,12.25029],[108.42852,12.25919],[108.42706,12.25177],[108.4168,12.24881],[108.41314,12.24287],[108.40508,12.24436],[108.3853,12.24139],[108.38311,12.24584],[108.37212,12.25029],[108.36919,12.25474],[108.35454,12.25474],[108.34721,12.24732],[108.34209,12.24881],[108.34282,12.24584],[108.33623,12.24881],[108.33256,12.23546],[108.33769,12.23546],[108.33989,12.22804],[108.33037,12.23101],[108.32158,12.22508],[108.32231,12.21914],[108.31132,12.21766],[108.31132,12.21469],[108.30033,12.20876],[108.2974,12.20283],[108.29521,12.20283],[108.29521,12.20876],[108.27689,12.21469],[108.2725,12.20431],[108.26004,12.20135],[108.26004,12.19097],[108.25272,12.18948],[108.24832,12.1791],[108.24906,12.17613],[108.25492,12.1791],[108.25565,12.17613],[108.25199,12.1702],[108.24613,12.16872],[108.2432,12.1613],[108.23953,12.1613],[108.23734,12.16575],[108.23807,12.17613],[108.23148,12.17613],[108.22855,12.18207],[108.22415,12.1791],[108.22415,12.17169],[108.22049,12.17317],[108.21829,12.18355],[108.21463,12.18355],[108.2095,12.1791],[108.20804,12.17169],[108.20071,12.17317],[108.19998,12.1702],[108.19705,12.17317],[108.19778,12.17762],[108.19119,12.17762],[108.19119,12.17317],[108.1846,12.17465],[108.18093,12.18503],[108.1758,12.18503],[108.17434,12.1791],[108.17214,12.1791],[108.17287,12.18652],[108.16775,12.188],[108.16628,12.1969],[108.15896,12.19393],[108.15383,12.188],[108.13259,12.18207],[108.1238,12.17465],[108.1194,12.17465],[108.11281,12.18355],[108.11134,12.1969],[108.08717,12.22063],[108.08204,12.23397],[108.08424,12.24139],[108.07252,12.25029],[108.06519,12.2666],[108.06007,12.26364],[108.05494,12.26957],[108.05201,12.26512],[108.04835,12.2666],[108.03956,12.28143],[108.03882,12.28885],[108.01758,12.29033],[108.01319,12.30368],[108.00366,12.29626],[107.99707,12.30516],[107.98022,12.29775],[107.97217,12.29775],[107.96997,12.3111],[107.95312,12.31703],[107.94872,12.32444],[107.9436,12.32593],[107.9436,12.33482],[107.93188,12.34372],[107.93188,12.37339],[107.92821,12.37487],[107.92748,12.3808],[107.91942,12.3808],[107.92016,12.38673],[107.92528,12.38822],[107.91576,12.39118],[107.91137,12.40008],[107.91283,12.40453],[107.92455,12.40898],[107.92602,12.41343],[107.91576,12.41491],[107.91576,12.41788],[107.92309,12.41639],[107.92089,12.42678],[107.92382,12.42826],[107.92821,12.42233],[107.93114,12.42529],[107.92895,12.43123],[107.93554,12.43123],[107.94213,12.43567],[107.9436,12.44012],[107.95312,12.44161],[107.96557,12.43567],[107.97803,12.44457],[107.98462,12.44606],[107.98462,12.45199],[107.98975,12.45496],[107.99194,12.46534],[107.99561,12.46534],[107.99268,12.4683],[108.00073,12.4772],[107.99707,12.48017],[107.99634,12.4861],[107.98975,12.48462],[107.99048,12.49203],[107.97876,12.495],[107.97583,12.50538],[107.95458,12.52021],[107.94726,12.52021],[107.9436,12.52614],[107.93188,12.52466],[107.92748,12.52763],[107.9143,12.52763],[107.9099,12.52466],[107.89452,12.53801],[107.88866,12.53801],[107.88793,12.54542],[107.89745,12.55432],[107.89305,12.55877],[107.89452,12.5647],[107.90111,12.56619],[107.91723,12.57805],[107.93188,12.57953],[107.93554,12.58547],[107.93627,12.59585],[107.93041,12.59881],[107.93041,12.61216],[107.92748,12.61809],[107.92016,12.61809],[107.92235,12.62699],[107.91869,12.63441],[107.92016,12.64627],[107.90697,12.64627],[107.90404,12.64924],[107.90697,12.65517],[107.9143,12.65814],[107.91283,12.66555],[107.90404,12.67445],[107.90551,12.68187],[107.91283,12.69225],[107.89525,12.71153],[107.89672,12.72043],[107.9099,12.73526],[107.9099,12.74267],[107.86961,12.75306],[107.86742,12.75009],[107.85936,12.75751],[107.8557,12.76344],[107.85716,12.77085],[107.85277,12.77975],[107.86229,12.79607],[107.86082,12.80051],[107.84764,12.81238],[107.83225,12.802],[107.82346,12.802],[107.81907,12.79162],[107.81248,12.78865],[107.81028,12.79013],[107.81101,12.78568],[107.80881,12.7842],[107.80662,12.78717],[107.80735,12.78272],[107.80369,12.78272],[107.80295,12.77975],[107.79343,12.78123],[107.78537,12.77827],[107.76047,12.77827],[107.74362,12.7842],[107.72897,12.78123],[107.72164,12.78568],[107.68355,12.79013],[107.68136,12.7931],[107.67623,12.79162],[107.65865,12.79903],[107.6418,12.79458],[107.63301,12.80348],[107.6081,12.79607],[107.60298,12.79755],[107.60224,12.80051],[107.5832,12.79458],[107.57148,12.79755],[107.55976,12.79607],[107.55756,12.80496],[107.55243,12.80645],[107.55463,12.81683],[107.5517,12.81831],[107.5517,12.82276],[107.54584,12.82128],[107.54071,12.83463],[107.53119,12.84056],[107.52753,12.83907],[107.52167,12.85391],[107.51214,12.85687],[107.51214,12.86874],[107.50482,12.87022],[107.49896,12.87764],[107.49749,12.89247],[107.49237,12.89395],[107.49163,12.89692],[107.49676,12.90285],[107.49603,12.91026],[107.49969,12.91026],[107.50189,12.9162],[107.49603,12.91916],[107.49603,12.92361],[107.49237,12.92509],[107.49603,12.92954],[107.4931,12.93696],[107.48431,12.94289],[107.48577,12.94882],[107.48797,12.94882],[107.48651,12.96069],[107.49017,12.96365],[107.48797,12.96959],[107.49383,12.97255],[107.50189,12.97107],[107.50482,12.97404],[107.49676,12.9859],[107.49896,12.99777],[107.4909,13.00073],[107.4909,13.02001],[107.49383,13.02298],[107.49017,13.03484],[107.49676,13.05264],[107.60737,13.30625],[107.61543,13.30921],[107.61616,13.31366],[107.62422,13.31663],[107.62862,13.31515],[107.63008,13.32256],[107.6396,13.32404],[107.64034,13.32998],[107.64913,13.32701],[107.64913,13.34184],[107.65425,13.34184],[107.66304,13.35074],[107.67183,13.34926],[107.67476,13.35816],[107.68062,13.35964],[107.68429,13.36409],[107.68941,13.36112],[107.69088,13.36854],[107.69601,13.37299],[107.70626,13.37447],[107.70846,13.37002],[107.71212,13.37002],[107.71212,13.37299],[107.71725,13.37447],[107.72018,13.36854],[107.72604,13.36854],[107.72824,13.36557],[107.73776,13.36705],[107.73923,13.36409],[107.74728,13.36261],[107.75095,13.36409],[107.75168,13.37002],[107.759,13.36854],[107.7634,13.3715],[107.76193,13.36705],[107.76486,13.36409],[107.76853,13.37002],[107.77219,13.36854],[107.77512,13.37299],[107.78464,13.37447],[107.79123,13.38189],[107.79929,13.3804],[107.79709,13.38782],[107.80076,13.39375],[107.81101,13.39523],[107.81614,13.39227],[107.83299,13.39672],[107.83885,13.40117],[107.85057,13.3893],[107.87181,13.39375],[107.8828,13.39078],[107.88573,13.38485],[107.9077,13.3893],[107.92089,13.37892],[107.9392,13.37595],[107.94286,13.37299],[107.9436,13.3804],[107.94872,13.3804],[107.94946,13.38633],[107.95532,13.38485],[107.95751,13.3804],[107.96704,13.3804],[107.9685,13.38337],[107.98096,13.38337],[107.97949,13.3893],[107.98169,13.39227],[107.98975,13.39227],[107.99121,13.3893],[107.9978,13.39078],[108,13.38633],[108.00952,13.3804],[108.01392,13.38633],[108.02124,13.38633],[108.02637,13.39523],[108.03296,13.39523],[108.03516,13.40265],[108.04395,13.39968],[108.05201,13.41303],[108.0564,13.41155],[108.05567,13.4071],[108.06373,13.40858],[108.06373,13.40561],[108.06886,13.41006],[108.07179,13.39968],[108.07618,13.40413],[108.07985,13.40413],[108.08058,13.39968],[108.08864,13.40858],[108.09523,13.4071],[108.09743,13.41006],[108.10695,13.41155],[108.10988,13.416],[108.11501,13.416],[108.12306,13.41006],[108.13039,13.41155],[108.13625,13.4071],[108.14284,13.40858],[108.15017,13.39968],[108.16115,13.40117],[108.16408,13.39375],[108.17361,13.39227],[108.17727,13.38337],[108.17947,13.38485],[108.18386,13.3804],[108.18899,13.38189],[108.19778,13.37892],[108.20218,13.37299],[108.20877,13.37595],[108.21243,13.36854],[108.21976,13.37299],[108.22342,13.37002],[108.2388,13.37299],[108.241,13.36854],[108.25785,13.36854],[108.26371,13.37299],[108.28202,13.36112],[108.28788,13.35074],[108.29667,13.35222],[108.31132,13.34629],[108.31498,13.34777],[108.33696,13.33739],[108.34648,13.33888],[108.34575,13.33146],[108.35234,13.32998],[108.35527,13.31515],[108.36186,13.31515],[108.37212,13.30328],[108.36846,13.3018],[108.36846,13.29438],[108.37285,13.28845],[108.37139,13.26769],[108.37578,13.26769],[108.38384,13.25879],[108.39263,13.25582],[108.39922,13.25582],[108.40362,13.26027],[108.40728,13.25879],[108.41021,13.24841],[108.4212,13.24099],[108.41754,13.23803],[108.41754,13.23209],[108.42193,13.22616],[108.41754,13.22468],[108.41607,13.22023],[108.4212,13.21133],[108.42266,13.19798],[108.43658,13.18019],[108.46368,13.16239],[108.46002,13.15349],[108.46588,13.14756],[108.46368,13.14162],[108.46954,13.14014],[108.46735,13.13569],[108.46002,13.13421],[108.45636,13.12828],[108.46075,13.11938],[108.46442,13.11641],[108.47321,13.1179],[108.47833,13.11345],[108.48712,13.11196],[108.49225,13.10751],[108.49225,13.10306],[108.48786,13.09862],[108.49591,13.09565],[108.49958,13.08378],[108.50837,13.08082],[108.51423,13.07192],[108.51789,13.0734],[108.51716,13.06747],[108.52082,13.06302],[108.51643,13.06006],[108.51056,13.04671],[108.51349,13.04077],[108.51056,13.03633],[108.51569,13.03336],[108.53913,13.03188],[108.56624,13.02001],[108.57796,13.02891],[108.59187,13.02891],[108.60066,13.01705],[108.60726,13.01705],[108.61385,13.00666],[108.61824,13.01111],[108.62264,13.00815],[108.64462,13.01111],[108.6556,12.99925],[108.66952,13.0037],[108.67538,12.99628],[108.68124,12.99777]]]]}},{"type":"Feature","properties":{"id":"ho-chi-minh-city","name":"Thành phố Hồ Chí Minh","type":"Thành phố","region":"Đông Nam Bộ","mergedFrom":["Thành phố Hồ Chí Minh","Bà Rịa - Vũng Tàu","Bình Dương"],"areaKm2":6772.59,"population":14002598},"geometry":{"type":"MultiPolygon","coordinates":[[[[106.97155,10.45279],[106.96862,10.45427],[106.97301,10.45724],[106.97155,10.45279]]],[[[106.97741,10.47058],[106.97521,10.46762],[106.97668,10.4602],[106.97301,10.45724],[106.97228,10.4691],[106.97668,10.47355],[106.97741,10.47058]]],[[[106.98473,10.4869],[106.9884,10.48096],[106.984,10.478],[106.98473,10.4869]]],[[[106.98986,10.50469],[106.99279,10.49876],[106.98473,10.48838],[106.98327,10.49876],[106.98986,10.50469]]],[[[106.82651,10.49876],[106.8331,10.4958],[106.84409,10.50469],[106.85068,10.49283],[106.86314,10.49283],[106.86533,10.4869],[106.85874,10.47503],[106.8624,10.46613],[106.86973,10.46317],[106.86973,10.4602],[106.85728,10.45427],[106.84922,10.45427],[106.83896,10.46168],[106.82578,10.46168],[106.82431,10.47058],[106.81772,10.47207],[106.81479,10.4691],[106.81625,10.46317],[106.81406,10.4602],[106.806,10.45872],[106.80307,10.46762],[106.79648,10.47503],[106.79721,10.478],[106.80307,10.47652],[106.806,10.47948],[106.79941,10.48986],[106.8016,10.49283],[106.81772,10.49431],[106.82285,10.50618],[106.82651,10.49876]]],[[[106.91954,10.52842],[106.94298,10.51804],[106.94811,10.48541],[106.94444,10.48541],[106.94225,10.48986],[106.94225,10.48245],[106.93419,10.478],[106.92613,10.48096],[106.92393,10.47503],[106.921,10.47503],[106.91661,10.4869],[106.91002,10.49135],[106.90855,10.47948],[106.90416,10.47652],[106.89903,10.4869],[106.89097,10.48986],[106.8983,10.48986],[106.8983,10.49431],[106.8917,10.4958],[106.89463,10.49728],[106.8983,10.49431],[106.89976,10.49728],[106.89024,10.49728],[106.89024,10.49431],[106.89756,10.49135],[106.8917,10.49135],[106.88951,10.48838],[106.89903,10.48541],[106.90416,10.47503],[106.91002,10.47948],[106.91148,10.48986],[106.91954,10.47355],[106.92467,10.47355],[106.9276,10.47948],[106.92979,10.47652],[106.93419,10.47652],[106.93053,10.46762],[106.93565,10.46317],[106.93346,10.4513],[106.93639,10.4424],[106.92247,10.44092],[106.91588,10.44685],[106.91221,10.44389],[106.91002,10.44834],[106.90489,10.44685],[106.90269,10.45279],[106.90342,10.44685],[106.91002,10.44685],[106.91221,10.4424],[106.91807,10.44389],[106.91954,10.44092],[106.91221,10.43351],[106.90416,10.43054],[106.8961,10.43202],[106.90342,10.42906],[106.91368,10.43202],[106.91734,10.43796],[106.91661,10.42906],[106.92174,10.42609],[106.91807,10.41571],[106.91368,10.41867],[106.91368,10.41423],[106.91661,10.41719],[106.92027,10.41274],[106.921,10.41867],[106.92979,10.41126],[106.9254,10.41126],[106.9254,10.40681],[106.92247,10.40533],[106.92027,10.40978],[106.91368,10.41274],[106.92174,10.40384],[106.92613,10.40533],[106.93126,10.41274],[106.921,10.42016],[106.9232,10.42609],[106.91807,10.43054],[106.92174,10.43796],[106.94005,10.43647],[106.9591,10.42016],[106.96203,10.42312],[106.96203,10.42016],[106.96569,10.42016],[106.96349,10.41719],[106.96642,10.41423],[106.96935,10.41719],[106.97521,10.41423],[106.96862,10.40533],[106.93565,10.39495],[106.91221,10.3816],[106.90196,10.38011],[106.8983,10.37567],[106.87559,10.37715],[106.87998,10.38308],[106.87998,10.38901],[106.87412,10.40681],[106.86167,10.42906],[106.87852,10.45279],[106.87852,10.46465],[106.88145,10.46613],[106.88291,10.46317],[106.87998,10.4691],[106.87632,10.46762],[106.87486,10.47058],[106.8646,10.47355],[106.86973,10.48838],[106.8668,10.4958],[106.87266,10.49876],[106.87412,10.50321],[106.86826,10.50766],[106.86826,10.51063],[106.87119,10.51211],[106.87339,10.52101],[106.88218,10.51656],[106.89317,10.51804],[106.90782,10.51508],[106.91295,10.51804],[106.91734,10.52842],[106.91954,10.52842]]],[[[106.94151,10.58626],[106.94811,10.58478],[106.9591,10.57292],[106.96789,10.56847],[106.96642,10.56105],[106.95104,10.56402],[106.94957,10.56847],[106.95104,10.56253],[106.9591,10.55957],[106.96642,10.56105],[106.97375,10.55364],[106.984,10.55512],[106.98547,10.55067],[106.9818,10.54177],[106.984,10.52991],[106.98986,10.52546],[107.00524,10.52694],[107.00817,10.52249],[107.00744,10.51804],[107.00012,10.51211],[106.99059,10.51508],[106.9884,10.51952],[106.98547,10.51508],[106.97668,10.51508],[106.97448,10.51952],[106.97814,10.52249],[106.97228,10.52249],[106.97521,10.51359],[106.9862,10.51508],[106.98766,10.51211],[106.97521,10.50321],[106.97448,10.48838],[106.97741,10.48541],[106.97008,10.47652],[106.96715,10.47652],[106.97008,10.47503],[106.96715,10.47207],[106.96642,10.46317],[106.96349,10.46762],[106.96203,10.46465],[106.95616,10.4691],[106.95323,10.46762],[106.94371,10.47207],[106.95323,10.47948],[106.95543,10.48541],[106.9525,10.50914],[106.96349,10.51359],[106.9525,10.51211],[106.94444,10.52694],[106.92613,10.53287],[106.93492,10.54919],[106.93565,10.5566],[106.92906,10.56698],[106.92027,10.56847],[106.92027,10.5744],[106.93126,10.58478],[106.93712,10.5833],[106.94151,10.58626]]],[[[106.86314,10.59368],[106.87193,10.58478],[106.87632,10.58478],[106.88511,10.57143],[106.8961,10.56402],[106.89903,10.55512],[106.90635,10.54622],[106.90416,10.53287],[106.91075,10.52694],[106.90709,10.51804],[106.8983,10.52101],[106.88072,10.52101],[106.87486,10.52397],[106.8668,10.53436],[106.85947,10.53881],[106.85215,10.53881],[106.85142,10.55215],[106.83969,10.55957],[106.84043,10.57143],[106.83603,10.58181],[106.85728,10.58181],[106.86314,10.59368]]],[[[106.88145,10.59665],[106.89537,10.59516],[106.88511,10.57737],[106.87705,10.58626],[106.87193,10.58626],[106.86973,10.58923],[106.88145,10.59665]]],[[[106.93858,10.59813],[106.94151,10.59516],[106.94811,10.59665],[106.95763,10.5922],[106.96056,10.59368],[106.96862,10.58923],[106.97301,10.58181],[106.97887,10.58033],[106.98107,10.57588],[106.97521,10.56402],[106.97814,10.55512],[106.97082,10.55809],[106.96935,10.56995],[106.96056,10.5744],[106.95104,10.58478],[106.94444,10.58775],[106.93419,10.58626],[106.93858,10.59813]]],[[[107.00744,10.61148],[107.01696,10.60406],[107.02502,10.58775],[107.00817,10.5566],[107.00085,10.55809],[107.00231,10.56105],[107.00012,10.56402],[107.00231,10.5655],[106.99572,10.56698],[106.99499,10.56402],[107.00085,10.56253],[106.99938,10.55809],[107.00231,10.55512],[107.00817,10.55512],[107.01184,10.54622],[107.02429,10.54325],[107.02429,10.53732],[107.0133,10.52842],[107.00524,10.53287],[107.00671,10.54029],[107.00451,10.54177],[107.00085,10.54177],[107.00524,10.54029],[107.00085,10.53287],[106.9884,10.53287],[106.98693,10.53732],[106.99059,10.55512],[106.98693,10.56105],[106.98107,10.56402],[106.9884,10.58478],[106.98693,10.59665],[106.99059,10.60554],[106.99645,10.60554],[106.99792,10.60851],[107.00085,10.60703],[107.00158,10.61148],[107.00744,10.61148]]],[[[106.89317,10.63521],[106.8939,10.63521],[106.89537,10.63372],[106.89537,10.63224],[106.8939,10.63224],[106.89244,10.63372],[106.8917,10.63521],[106.89244,10.63521],[106.89317,10.63521]]],[[[106.87925,10.64707],[106.88291,10.64559],[106.88365,10.63966],[106.90416,10.62186],[106.91148,10.60554],[106.921,10.60851],[106.92686,10.60109],[106.93492,10.59813],[106.92833,10.58181],[106.921,10.57885],[106.91734,10.58181],[106.90855,10.58033],[106.90782,10.5744],[106.91075,10.58033],[106.91734,10.58033],[106.91661,10.56847],[106.91881,10.5655],[106.92979,10.56402],[106.93272,10.55957],[106.93199,10.5477],[106.91295,10.53139],[106.90709,10.53436],[106.91002,10.5477],[106.90196,10.5566],[106.90049,10.56402],[106.88731,10.57292],[106.88877,10.58033],[106.8983,10.59516],[106.89683,10.59813],[106.87925,10.59813],[106.869,10.5922],[106.8668,10.59665],[106.86973,10.60703],[106.86167,10.62334],[106.85654,10.62631],[106.84702,10.62334],[106.84043,10.62779],[106.84409,10.63817],[106.85508,10.63817],[106.86094,10.63521],[106.87339,10.64707],[106.87925,10.64707]]],[[[106.72176,11.42124],[106.72615,11.42124],[106.72542,11.42866],[106.72908,11.43162],[106.74081,11.43014],[106.74227,11.43904],[106.75692,11.44794],[106.75033,11.46574],[106.75399,11.47463],[106.76864,11.48057],[106.77157,11.47908],[106.79062,11.48946],[106.79721,11.48798],[106.80307,11.48057],[106.80307,11.47167],[106.80746,11.4598],[106.806,11.44942],[106.78842,11.43014],[106.78109,11.42569],[106.77377,11.42569],[106.76937,11.41679],[106.76937,11.40345],[106.7745,11.39751],[106.78549,11.39603],[106.78549,11.37823],[106.79501,11.37675],[106.79867,11.37972],[106.81186,11.37378],[106.82504,11.3812],[106.82651,11.37823],[106.8353,11.37823],[106.84043,11.3723],[106.85508,11.37378],[106.85801,11.36192],[106.85801,11.35895],[106.85435,11.35895],[106.85508,11.35154],[106.86021,11.34857],[106.85581,11.34561],[106.8624,11.34116],[106.86167,11.33522],[106.85874,11.33522],[106.85581,11.32781],[106.85728,11.31149],[106.86607,11.31298],[106.8646,11.31001],[106.8668,11.31149],[106.87486,11.30704],[106.869,11.31891],[106.87339,11.32781],[106.88511,11.33967],[106.90269,11.33967],[106.90489,11.34857],[106.91221,11.3545],[106.91734,11.3545],[106.91807,11.35154],[106.92467,11.35302],[106.93858,11.35005],[106.94884,11.33819],[106.9525,11.32781],[106.95104,11.32039],[106.94811,11.32039],[106.93639,11.30853],[106.94005,11.30408],[106.94005,11.29666],[106.93712,11.29666],[106.94151,11.29518],[106.94151,11.29221],[106.93858,11.29221],[106.93932,11.28925],[106.93565,11.28628],[106.93272,11.28776],[106.93346,11.28035],[106.92906,11.27738],[106.93053,11.27293],[106.92467,11.27145],[106.9276,11.26848],[106.9254,11.26848],[106.9276,11.26404],[106.92393,11.26552],[106.92686,11.26107],[106.92467,11.25514],[106.9276,11.25217],[106.92613,11.24772],[106.92979,11.24772],[106.93126,11.24476],[106.92467,11.24476],[106.9232,11.24179],[106.91807,11.24327],[106.91807,11.24031],[106.91734,11.24327],[106.91441,11.24031],[106.91002,11.24179],[106.91295,11.23882],[106.91148,11.23586],[106.91807,11.23586],[106.91295,11.23289],[106.91441,11.22547],[106.91734,11.22399],[106.91661,11.21806],[106.91514,11.21509],[106.90049,11.21064],[106.90196,11.20619],[106.90562,11.20619],[106.90709,11.20323],[106.90635,11.19285],[106.91954,11.19433],[106.9232,11.18691],[106.92906,11.19136],[106.93492,11.1884],[106.93858,11.1795],[106.94518,11.17802],[106.94078,11.16763],[106.95323,11.16467],[106.95543,11.1528],[106.96496,11.14984],[106.96642,11.14687],[106.96569,11.14242],[106.95397,11.14094],[106.9569,11.13501],[106.95323,11.12907],[106.96569,11.10979],[106.9569,11.10683],[106.95836,11.09941],[106.95177,11.09793],[106.94591,11.08903],[106.94444,11.07717],[106.95177,11.0742],[106.94664,11.05789],[106.94151,11.0564],[106.93712,11.06382],[106.93126,11.0653],[106.92613,11.05789],[106.92174,11.0564],[106.9232,11.0475],[106.91221,11.04157],[106.91075,11.02526],[106.90782,11.02229],[106.8939,11.02822],[106.87046,11.02081],[106.85581,11.03416],[106.84629,11.03564],[106.83823,11.04157],[106.82724,11.0653],[106.80014,11.05937],[106.79867,11.05344],[106.80893,11.04454],[106.81259,11.03119],[106.80966,11.02674],[106.79135,11.02229],[106.78402,11.01784],[106.78329,11.01339],[106.7745,11.00598],[106.77523,10.99856],[106.78183,10.9867],[106.79648,10.97335],[106.79428,10.97038],[106.78622,10.9689],[106.77597,10.96],[106.77304,10.96],[106.77157,10.96593],[106.76132,10.96445],[106.76498,10.96],[106.76351,10.95259],[106.77084,10.95259],[106.77084,10.94221],[106.79062,10.93182],[106.79208,10.92737],[106.78769,10.92292],[106.79428,10.92441],[106.80014,10.91996],[106.80673,10.92144],[106.81186,10.91848],[106.81479,10.90364],[106.82724,10.90364],[106.82944,10.90661],[106.8375,10.90364],[106.84409,10.88288],[106.85068,10.87695],[106.84629,10.86212],[106.85361,10.84432],[106.87559,10.82207],[106.88145,10.81021],[106.88072,10.80428],[106.86387,10.78945],[106.87412,10.77165],[106.87119,10.76572],[106.86533,10.76423],[106.85361,10.77462],[106.84629,10.7761],[106.8375,10.77165],[106.82797,10.75979],[106.82358,10.75979],[106.82431,10.77907],[106.81406,10.77907],[106.80527,10.77017],[106.80087,10.75979],[106.76864,10.74347],[106.75326,10.72419],[106.75106,10.71678],[106.75546,10.69453],[106.77304,10.67673],[106.77963,10.67377],[106.7789,10.66932],[106.78549,10.66932],[106.79428,10.66042],[106.80673,10.65449],[106.80893,10.6441],[106.81918,10.62927],[106.82504,10.62482],[106.83676,10.62482],[106.84629,10.61889],[106.85508,10.62186],[106.86533,10.60554],[106.85581,10.58478],[106.83603,10.58626],[106.83164,10.58181],[106.83676,10.55809],[106.84775,10.54919],[106.84336,10.54177],[106.85361,10.53436],[106.86167,10.53287],[106.87046,10.52249],[106.86973,10.51359],[106.86607,10.51063],[106.86607,10.50766],[106.87193,10.50321],[106.86973,10.49876],[106.85288,10.49431],[106.84629,10.50618],[106.84043,10.50618],[106.83603,10.50024],[106.82944,10.49876],[106.82578,10.50766],[106.82211,10.50766],[106.81918,10.49728],[106.81552,10.49431],[106.80307,10.4958],[106.79867,10.49135],[106.78695,10.50469],[106.78915,10.51508],[106.78256,10.52101],[106.78183,10.52991],[106.7767,10.53732],[106.78109,10.5477],[106.77304,10.55067],[106.77011,10.55957],[106.76205,10.55957],[106.75839,10.55364],[106.76058,10.5477],[106.76718,10.54474],[106.76718,10.53881],[106.76351,10.53436],[106.75619,10.53287],[106.75619,10.52991],[106.76864,10.53881],[106.76864,10.54474],[106.75985,10.55067],[106.76058,10.5566],[106.76425,10.55957],[106.7723,10.55512],[106.7745,10.5477],[106.77963,10.54622],[106.77523,10.53732],[106.78036,10.53139],[106.78109,10.52101],[106.78769,10.51508],[106.78695,10.50173],[106.80453,10.48245],[106.80453,10.47948],[106.79721,10.47948],[106.79428,10.47652],[106.80453,10.45872],[106.81479,10.45872],[106.81772,10.46168],[106.81699,10.4691],[106.81992,10.47058],[106.82431,10.46762],[106.82651,10.45872],[106.83896,10.45872],[106.85728,10.44685],[106.85361,10.41126],[106.8375,10.39495],[106.83237,10.39495],[106.82431,10.41126],[106.8082,10.42164],[106.8016,10.43054],[106.79721,10.43202],[106.78622,10.42312],[106.76058,10.45427],[106.73494,10.49728],[106.74813,10.52397],[106.74154,10.56105],[106.7452,10.57588],[106.743,10.57885],[106.73494,10.57737],[106.73934,10.58181],[106.73788,10.58626],[106.73494,10.58626],[106.73275,10.58033],[106.72835,10.58033],[106.72689,10.58626],[106.72469,10.58478],[106.72322,10.58775],[106.72322,10.59368],[106.72029,10.59516],[106.72176,10.59961],[106.71883,10.60703],[106.72176,10.60703],[106.72249,10.61148],[106.72689,10.61148],[106.72762,10.60851],[106.73275,10.60999],[106.72689,10.61593],[106.73128,10.62186],[106.72835,10.62334],[106.72835,10.62779],[106.73275,10.62927],[106.72982,10.63669],[106.72249,10.64114],[106.72249,10.64559],[106.71736,10.64559],[106.71297,10.65004],[106.70491,10.65004],[106.70052,10.65449],[106.69026,10.64855],[106.68733,10.65597],[106.68513,10.65597],[106.68587,10.653],[106.68001,10.64559],[106.67341,10.6441],[106.67048,10.63966],[106.66243,10.63966],[106.65583,10.6441],[106.65657,10.63817],[106.65217,10.63817],[106.65217,10.63224],[106.64631,10.63521],[106.64118,10.62631],[106.63313,10.62482],[106.62946,10.62631],[106.62873,10.64262],[106.62214,10.63966],[106.6214,10.6441],[106.62433,10.64707],[106.61774,10.65004],[106.61628,10.65449],[106.60602,10.65894],[106.60016,10.65004],[106.5987,10.653],[106.59137,10.65004],[106.58991,10.653],[106.58331,10.653],[106.58258,10.65597],[106.57819,10.65449],[106.57819,10.64855],[106.57306,10.65004],[106.57306,10.65449],[106.57013,10.65597],[106.55548,10.65004],[106.55621,10.65745],[106.54889,10.65745],[106.55328,10.66635],[106.55035,10.68563],[106.53497,10.68563],[106.52691,10.70639],[106.52911,10.71826],[106.51959,10.72419],[106.5086,10.71678],[106.50127,10.72716],[106.49834,10.72567],[106.48882,10.73161],[106.48662,10.73012],[106.46318,10.75682],[106.50347,10.78796],[106.53277,10.90068],[106.45,10.94369],[106.41191,10.97335],[106.37308,10.9689],[106.35623,10.99115],[106.36209,10.99708],[106.37674,11.00005],[106.38041,10.99708],[106.39066,10.99856],[106.41337,11.00894],[106.40824,11.01488],[106.40824,11.02229],[106.41264,11.03267],[106.42143,11.03564],[106.42216,11.0475],[106.42436,11.0475],[106.42143,11.05195],[106.42143,11.06234],[106.42582,11.0653],[106.42656,11.092],[106.43022,11.092],[106.43681,11.10979],[106.44194,11.11424],[106.4434,11.12611],[106.44707,11.12907],[106.44707,11.13501],[106.44267,11.13501],[106.42949,11.14835],[106.43681,11.15725],[106.43022,11.17505],[106.42656,11.1706],[106.41777,11.17357],[106.40971,11.17208],[106.41044,11.18395],[106.40678,11.18395],[106.40531,11.1884],[106.40458,11.18395],[106.40018,11.18098],[106.38773,11.18543],[106.38334,11.1973],[106.3892,11.21213],[106.37967,11.21658],[106.38334,11.22844],[106.37821,11.22844],[106.37748,11.23586],[106.37088,11.24476],[106.36356,11.23882],[106.35843,11.23882],[106.35623,11.24624],[106.35111,11.24772],[106.35111,11.25217],[106.3599,11.25514],[106.36063,11.25959],[106.36356,11.25959],[106.36356,11.26255],[106.34964,11.26255],[106.35477,11.27887],[106.35257,11.28332],[106.35623,11.2848],[106.35111,11.28925],[106.34525,11.28925],[106.34451,11.28332],[106.34232,11.28332],[106.34012,11.2937],[106.34451,11.2937],[106.34305,11.29666],[106.33719,11.29666],[106.33939,11.29221],[106.33499,11.29518],[106.33499,11.30111],[106.34451,11.32484],[106.34232,11.32484],[106.34305,11.32929],[106.33939,11.32781],[106.33719,11.33374],[106.32693,11.33967],[106.3262,11.34412],[106.33133,11.34857],[106.32986,11.3545],[106.33572,11.36044],[106.33426,11.36489],[106.33939,11.36192],[106.34525,11.3634],[106.34525,11.37972],[106.34964,11.37675],[106.34818,11.38861],[106.35184,11.39603],[106.35623,11.39455],[106.3555,11.399],[106.35843,11.399],[106.3577,11.42124],[106.35916,11.42421],[106.36283,11.42273],[106.36356,11.42866],[106.36136,11.43014],[106.36722,11.43459],[106.36722,11.43904],[106.36429,11.43904],[106.36649,11.44201],[106.36356,11.44201],[106.37088,11.44794],[106.36869,11.44942],[106.37088,11.45535],[106.37308,11.45239],[106.38187,11.45239],[106.38773,11.4598],[106.39066,11.45684],[106.39432,11.46129],[106.40531,11.46277],[106.40238,11.46722],[106.41117,11.4687],[106.41044,11.47463],[106.41777,11.4776],[106.4141,11.4776],[106.41557,11.48205],[106.4185,11.48205],[106.41777,11.4865],[106.43461,11.50133],[106.46391,11.49985],[106.4749,11.4954],[106.48223,11.49985],[106.49028,11.49985],[106.49395,11.4954],[106.49834,11.4954],[106.50127,11.48946],[106.51446,11.47908],[106.52545,11.4776],[106.53936,11.46574],[106.54596,11.46574],[106.55548,11.4776],[106.57159,11.45684],[106.57159,11.4509],[106.56134,11.44052],[106.54962,11.43607],[106.54083,11.42421],[106.54742,11.41383],[106.54815,11.40196],[106.5401,11.38565],[106.54742,11.3812],[106.55401,11.3723],[106.56134,11.36933],[106.5672,11.36933],[106.57233,11.37527],[106.58991,11.3812],[106.59284,11.37972],[106.60236,11.38565],[106.61261,11.38565],[106.61188,11.37823],[106.61628,11.36192],[106.63459,11.35747],[106.65217,11.35895],[106.66609,11.35302],[106.67415,11.35302],[106.67781,11.36637],[106.67927,11.37675],[106.67561,11.37972],[106.67927,11.38268],[106.67341,11.40048],[106.67634,11.40048],[106.67854,11.39603],[106.6844,11.39751],[106.69026,11.39455],[106.69392,11.399],[106.69759,11.399],[106.70491,11.39455],[106.71077,11.399],[106.71004,11.40493],[106.71883,11.41234],[106.7181,11.41976],[106.72176,11.42124]]],[[[106.14527,8.60634],[106.14454,8.60634],[106.14307,8.60782],[106.14234,8.60931],[106.14161,8.60931],[106.14161,8.61079],[106.14234,8.61079],[106.14307,8.61079],[106.1438,8.61079],[106.1438,8.60931],[106.14527,8.60782],[106.14527,8.60634]]],[[[106.61774,8.63452],[106.61701,8.63897],[106.61994,8.63897],[106.61774,8.63452]]],[[[106.63606,8.636],[106.63166,8.63304],[106.62653,8.636],[106.63093,8.64045],[106.63606,8.636]]],[[[106.67561,8.64935],[106.67488,8.64935],[106.67341,8.65083],[106.67415,8.65083],[106.67488,8.65232],[106.67561,8.65232],[106.67561,8.65083],[106.67561,8.64935]]],[[[106.66682,8.68198],[106.67268,8.68198],[106.67927,8.67308],[106.68733,8.67456],[106.69026,8.6716],[106.69319,8.6716],[106.69539,8.67901],[106.70052,8.67901],[106.70418,8.67011],[106.71077,8.66863],[106.70711,8.66418],[106.70198,8.66418],[106.69612,8.65973],[106.6822,8.66566],[106.67781,8.65677],[106.67341,8.65677],[106.65876,8.67456],[106.66023,8.6805],[106.66682,8.68198]]],[[[106.77597,8.70126],[106.77597,8.69384],[106.74374,8.68939],[106.74154,8.68198],[106.73275,8.68791],[106.73861,8.69829],[106.74447,8.69384],[106.77597,8.70126]]],[[[106.55035,8.70867],[106.54742,8.70422],[106.53643,8.70571],[106.53717,8.71016],[106.54815,8.70867],[106.55108,8.71164],[106.55035,8.70867]]],[[[106.57965,8.71164],[106.55914,8.68643],[106.55987,8.68346],[106.55621,8.68346],[106.55548,8.68791],[106.55914,8.68939],[106.57745,8.71461],[106.57965,8.71164]]],[[[106.58844,8.73834],[106.58771,8.73389],[106.58405,8.73537],[106.58478,8.73834],[106.58844,8.73834]]],[[[106.66389,8.76058],[106.66975,8.7502],[106.66389,8.74575],[106.6595,8.74872],[106.6595,8.75317],[106.65437,8.75317],[106.6529,8.74723],[106.6551,8.74575],[106.65583,8.74872],[106.66462,8.73982],[106.66169,8.73092],[106.65217,8.72944],[106.64338,8.7324],[106.63752,8.71906],[106.63825,8.71312],[106.6595,8.69681],[106.6595,8.69236],[106.65144,8.69088],[106.64485,8.69829],[106.63239,8.69978],[106.62727,8.68791],[106.62067,8.69088],[106.60382,8.6805],[106.59723,8.6716],[106.61042,8.65083],[106.61335,8.64045],[106.58478,8.64638],[106.57526,8.6449],[106.57233,8.64045],[106.56427,8.63897],[106.55621,8.6271],[106.55841,8.63304],[106.55255,8.636],[106.55401,8.64638],[106.54962,8.64342],[106.54815,8.64638],[106.54229,8.64638],[106.54083,8.66122],[106.54815,8.65825],[106.55182,8.66566],[106.55914,8.65232],[106.5672,8.65232],[106.57599,8.64638],[106.58038,8.64787],[106.56647,8.6627],[106.55987,8.67605],[106.56134,8.68346],[106.56793,8.68791],[106.56866,8.69236],[106.57452,8.69236],[106.57892,8.70719],[106.58991,8.70571],[106.58917,8.71757],[106.59284,8.72499],[106.60016,8.72499],[106.60822,8.72944],[106.61188,8.73537],[106.61847,8.73092],[106.62214,8.7324],[106.62507,8.73834],[106.62287,8.74427],[106.63459,8.74575],[106.63899,8.75317],[106.65144,8.75465],[106.6551,8.76058],[106.66389,8.76058]]],[[[107.09608,10.39495],[107.09534,10.40088],[107.09901,10.40236],[107.09608,10.39495]]],[[[107.10267,10.40829],[107.09974,10.41126],[107.1056,10.41423],[107.10267,10.40829]]],[[[107.19497,10.43944],[107.19277,10.43796],[107.19277,10.44092],[107.19497,10.43944]]],[[[107.19497,10.43944],[107.19423,10.4424],[107.19716,10.4424],[107.19497,10.43944]]],[[[107.15687,10.45279],[107.15614,10.44685],[107.15248,10.45279],[107.15687,10.45279]]],[[[107.16493,10.46317],[107.17226,10.46317],[107.17519,10.45872],[107.17812,10.4602],[107.17738,10.45427],[107.18105,10.45279],[107.18398,10.45575],[107.19204,10.44537],[107.1957,10.44537],[107.18984,10.43944],[107.19204,10.43499],[107.1979,10.44092],[107.20009,10.43796],[107.20815,10.43796],[107.20962,10.43351],[107.20449,10.43054],[107.20962,10.42016],[107.20449,10.42016],[107.20229,10.42461],[107.19423,10.42164],[107.19277,10.42906],[107.18618,10.42906],[107.17592,10.41126],[107.16786,10.41126],[107.162,10.40533],[107.16713,10.40681],[107.16786,10.40978],[107.1598,10.38901],[107.14222,10.38308],[107.12245,10.37122],[107.09974,10.35045],[107.08362,10.31931],[107.08069,10.32672],[107.07117,10.33414],[107.0741,10.34155],[107.07264,10.34749],[107.06165,10.35342],[107.05945,10.35787],[107.06238,10.36677],[107.05505,10.37418],[107.05725,10.38605],[107.06165,10.38753],[107.07337,10.37863],[107.0719,10.38456],[107.07557,10.38308],[107.08289,10.39198],[107.09168,10.38753],[107.09241,10.39198],[107.10267,10.39346],[107.1078,10.40829],[107.11952,10.41126],[107.12098,10.40533],[107.12904,10.41571],[107.13343,10.41274],[107.14296,10.41571],[107.14955,10.42312],[107.15248,10.43647],[107.1598,10.43499],[107.15834,10.43796],[107.162,10.43796],[107.15614,10.44092],[107.15175,10.43647],[107.15101,10.44389],[107.16859,10.44834],[107.16933,10.45724],[107.16493,10.46317]]],[[[107.35905,10.46465],[107.35832,10.46465],[107.35832,10.46317],[107.35758,10.46317],[107.35685,10.46317],[107.35612,10.46317],[107.35539,10.46168],[107.35465,10.46168],[107.35392,10.46168],[107.35319,10.46168],[107.35246,10.4602],[107.35172,10.4602],[107.35099,10.4602],[107.35026,10.4602],[107.35099,10.46168],[107.35172,10.46168],[107.35246,10.46168],[107.35319,10.46317],[107.35392,10.46317],[107.35465,10.46317],[107.35539,10.46465],[107.35685,10.46465],[107.35758,10.46465],[107.35832,10.46465],[107.35905,10.46465]]],[[[107.14589,10.46465],[107.15175,10.46465],[107.15101,10.4602],[107.15394,10.45724],[107.14955,10.45279],[107.15248,10.44834],[107.14662,10.44834],[107.15028,10.44685],[107.14662,10.44537],[107.14589,10.42164],[107.14296,10.41867],[107.12098,10.42016],[107.11805,10.41571],[107.11659,10.42016],[107.12098,10.42312],[107.11585,10.42461],[107.11366,10.43647],[107.12025,10.43796],[107.12391,10.4424],[107.12391,10.44834],[107.11952,10.45427],[107.12977,10.45427],[107.13417,10.45872],[107.14003,10.4513],[107.14442,10.45724],[107.14369,10.46465],[107.14589,10.46465]]],[[[107.35392,10.46465],[107.35319,10.46465],[107.35319,10.46613],[107.35392,10.46613],[107.35465,10.46613],[107.35539,10.46613],[107.35539,10.46465],[107.35465,10.46465],[107.35392,10.46465]]],[[[107.1642,10.47355],[107.1664,10.46613],[107.16273,10.46465],[107.16273,10.46168],[107.16713,10.45724],[107.16713,10.4513],[107.1664,10.44834],[107.15907,10.44834],[107.15907,10.45427],[107.15248,10.46317],[107.15834,10.46613],[107.1598,10.47207],[107.1642,10.47355]]],[[[107.09534,10.47355],[107.09901,10.47058],[107.09681,10.4691],[107.09388,10.47207],[107.09534,10.47355]]],[[[107.12318,10.48245],[107.12318,10.48096],[107.12391,10.48096],[107.12464,10.48096],[107.12391,10.47948],[107.12318,10.47948],[107.12171,10.48096],[107.12245,10.48245],[107.12318,10.48245]]],[[[107.0719,10.47948],[107.0741,10.47652],[107.0785,10.47652],[107.07996,10.47948],[107.08729,10.478],[107.08509,10.46613],[107.08875,10.46762],[107.09095,10.47355],[107.08729,10.48096],[107.10047,10.47503],[107.09241,10.47503],[107.09095,10.47058],[107.09827,10.4602],[107.10194,10.46465],[107.10487,10.46317],[107.10267,10.4691],[107.11073,10.47652],[107.11659,10.46317],[107.11366,10.45872],[107.11439,10.44834],[107.11878,10.44389],[107.10487,10.44389],[107.10194,10.44092],[107.10194,10.43499],[107.09827,10.43351],[107.08948,10.43351],[107.08509,10.43647],[107.08143,10.43351],[107.08582,10.43351],[107.08362,10.43054],[107.0719,10.43351],[107.07117,10.43647],[107.04993,10.4513],[107.047,10.4602],[107.04187,10.46465],[107.04919,10.47207],[107.04993,10.47652],[107.06165,10.47652],[107.06897,10.48393],[107.0719,10.47948]]],[[[107.0133,10.49283],[107.0177,10.48393],[107.01477,10.48096],[107.01184,10.48541],[107.00451,10.48838],[107.0133,10.49283]]],[[[107.05139,10.51211],[107.05212,10.51211],[107.05286,10.51211],[107.05212,10.51063],[107.05139,10.51063],[107.05066,10.51063],[107.04846,10.51063],[107.04773,10.51063],[107.04773,10.51211],[107.04846,10.51211],[107.04919,10.51211],[107.05139,10.51211]]],[[[107.03601,10.52546],[107.04187,10.52249],[107.04846,10.52397],[107.05066,10.51508],[107.04553,10.51211],[107.04773,10.50914],[107.05286,10.51063],[107.05798,10.4958],[107.04626,10.48541],[107.04187,10.47355],[107.03601,10.47652],[107.02868,10.47503],[107.02795,10.48096],[107.02575,10.46465],[107.02502,10.4691],[107.01843,10.47355],[107.01843,10.47948],[107.02136,10.48096],[107.0177,10.4869],[107.0177,10.49728],[107.02722,10.50173],[107.03381,10.49876],[107.03894,10.50618],[107.03308,10.50024],[107.03015,10.50321],[107.02209,10.50173],[107.01623,10.49728],[107.01623,10.49431],[107.01037,10.49283],[107.00744,10.49283],[107.00158,10.50173],[107.01184,10.50914],[107.0155,10.51804],[107.02649,10.51656],[107.02649,10.51952],[107.03088,10.51952],[107.03601,10.51656],[107.03747,10.52101],[107.03381,10.52397],[107.03601,10.52546]]],[[[107.0177,10.60703],[107.01696,10.60703],[107.01696,10.60851],[107.01696,10.60999],[107.0177,10.60999],[107.01843,10.60999],[107.01916,10.60851],[107.01843,10.60851],[107.0177,10.60703]]],[[[107.01843,10.61296],[107.0177,10.61296],[107.01696,10.61296],[107.01623,10.61444],[107.01696,10.61444],[107.0177,10.61444],[107.01843,10.61296]]],[[[107.00744,10.61593],[107.00671,10.61741],[107.00598,10.61741],[107.00671,10.61889],[107.00744,10.61889],[107.00817,10.61889],[107.00817,10.61741],[107.00744,10.61593]]],[[[107.01257,10.61889],[107.01184,10.61741],[107.0111,10.61889],[107.01037,10.61889],[107.01037,10.62037],[107.0111,10.62037],[107.01184,10.62037],[107.01257,10.62037],[107.01257,10.61889]]],[[[107.00378,10.62037],[107.00305,10.62037],[107.00231,10.62037],[107.00231,10.62186],[107.00158,10.62186],[107.00231,10.62186],[107.00231,10.62334],[107.00305,10.62334],[107.00378,10.62186],[107.00451,10.62186],[107.00378,10.62037]]],[[[107.00891,10.62334],[107.01037,10.62186],[107.01037,10.62037],[107.00891,10.61889],[107.00964,10.61889],[107.00891,10.61741],[107.00744,10.61889],[107.00744,10.62037],[107.00744,10.62186],[107.00817,10.62186],[107.00817,10.62334],[107.00891,10.62334]]],[[[107.50628,10.77313],[107.50189,10.74644],[107.50702,10.74644],[107.5246,10.73161],[107.52753,10.72419],[107.53412,10.72271],[107.53559,10.71678],[107.54145,10.71084],[107.54584,10.69305],[107.53925,10.68118],[107.54511,10.66338],[107.54804,10.6619],[107.55024,10.65152],[107.56269,10.63076],[107.56196,10.62779],[107.56782,10.61889],[107.56708,10.61444],[107.57148,10.60999],[107.57148,10.60258],[107.57587,10.60109],[107.58247,10.5922],[107.5788,10.58775],[107.58027,10.57588],[107.56269,10.56402],[107.54877,10.54622],[107.54584,10.5477],[107.53705,10.53584],[107.53925,10.53584],[107.53705,10.53139],[107.52313,10.52101],[107.5268,10.52101],[107.51214,10.50024],[107.49383,10.50173],[107.48577,10.49876],[107.47112,10.49876],[107.46307,10.49283],[107.44475,10.4691],[107.37223,10.4691],[107.36344,10.46613],[107.3693,10.47207],[107.36784,10.47503],[107.36271,10.46762],[107.35392,10.46762],[107.35099,10.46317],[107.33854,10.4602],[107.34147,10.45872],[107.34074,10.45575],[107.32975,10.45427],[107.33195,10.4513],[107.30924,10.43944],[107.28433,10.41571],[107.27115,10.39643],[107.26016,10.38901],[107.25796,10.38011],[107.24697,10.3816],[107.24111,10.37715],[107.225,10.39346],[107.22353,10.40236],[107.21841,10.40533],[107.20522,10.40681],[107.18105,10.39939],[107.17665,10.40088],[107.18911,10.40978],[107.18764,10.42757],[107.19057,10.42757],[107.19204,10.42016],[107.20083,10.42016],[107.20302,10.41571],[107.20669,10.41571],[107.21328,10.42164],[107.21328,10.42461],[107.20742,10.42757],[107.21255,10.43499],[107.20742,10.44834],[107.20595,10.44685],[107.20962,10.4424],[107.20156,10.4424],[107.20156,10.44537],[107.20009,10.4424],[107.19497,10.44982],[107.19277,10.44834],[107.18691,10.45279],[107.18837,10.45427],[107.18471,10.45872],[107.18105,10.45724],[107.17885,10.46317],[107.16859,10.46465],[107.1642,10.47503],[107.16786,10.47503],[107.17006,10.47948],[107.16347,10.478],[107.16713,10.47503],[107.1598,10.47503],[107.16054,10.47948],[107.15614,10.478],[107.15907,10.47355],[107.15614,10.46762],[107.15028,10.46613],[107.14149,10.4691],[107.14222,10.47207],[107.13929,10.47058],[107.14222,10.478],[107.14003,10.48541],[107.14369,10.48541],[107.13783,10.48541],[107.13563,10.48838],[107.14003,10.48245],[107.13636,10.47207],[107.14149,10.46317],[107.14076,10.45724],[107.13856,10.45575],[107.13343,10.4691],[107.12757,10.46613],[107.12391,10.4691],[107.12391,10.46465],[107.12757,10.46465],[107.12977,10.45872],[107.12757,10.45872],[107.12025,10.46317],[107.11439,10.47652],[107.12025,10.47503],[107.12391,10.478],[107.13197,10.478],[107.12684,10.47948],[107.12318,10.48541],[107.11952,10.48541],[107.12245,10.48393],[107.11805,10.48096],[107.12171,10.47652],[107.11805,10.47652],[107.10853,10.48393],[107.1056,10.48096],[107.10413,10.4869],[107.09901,10.48541],[107.10267,10.48541],[107.10487,10.47652],[107.09974,10.47652],[107.10047,10.47948],[107.09754,10.48096],[107.09168,10.48096],[107.09022,10.48541],[107.09315,10.48986],[107.08802,10.49283],[107.08362,10.50469],[107.08216,10.49876],[107.09241,10.48838],[107.08655,10.48096],[107.07557,10.47948],[107.07117,10.48541],[107.06751,10.48541],[107.06091,10.478],[107.047,10.478],[107.04773,10.48245],[107.05945,10.49283],[107.06311,10.50469],[107.07703,10.51063],[107.07557,10.51359],[107.07337,10.51063],[107.07264,10.51508],[107.06604,10.50618],[107.06165,10.50618],[107.06165,10.50173],[107.05872,10.50024],[107.04773,10.52694],[107.04773,10.52991],[107.05505,10.53139],[107.05798,10.52546],[107.05945,10.52991],[107.05139,10.53287],[107.05139,10.53584],[107.05359,10.53881],[107.05798,10.53881],[107.05872,10.54177],[107.05212,10.54029],[107.04333,10.52397],[107.03381,10.52694],[107.03161,10.52249],[107.03528,10.52101],[107.03454,10.51804],[107.02282,10.52249],[107.01696,10.51804],[107.01696,10.52249],[107.02942,10.53584],[107.02868,10.54622],[107.03235,10.54622],[107.03161,10.55215],[107.03674,10.55512],[107.03015,10.56402],[107.03161,10.55809],[107.03528,10.5566],[107.03088,10.55364],[107.03088,10.5477],[107.0133,10.55215],[107.0155,10.56253],[107.02868,10.58181],[107.02868,10.59071],[107.02356,10.59516],[107.02209,10.60406],[107.01916,10.60554],[107.02136,10.61741],[107.02502,10.61741],[107.02575,10.61148],[107.02356,10.61148],[107.02575,10.60999],[107.03088,10.61593],[107.02575,10.61444],[107.02575,10.61889],[107.02063,10.62037],[107.01916,10.61296],[107.01477,10.61593],[107.01916,10.61148],[107.01403,10.61148],[107.00817,10.61593],[107.01403,10.61741],[107.0155,10.62334],[107.00231,10.62334],[107.00158,10.62927],[106.99792,10.62779],[107.00085,10.63372],[107.00817,10.63521],[107.0133,10.62927],[107.01696,10.62927],[107.01916,10.63521],[107.0155,10.6441],[107.04626,10.65745],[107.06677,10.65597],[107.06751,10.653],[107.09754,10.65152],[107.1034,10.66338],[107.1078,10.66338],[107.11219,10.66932],[107.12245,10.67228],[107.12611,10.68266],[107.1349,10.68415],[107.14222,10.71826],[107.14003,10.72716],[107.14442,10.72271],[107.14662,10.72419],[107.14442,10.72864],[107.14735,10.72864],[107.14589,10.73161],[107.14003,10.73161],[107.14003,10.74199],[107.13783,10.74347],[107.15907,10.74495],[107.16713,10.75385],[107.17079,10.75237],[107.17665,10.76127],[107.18031,10.76127],[107.18178,10.7672],[107.18837,10.76868],[107.18984,10.77165],[107.20083,10.77165],[107.20742,10.77462],[107.20742,10.7583],[107.22573,10.75682],[107.22866,10.7583],[107.22793,10.76275],[107.23379,10.76275],[107.24331,10.7583],[107.24551,10.75979],[107.24551,10.75534],[107.30191,10.75385],[107.30045,10.7494],[107.30484,10.74792],[107.30265,10.74347],[107.30631,10.72864],[107.30484,10.72716],[107.30265,10.73012],[107.30411,10.72419],[107.30191,10.71826],[107.30704,10.71381],[107.30265,10.70194],[107.30924,10.69305],[107.30045,10.68563],[107.3151,10.66932],[107.31949,10.66783],[107.32902,10.67673],[107.33195,10.67525],[107.33927,10.67822],[107.34513,10.67377],[107.35319,10.67822],[107.35172,10.68415],[107.35539,10.68563],[107.35026,10.6886],[107.35465,10.69601],[107.34879,10.70639],[107.35905,10.71381],[107.36271,10.72864],[107.3693,10.73309],[107.37223,10.73012],[107.37223,10.73457],[107.37736,10.73606],[107.37956,10.74199],[107.38102,10.74051],[107.38395,10.75089],[107.39055,10.75682],[107.39348,10.75534],[107.39494,10.76275],[107.39934,10.76275],[107.40227,10.76868],[107.40593,10.76868],[107.41106,10.77462],[107.42058,10.77017],[107.42717,10.78648],[107.4323,10.78796],[107.43816,10.79835],[107.44475,10.80131],[107.44549,10.80428],[107.45501,10.80279],[107.4594,10.79538],[107.45867,10.79093],[107.47332,10.79241],[107.48504,10.76868],[107.49969,10.7672],[107.50628,10.77313]]]]}},{"type":"Feature","properties":{"id":"dong-nai","name":"Đồng Nai","type":"Tỉnh","region":"Đông Nam Bộ","mergedFrom":["Bình Phước","Đồng Nai"],"areaKm2":12737.18,"population":4491408},"geometry":{"type":"MultiPolygon","coordinates":[[[[106.72176,11.42124],[106.72176,11.42124],[106.72176,11.42124],[106.72176,11.42124]]],[[[107.54291,11.36192],[107.53559,11.32484],[107.51801,11.31298],[107.51874,11.30556],[107.52387,11.29963],[107.5224,11.29073],[107.51947,11.28925],[107.52094,11.28628],[107.51947,11.28776],[107.51801,11.2848],[107.52167,11.28035],[107.5246,11.25217],[107.52167,11.25217],[107.51947,11.24772],[107.51654,11.25217],[107.51508,11.24624],[107.50995,11.24476],[107.50482,11.23586],[107.50116,11.23586],[107.50116,11.24031],[107.49749,11.24327],[107.49603,11.23437],[107.49969,11.22844],[107.49456,11.22696],[107.49383,11.22399],[107.49823,11.22251],[107.49823,11.21954],[107.49383,11.22103],[107.49163,11.22547],[107.48211,11.22103],[107.48797,11.21806],[107.48284,11.21064],[107.47845,11.21064],[107.48284,11.20768],[107.48358,11.20323],[107.48138,11.19878],[107.47845,11.19878],[107.47845,11.20323],[107.47332,11.20175],[107.47991,11.18988],[107.47186,11.19433],[107.47186,11.18543],[107.46746,11.18395],[107.47039,11.18247],[107.47039,11.17802],[107.46526,11.18098],[107.4594,11.17505],[107.4616,11.16763],[107.45428,11.16022],[107.45794,11.15429],[107.45647,11.14984],[107.45061,11.14687],[107.44475,11.14984],[107.44256,11.13946],[107.4345,11.13797],[107.43523,11.12907],[107.43889,11.12462],[107.44549,11.12462],[107.45354,11.11276],[107.44915,11.09793],[107.44329,11.09051],[107.44329,11.08458],[107.44036,11.0831],[107.43816,11.08903],[107.4301,11.08755],[107.43084,11.08162],[107.42205,11.07568],[107.42571,11.06382],[107.41765,11.0564],[107.41619,11.05047],[107.3986,11.05344],[107.39421,11.04899],[107.40227,11.04899],[107.4052,11.04306],[107.41252,11.04602],[107.41252,11.04157],[107.42205,11.04157],[107.42058,11.03712],[107.42717,11.03712],[107.42864,11.03267],[107.43596,11.03416],[107.4367,11.03119],[107.44402,11.03119],[107.44256,11.02822],[107.44915,11.02674],[107.44915,11.02081],[107.45574,11.01636],[107.46526,11.01636],[107.47112,11.00746],[107.48724,11.00894],[107.49603,11.01488],[107.50702,11.01339],[107.50775,11.00894],[107.51727,11.00153],[107.51727,10.99856],[107.53485,10.98818],[107.53632,10.9778],[107.54218,10.97928],[107.55976,10.93776],[107.55976,10.86805],[107.57221,10.85025],[107.57734,10.83394],[107.57294,10.82356],[107.57294,10.81466],[107.56269,10.80279],[107.52313,10.77462],[107.50628,10.77313],[107.49969,10.7672],[107.49383,10.7672],[107.48504,10.76868],[107.47332,10.79241],[107.45867,10.79093],[107.4594,10.79538],[107.45501,10.80279],[107.44549,10.80428],[107.44475,10.80131],[107.43816,10.79835],[107.4323,10.78796],[107.42717,10.78648],[107.42058,10.77017],[107.41106,10.77462],[107.40593,10.76868],[107.40227,10.76868],[107.39934,10.76275],[107.39494,10.76275],[107.39348,10.75534],[107.39055,10.75682],[107.38395,10.75089],[107.38102,10.74051],[107.37956,10.74199],[107.37736,10.73606],[107.37223,10.73457],[107.37223,10.73012],[107.3693,10.73309],[107.36271,10.72864],[107.35905,10.71381],[107.34879,10.70639],[107.35465,10.69601],[107.35026,10.6886],[107.35539,10.68415],[107.35172,10.68415],[107.35319,10.67822],[107.34513,10.67377],[107.33927,10.67822],[107.33195,10.67525],[107.32902,10.67673],[107.32316,10.66932],[107.31803,10.66783],[107.30118,10.68266],[107.30045,10.68563],[107.30924,10.69305],[107.30265,10.70194],[107.30704,10.71381],[107.30191,10.71826],[107.30411,10.72419],[107.30265,10.73012],[107.30484,10.72716],[107.30631,10.72864],[107.30265,10.74347],[107.30484,10.74792],[107.30045,10.7494],[107.30191,10.75385],[107.24551,10.75534],[107.24551,10.75979],[107.24331,10.7583],[107.23379,10.76275],[107.22793,10.76275],[107.22866,10.7583],[107.22573,10.75682],[107.20742,10.7583],[107.20742,10.77462],[107.20449,10.77462],[107.18178,10.7672],[107.18031,10.76127],[107.17665,10.76127],[107.17079,10.75237],[107.16713,10.75385],[107.15614,10.74347],[107.13783,10.74347],[107.14003,10.74199],[107.14003,10.73161],[107.14589,10.73161],[107.14735,10.72864],[107.14442,10.72864],[107.14662,10.72567],[107.14442,10.72271],[107.14003,10.72716],[107.14222,10.71826],[107.1349,10.68415],[107.12611,10.68266],[107.12245,10.67228],[107.11219,10.66932],[107.1078,10.66338],[107.1034,10.66338],[107.09754,10.65152],[107.06751,10.653],[107.06677,10.65597],[107.04626,10.65745],[107.0155,10.6441],[107.01843,10.66042],[107.00231,10.66635],[106.99865,10.67228],[107.00012,10.6797],[106.99792,10.67228],[106.99279,10.66932],[106.9884,10.67673],[106.9884,10.68266],[106.97521,10.69008],[106.97521,10.69601],[106.97961,10.70046],[106.97448,10.70491],[106.97668,10.70046],[106.97008,10.69008],[106.97301,10.6886],[106.97155,10.68563],[106.97814,10.68563],[106.98473,10.68118],[106.98547,10.67822],[106.98034,10.67673],[106.98034,10.67228],[106.98327,10.6708],[106.9884,10.67377],[106.99206,10.66635],[106.99792,10.66932],[106.99938,10.66487],[107.01623,10.65745],[107.0111,10.653],[107.01184,10.64262],[107.00964,10.63966],[107.00158,10.64262],[107.00231,10.63817],[106.99499,10.63521],[106.99645,10.62037],[107.00744,10.60999],[107.00158,10.61148],[107.00085,10.60703],[106.99792,10.60851],[106.99645,10.60554],[106.99059,10.60554],[106.98693,10.59665],[106.98473,10.60109],[106.98986,10.60851],[106.984,10.60406],[106.9818,10.60851],[106.98327,10.61148],[106.99206,10.61296],[106.99279,10.61741],[106.98107,10.62482],[106.98254,10.63372],[106.97887,10.63817],[106.98107,10.6441],[106.97814,10.64114],[106.97228,10.64559],[106.96642,10.63669],[106.9547,10.63669],[106.95397,10.64262],[106.94811,10.64262],[106.94591,10.64707],[106.94151,10.64262],[106.93858,10.64262],[106.93712,10.64707],[106.93126,10.64707],[106.93199,10.6441],[106.93639,10.64559],[106.93932,10.63966],[106.94225,10.64262],[106.95104,10.64262],[106.9547,10.63224],[106.95616,10.63521],[106.97082,10.63521],[106.97228,10.62927],[106.97887,10.62927],[106.97521,10.62631],[106.97375,10.62779],[106.97082,10.62186],[106.96642,10.62482],[106.97082,10.61889],[106.96935,10.61296],[106.96422,10.61741],[106.94664,10.61741],[106.94957,10.62779],[106.94518,10.62037],[106.93346,10.62037],[106.93199,10.61444],[106.93639,10.60851],[106.93199,10.60406],[106.92833,10.60406],[106.92247,10.61148],[106.91148,10.60999],[106.90562,10.62482],[106.89756,10.63076],[106.8961,10.63521],[106.88584,10.64114],[106.88365,10.64855],[106.87779,10.65004],[106.86314,10.64262],[106.86094,10.63817],[106.85215,10.64114],[106.84262,10.63966],[106.83676,10.62927],[106.82504,10.63076],[106.81552,10.64262],[106.80746,10.66042],[106.78329,10.67673],[106.78036,10.67673],[106.77963,10.67377],[106.77304,10.67673],[106.75912,10.69008],[106.75179,10.70491],[106.75179,10.71974],[106.76864,10.74347],[106.80087,10.75979],[106.80527,10.77017],[106.81772,10.78055],[106.82285,10.78055],[106.82504,10.77758],[106.82358,10.75979],[106.82797,10.75979],[106.8375,10.77165],[106.84629,10.7761],[106.85361,10.77462],[106.86533,10.76423],[106.87119,10.76572],[106.87412,10.77165],[106.86387,10.78945],[106.88072,10.80428],[106.88145,10.81021],[106.87559,10.82207],[106.85361,10.84432],[106.84629,10.86212],[106.85068,10.87695],[106.84409,10.88288],[106.8375,10.90364],[106.83164,10.90661],[106.82724,10.90364],[106.81479,10.90364],[106.81186,10.91848],[106.80673,10.92144],[106.80014,10.91996],[106.79428,10.92441],[106.78769,10.92292],[106.79208,10.92737],[106.79062,10.93182],[106.77084,10.94221],[106.77084,10.95259],[106.76351,10.95259],[106.76498,10.96],[106.76132,10.96445],[106.77157,10.96593],[106.77304,10.96],[106.77597,10.96],[106.78622,10.9689],[106.79428,10.97038],[106.79648,10.97335],[106.78183,10.9867],[106.77523,10.99856],[106.7745,11.00598],[106.78329,11.01339],[106.78402,11.01784],[106.79135,11.02229],[106.80966,11.02674],[106.81259,11.03119],[106.80893,11.04454],[106.79867,11.05344],[106.80014,11.05937],[106.82724,11.0653],[106.83823,11.04157],[106.84629,11.03564],[106.85581,11.03416],[106.87046,11.02081],[106.8939,11.02822],[106.90782,11.02229],[106.91075,11.02526],[106.91221,11.04157],[106.9232,11.0475],[106.92174,11.0564],[106.92613,11.05789],[106.93126,11.0653],[106.93712,11.06382],[106.94151,11.0564],[106.94664,11.05789],[106.95177,11.0742],[106.94444,11.07717],[106.94591,11.08903],[106.95177,11.09793],[106.95836,11.09941],[106.9569,11.10683],[106.96569,11.10979],[106.95323,11.12907],[106.9569,11.13501],[106.95397,11.14094],[106.96569,11.14242],[106.96642,11.14687],[106.96496,11.14984],[106.95543,11.1528],[106.95323,11.16467],[106.94078,11.16763],[106.94518,11.17802],[106.93858,11.1795],[106.93492,11.1884],[106.92906,11.19136],[106.9232,11.18691],[106.91954,11.19433],[106.90635,11.19285],[106.90709,11.20323],[106.90562,11.20619],[106.90196,11.20619],[106.90049,11.21064],[106.91514,11.21509],[106.91661,11.21806],[106.91734,11.22399],[106.91441,11.22547],[106.91295,11.23289],[106.91807,11.23586],[106.91148,11.23586],[106.91295,11.23882],[106.91002,11.24179],[106.91441,11.24031],[106.91734,11.24327],[106.91807,11.24031],[106.91807,11.24327],[106.9232,11.24179],[106.92467,11.24476],[106.93126,11.24476],[106.92979,11.24772],[106.92613,11.24772],[106.9276,11.25217],[106.92467,11.25514],[106.92686,11.26107],[106.92393,11.26552],[106.9276,11.26404],[106.9254,11.267],[106.9276,11.26848],[106.92467,11.27145],[106.93053,11.27293],[106.92906,11.27738],[106.93346,11.28035],[106.93272,11.28776],[106.93565,11.28628],[106.93932,11.28925],[106.93858,11.29221],[106.94151,11.29221],[106.94151,11.29518],[106.93712,11.29666],[106.94005,11.29666],[106.94005,11.30408],[106.93639,11.30853],[106.94811,11.32039],[106.95104,11.32039],[106.9525,11.32781],[106.94884,11.33819],[106.93858,11.35005],[106.92467,11.35302],[106.91807,11.35154],[106.91734,11.3545],[106.91221,11.3545],[106.90489,11.34857],[106.90269,11.33967],[106.88511,11.33967],[106.87339,11.32781],[106.869,11.31891],[106.87486,11.30704],[106.8668,11.31149],[106.8646,11.31001],[106.86607,11.31298],[106.85728,11.31149],[106.85581,11.32781],[106.85874,11.33522],[106.86167,11.33522],[106.8624,11.34116],[106.85581,11.34561],[106.86021,11.34857],[106.85508,11.35154],[106.85435,11.35895],[106.85801,11.35895],[106.85508,11.37378],[106.84043,11.3723],[106.8353,11.37823],[106.82651,11.37823],[106.82504,11.3812],[106.81186,11.37378],[106.79867,11.37972],[106.79501,11.37675],[106.78549,11.37823],[106.78549,11.39603],[106.7745,11.39751],[106.76937,11.40345],[106.76937,11.41679],[106.77377,11.42569],[106.78109,11.42569],[106.78842,11.43014],[106.806,11.44942],[106.80746,11.4598],[106.80307,11.47167],[106.80307,11.48057],[106.79721,11.48798],[106.79062,11.48946],[106.77157,11.47908],[106.76864,11.48057],[106.75399,11.47463],[106.75033,11.46574],[106.75692,11.44794],[106.74227,11.43904],[106.74081,11.43014],[106.72908,11.43162],[106.72542,11.42866],[106.72615,11.42124],[106.71883,11.42124],[106.71956,11.41383],[106.71004,11.40493],[106.70931,11.39751],[106.70271,11.39455],[106.69392,11.399],[106.69026,11.39455],[106.6866,11.39455],[106.6844,11.39751],[106.67854,11.39603],[106.67634,11.40048],[106.67341,11.40048],[106.67927,11.38268],[106.67561,11.37972],[106.67927,11.37675],[106.67781,11.36637],[106.67415,11.35302],[106.66609,11.35302],[106.65217,11.35895],[106.63459,11.35747],[106.61628,11.36192],[106.61188,11.37823],[106.61261,11.38565],[106.60236,11.38565],[106.59284,11.37972],[106.58991,11.3812],[106.57233,11.37527],[106.5672,11.36933],[106.55621,11.37082],[106.5401,11.38565],[106.54815,11.40196],[106.54742,11.41383],[106.54083,11.42421],[106.54962,11.43607],[106.56134,11.44052],[106.57159,11.4509],[106.57159,11.45684],[106.55548,11.4776],[106.54596,11.46574],[106.53936,11.46574],[106.52545,11.4776],[106.51446,11.47908],[106.50127,11.48946],[106.49834,11.4954],[106.49395,11.4954],[106.49028,11.49985],[106.48223,11.49985],[106.4749,11.4954],[106.46391,11.49985],[106.43461,11.50133],[106.42436,11.49391],[106.42289,11.49985],[106.42509,11.50133],[106.42216,11.50133],[106.42143,11.5043],[106.42363,11.5043],[106.42289,11.50874],[106.42875,11.51023],[106.43168,11.53989],[106.43461,11.53841],[106.43461,11.54137],[106.43828,11.54137],[106.43754,11.54434],[106.44047,11.54286],[106.44121,11.54582],[106.4478,11.54582],[106.45293,11.54137],[106.45805,11.54434],[106.46758,11.54286],[106.46904,11.54582],[106.4727,11.54582],[106.4727,11.54879],[106.48003,11.55027],[106.49175,11.57103],[106.48516,11.57845],[106.49028,11.57993],[106.48223,11.59476],[106.48662,11.60366],[106.48149,11.60663],[106.48003,11.61108],[106.47563,11.61108],[106.4771,11.61404],[106.46904,11.61404],[106.46904,11.61849],[106.46318,11.62294],[106.46611,11.62591],[106.46538,11.63332],[106.46172,11.63332],[106.46391,11.63926],[106.45805,11.64519],[106.45879,11.65112],[106.45366,11.6526],[106.45512,11.65854],[106.45073,11.66002],[106.44926,11.66447],[106.45146,11.66595],[106.44926,11.6704],[106.45219,11.67337],[106.45293,11.68968],[106.44414,11.70155],[106.44194,11.70006],[106.43828,11.70451],[106.43681,11.71341],[106.43388,11.71341],[106.43388,11.71934],[106.43168,11.71934],[106.42436,11.73714],[106.42216,11.73714],[106.41777,11.75345],[106.41923,11.7579],[106.41557,11.75939],[106.41703,11.76384],[106.4141,11.76532],[106.41777,11.76977],[106.41557,11.77273],[106.4207,11.78312],[106.42289,11.78312],[106.43095,11.79943],[106.43388,11.79943],[106.43388,11.80833],[106.43608,11.80833],[106.44047,11.81871],[106.44707,11.82316],[106.4456,11.83057],[106.44047,11.83354],[106.43754,11.83947],[106.44121,11.84244],[106.43828,11.85134],[106.43974,11.85727],[106.44707,11.86172],[106.44633,11.86617],[106.46172,11.86469],[106.46684,11.86765],[106.41191,11.97295],[106.43242,11.97295],[106.43168,11.9774],[106.44121,11.9863],[106.45073,11.9863],[106.45512,11.98927],[106.45805,11.98482],[106.46538,11.98185],[106.46831,11.97295],[106.48589,11.97147],[106.48955,11.9685],[106.49907,11.97443],[106.50786,11.97592],[106.51079,11.98037],[106.52105,11.98037],[106.53643,11.97443],[106.53057,11.97295],[106.52838,11.9685],[106.62727,11.97443],[106.628,11.97147],[106.63093,11.97147],[106.6302,11.96257],[106.63532,11.96109],[106.63825,11.97443],[106.64338,11.97443],[106.64192,11.96999],[106.64704,11.96405],[106.6595,11.96554],[106.64924,11.97888],[106.6529,11.98778],[106.65657,11.98927],[106.66902,11.9774],[106.67634,11.9774],[106.68367,11.96405],[106.6866,11.96554],[106.69246,11.96257],[106.69905,11.9685],[106.70271,11.9685],[106.70345,11.96554],[106.70711,11.9685],[106.71077,11.96702],[106.7181,11.97295],[106.72103,11.9685],[106.72103,11.97592],[106.72469,11.97592],[106.72835,11.98333],[106.73348,11.9863],[106.73494,11.99223],[106.73934,11.9952],[106.73861,11.99965],[106.7452,12.00261],[106.7474,12.00706],[106.74667,12.02041],[106.75179,12.02041],[106.75912,12.02783],[106.75765,12.03227],[106.76205,12.03376],[106.75985,12.03672],[106.76205,12.03672],[106.76278,12.04117],[106.76791,12.04117],[106.77011,12.05156],[106.78256,12.06639],[106.78183,12.07232],[106.78549,12.07232],[106.78769,12.07677],[106.78988,12.07528],[106.79208,12.0827],[106.79501,12.08122],[106.79867,12.08418],[106.80307,12.07825],[106.81406,12.07825],[106.81625,12.0827],[106.82285,12.0827],[106.82724,12.08122],[106.83383,12.07084],[106.84629,12.0738],[106.85142,12.06639],[106.869,12.07232],[106.87632,12.07084],[106.87852,12.0738],[106.88291,12.07084],[106.88658,12.07232],[106.89683,12.0649],[106.90782,12.06787],[106.91441,12.06194],[106.9276,12.06194],[106.93858,12.06787],[106.94518,12.06639],[106.9503,12.0738],[106.98986,12.08418],[106.98986,12.08715],[106.99426,12.08715],[106.99279,12.09456],[107.00085,12.09456],[107.00305,12.09753],[107.00085,12.1005],[107.00817,12.1005],[107.00891,12.10346],[107.00378,12.10495],[107.00305,12.10791],[107.00964,12.10643],[107.0133,12.1094],[107.01403,12.11236],[107.00524,12.11236],[107.00524,12.11533],[107.00744,12.11384],[107.01623,12.12126],[107.01623,12.11681],[107.02136,12.11829],[107.02282,12.12126],[107.02063,12.12274],[107.02356,12.12571],[107.02795,12.11978],[107.03015,12.12571],[107.03821,12.13164],[107.04919,12.13312],[107.05066,12.14202],[107.05579,12.14351],[107.05286,12.14796],[107.05579,12.14647],[107.06018,12.1613],[107.06384,12.15685],[107.07483,12.16427],[107.07776,12.1613],[107.07996,12.16279],[107.08069,12.1702],[107.07117,12.17613],[107.07483,12.1791],[107.07264,12.18058],[107.07483,12.188],[107.08069,12.18355],[107.08729,12.18503],[107.08582,12.18058],[107.08875,12.18207],[107.09168,12.1791],[107.09681,12.18652],[107.09827,12.19838],[107.10267,12.20135],[107.10267,12.20728],[107.10706,12.20876],[107.11146,12.21914],[107.11439,12.21469],[107.11805,12.21914],[107.12171,12.21914],[107.12025,12.22359],[107.12464,12.22211],[107.12611,12.22656],[107.1305,12.22359],[107.1327,12.22804],[107.13929,12.22953],[107.1371,12.24436],[107.14076,12.24436],[107.13856,12.24732],[107.14003,12.25029],[107.14515,12.25029],[107.14369,12.2577],[107.14808,12.25919],[107.14442,12.26364],[107.14955,12.2666],[107.15175,12.26512],[107.15321,12.27254],[107.15101,12.2755],[107.15394,12.27402],[107.15761,12.27847],[107.16713,12.27698],[107.16933,12.27995],[107.17519,12.27995],[107.17958,12.28588],[107.18178,12.28292],[107.18398,12.2844],[107.18471,12.29033],[107.19057,12.29033],[107.19057,12.29478],[107.19716,12.29478],[107.20009,12.29775],[107.20595,12.29626],[107.2272,12.14944],[107.2272,12.13461],[107.22134,12.12571],[107.22646,12.12274],[107.2272,12.11533],[107.23965,12.11384],[107.23159,12.09753],[107.23379,12.09012],[107.22939,12.08418],[107.23013,12.05304],[107.23306,12.04562],[107.23159,12.02634],[107.23525,12.03524],[107.23892,12.03672],[107.24038,12.03376],[107.24111,12.03821],[107.24331,12.03821],[107.24478,12.03227],[107.24185,12.02486],[107.24917,12.02634],[107.25064,12.02041],[107.25576,12.01744],[107.26089,12.01893],[107.26162,12.01596],[107.26675,12.01596],[107.26675,12.01299],[107.26895,12.01596],[107.27627,12.01299],[107.27627,12.01744],[107.27847,12.01744],[107.27994,12.01151],[107.28287,12.01744],[107.29019,12.01596],[107.28873,12.02041],[107.29166,12.02041],[107.29092,12.01744],[107.29532,12.01596],[107.29386,12.00855],[107.30191,12.00706],[107.30338,12.01003],[107.30558,12.00558],[107.31437,12.00706],[107.3173,12.0041],[107.32389,12.0041],[107.32389,11.99965],[107.33634,11.99223],[107.3444,11.97295],[107.35099,11.9685],[107.35246,11.95367],[107.35685,11.95219],[107.35539,11.94774],[107.35246,11.94774],[107.35685,11.94032],[107.35246,11.93884],[107.38176,11.92253],[107.39348,11.90028],[107.403,11.8899],[107.40227,11.88397],[107.40593,11.881],[107.4074,11.86765],[107.42131,11.86617],[107.42498,11.8632],[107.42864,11.84986],[107.42864,11.84541],[107.42351,11.84689],[107.41765,11.83947],[107.41838,11.83206],[107.41545,11.83502],[107.41472,11.82761],[107.40593,11.81723],[107.41033,11.80536],[107.40373,11.79943],[107.3986,11.8024],[107.39641,11.79943],[107.39787,11.79646],[107.39494,11.79646],[107.39494,11.79053],[107.3986,11.78757],[107.39714,11.78163],[107.4008,11.78015],[107.39348,11.76829],[107.38981,11.7668],[107.38688,11.77273],[107.37443,11.77125],[107.36564,11.7668],[107.36344,11.76087],[107.35612,11.76235],[107.35612,11.75642],[107.35246,11.75197],[107.33927,11.75049],[107.33488,11.74752],[107.32535,11.74901],[107.3151,11.74011],[107.30118,11.74011],[107.29679,11.72972],[107.28946,11.72972],[107.2858,11.72676],[107.2836,11.69858],[107.27847,11.69265],[107.28506,11.68672],[107.27774,11.68227],[107.26529,11.66002],[107.27334,11.64964],[107.26822,11.64371],[107.26968,11.63777],[107.28726,11.63184],[107.30411,11.61849],[107.30045,11.60663],[107.30631,11.59773],[107.29679,11.58438],[107.30045,11.57697],[107.31217,11.57103],[107.30997,11.56807],[107.30411,11.57252],[107.30191,11.57103],[107.31144,11.55324],[107.33195,11.55472],[107.33781,11.54434],[107.34586,11.54286],[107.34806,11.55472],[107.35392,11.55472],[107.35612,11.55769],[107.35758,11.57993],[107.36271,11.58142],[107.36637,11.57252],[107.36271,11.57252],[107.36125,11.56659],[107.36637,11.56065],[107.36051,11.55769],[107.36051,11.55472],[107.37223,11.54879],[107.36784,11.55769],[107.37223,11.55769],[107.37883,11.54286],[107.37516,11.53247],[107.3759,11.52358],[107.36711,11.51764],[107.37443,11.51468],[107.37809,11.51913],[107.38542,11.52061],[107.38615,11.52654],[107.40666,11.52951],[107.40959,11.52802],[107.41326,11.51616],[107.41912,11.51171],[107.42791,11.51913],[107.43084,11.51913],[107.4323,11.51171],[107.4367,11.51171],[107.44182,11.51616],[107.44109,11.51023],[107.45354,11.50133],[107.45501,11.49095],[107.46014,11.49095],[107.47186,11.47908],[107.47186,11.47612],[107.46526,11.4776],[107.46087,11.47167],[107.46233,11.46277],[107.45061,11.45832],[107.44695,11.44794],[107.44256,11.44942],[107.44329,11.44646],[107.4301,11.44052],[107.4301,11.42569],[107.44329,11.43162],[107.44695,11.42717],[107.44329,11.42421],[107.44329,11.41976],[107.45428,11.41976],[107.45354,11.43311],[107.4594,11.43014],[107.46526,11.43459],[107.46819,11.43311],[107.47479,11.43607],[107.47918,11.43014],[107.48577,11.43014],[107.4887,11.42421],[107.48504,11.41234],[107.48724,11.39603],[107.49676,11.39603],[107.50335,11.38268],[107.51288,11.38417],[107.51727,11.37082],[107.5246,11.36933],[107.5246,11.36192],[107.53046,11.36044],[107.53485,11.3545],[107.54291,11.36192]]],[[[106.97155,10.60703],[106.96862,10.60851],[106.96935,10.61296],[106.97155,10.60703]]],[[[106.94371,10.61889],[106.94957,10.61296],[106.95397,10.61593],[106.96422,10.61593],[106.96715,10.61296],[106.96715,10.60703],[106.97594,10.59813],[106.97668,10.59368],[106.97448,10.59071],[106.96569,10.59665],[106.97448,10.58923],[106.97594,10.5833],[106.96056,10.59516],[106.9525,10.59516],[106.94811,10.59813],[106.94151,10.59665],[106.93419,10.60258],[106.93785,10.60999],[106.93272,10.61593],[106.93346,10.61889],[106.94371,10.61889]]],[[[106.97887,10.62482],[106.98327,10.61889],[106.99059,10.61593],[106.9818,10.61296],[106.97887,10.60703],[106.98547,10.59368],[106.98327,10.58181],[106.97814,10.58626],[106.97887,10.59665],[106.97228,10.60554],[106.97155,10.61148],[106.97521,10.61593],[106.97155,10.61741],[106.97448,10.61889],[106.97301,10.62334],[106.97594,10.62631],[106.97887,10.62482]]],[[[106.97375,10.64262],[106.97741,10.63224],[106.97082,10.63669],[106.97082,10.64262],[106.97375,10.64262]]],[[[106.984,10.67525],[106.98327,10.67525],[106.98327,10.67377],[106.98254,10.67377],[106.9818,10.67377],[106.98327,10.67525],[106.984,10.67525],[106.98473,10.67525],[106.984,10.67525]]],[[[106.97448,10.69156],[106.97448,10.69008],[106.97375,10.69008],[106.97301,10.69008],[106.97228,10.69008],[106.97155,10.69008],[106.97155,10.69156],[106.97228,10.69156],[106.97301,10.69156],[106.97448,10.69156]]]]}},{"type":"Feature","properties":{"id":"tay-ninh","name":"Tây Ninh","type":"Tỉnh","region":"Đông Nam Bộ - Đồng bằng sông Cửu Long chuyển tiếp","mergedFrom":["Long An","Tây Ninh"],"areaKm2":8536.44,"population":3254170},"geometry":{"type":"MultiPolygon","coordinates":[[[[106.44926,11.6704],[106.45073,11.66002],[106.45512,11.65854],[106.45293,11.65409],[106.45879,11.65112],[106.45805,11.64519],[106.46391,11.63926],[106.46172,11.63332],[106.46611,11.63184],[106.46611,11.62591],[106.46318,11.62294],[106.46611,11.62294],[106.46904,11.61404],[106.4771,11.61404],[106.47563,11.61108],[106.48003,11.61108],[106.48149,11.60663],[106.48662,11.60366],[106.48223,11.59476],[106.49028,11.57993],[106.48516,11.57845],[106.49175,11.56807],[106.48662,11.5651],[106.48662,11.56065],[106.48003,11.55027],[106.4727,11.54879],[106.4727,11.54582],[106.46904,11.54582],[106.46758,11.54286],[106.45805,11.54434],[106.45293,11.54137],[106.4478,11.54582],[106.44121,11.54582],[106.44047,11.54286],[106.43754,11.54434],[106.43828,11.54137],[106.43461,11.54137],[106.43461,11.53841],[106.43168,11.53989],[106.42875,11.51023],[106.42216,11.50726],[106.42216,11.50133],[106.42509,11.50133],[106.42289,11.49985],[106.42436,11.49243],[106.4141,11.47908],[106.41703,11.47612],[106.41044,11.47463],[106.41117,11.4687],[106.40238,11.46722],[106.40531,11.46277],[106.39432,11.46129],[106.39066,11.45684],[106.38773,11.4598],[106.38187,11.45239],[106.37308,11.45239],[106.37088,11.45535],[106.36869,11.4509],[106.37088,11.44794],[106.36356,11.44201],[106.36649,11.44201],[106.36429,11.43904],[106.36722,11.43904],[106.36722,11.43459],[106.36136,11.43014],[106.36356,11.42866],[106.36283,11.42273],[106.35916,11.42421],[106.3577,11.42124],[106.35843,11.399],[106.3555,11.399],[106.35623,11.39455],[106.35184,11.39603],[106.34818,11.38861],[106.34964,11.37675],[106.34525,11.37972],[106.34525,11.3634],[106.33939,11.36192],[106.33426,11.36489],[106.33572,11.36044],[106.32986,11.3545],[106.33133,11.34857],[106.3262,11.34412],[106.32693,11.33967],[106.33719,11.33374],[106.33939,11.32781],[106.34305,11.32929],[106.34232,11.32484],[106.34451,11.32484],[106.33499,11.30111],[106.33572,11.2937],[106.33939,11.29221],[106.33865,11.29815],[106.34305,11.29666],[106.34451,11.2937],[106.34012,11.2937],[106.34232,11.28332],[106.34451,11.28332],[106.34525,11.28925],[106.35111,11.28925],[106.35623,11.2848],[106.35257,11.28332],[106.35477,11.27887],[106.34964,11.26255],[106.36356,11.26255],[106.3599,11.25514],[106.35111,11.25217],[106.35111,11.24772],[106.35623,11.24624],[106.35843,11.23882],[106.36356,11.23882],[106.37088,11.24476],[106.37748,11.23586],[106.37821,11.22844],[106.38334,11.22844],[106.37967,11.21658],[106.3892,11.21213],[106.38334,11.1973],[106.38773,11.18543],[106.40018,11.18098],[106.40458,11.18395],[106.40531,11.1884],[106.40678,11.18395],[106.41044,11.18395],[106.40971,11.17208],[106.41777,11.17357],[106.42656,11.1706],[106.43022,11.17505],[106.43681,11.15725],[106.42949,11.14835],[106.44267,11.13501],[106.44707,11.13501],[106.44194,11.11424],[106.43681,11.10979],[106.43022,11.092],[106.42656,11.092],[106.42582,11.0653],[106.42143,11.06234],[106.42143,11.05195],[106.42436,11.04899],[106.42216,11.0475],[106.42143,11.03564],[106.41264,11.03267],[106.40824,11.02229],[106.40824,11.01488],[106.41337,11.00894],[106.39066,10.99856],[106.38041,10.99708],[106.37674,11.00005],[106.36209,10.99708],[106.35623,10.99115],[106.37308,10.9689],[106.41191,10.97335],[106.45,10.94369],[106.53277,10.90068],[106.50347,10.78796],[106.46318,10.75682],[106.48662,10.73012],[106.48882,10.73161],[106.49834,10.72567],[106.50127,10.72716],[106.5086,10.71678],[106.51959,10.72419],[106.52911,10.71826],[106.52691,10.70639],[106.53497,10.68563],[106.55035,10.68563],[106.55328,10.66635],[106.54889,10.65745],[106.55621,10.65745],[106.55548,10.65004],[106.565,10.653],[106.56573,10.65597],[106.57306,10.65449],[106.57526,10.64855],[106.57819,10.64855],[106.57965,10.65597],[106.58258,10.65597],[106.58331,10.653],[106.58991,10.653],[106.59137,10.65004],[106.5943,10.65004],[106.59503,10.653],[106.5987,10.653],[106.60016,10.65004],[106.60602,10.65894],[106.61628,10.65449],[106.61774,10.65004],[106.62433,10.64707],[106.6214,10.6441],[106.62214,10.63966],[106.62873,10.64262],[106.62946,10.62631],[106.63313,10.62482],[106.64118,10.62631],[106.64631,10.63521],[106.65217,10.63224],[106.65217,10.63817],[106.65657,10.63817],[106.65583,10.6441],[106.66243,10.63966],[106.67048,10.63966],[106.67341,10.6441],[106.68001,10.64559],[106.68587,10.653],[106.68513,10.65597],[106.68733,10.65597],[106.69026,10.64855],[106.70052,10.65449],[106.70491,10.65004],[106.71297,10.65004],[106.71736,10.64559],[106.72249,10.64559],[106.72249,10.64114],[106.72982,10.63669],[106.73275,10.62927],[106.72835,10.62779],[106.72835,10.62334],[106.73128,10.62186],[106.72689,10.61593],[106.73275,10.60999],[106.72762,10.60851],[106.72689,10.61148],[106.72249,10.61148],[106.72176,10.60703],[106.71883,10.60703],[106.72176,10.59961],[106.72029,10.59516],[106.72322,10.59368],[106.72322,10.58775],[106.72469,10.58478],[106.72689,10.58626],[106.72835,10.58033],[106.73275,10.58033],[106.73494,10.58626],[106.73788,10.58626],[106.73934,10.58181],[106.73494,10.57737],[106.743,10.57885],[106.7452,10.57588],[106.74154,10.56105],[106.74813,10.52546],[106.7474,10.51952],[106.73494,10.49728],[106.70491,10.47207],[106.69173,10.44982],[106.6822,10.43944],[106.67488,10.43796],[106.66389,10.44092],[106.6595,10.44982],[106.65876,10.47503],[106.65144,10.48393],[106.64411,10.48393],[106.63825,10.47948],[106.63313,10.4602],[106.62653,10.4513],[106.61042,10.44537],[106.59723,10.43647],[106.58478,10.43647],[106.58405,10.42906],[106.58917,10.42016],[106.58698,10.41719],[106.57379,10.41423],[106.57159,10.41126],[106.56866,10.41423],[106.55768,10.41274],[106.55841,10.42461],[106.54742,10.42461],[106.54742,10.42906],[106.54303,10.42906],[106.53717,10.42016],[106.52764,10.43351],[106.51885,10.42461],[106.51006,10.42906],[106.50786,10.42312],[106.5042,10.42312],[106.49907,10.41571],[106.49688,10.41719],[106.49688,10.41423],[106.48809,10.41126],[106.48589,10.40384],[106.48149,10.40533],[106.48003,10.39643],[106.46684,10.39643],[106.46245,10.39939],[106.45879,10.39495],[106.45586,10.39495],[106.45366,10.40088],[106.45,10.39791],[106.4478,10.39939],[106.44853,10.40384],[106.45439,10.40088],[106.46025,10.40533],[106.45366,10.41274],[106.44853,10.41126],[106.44047,10.41571],[106.43974,10.41274],[106.42949,10.41423],[106.42802,10.40978],[106.42216,10.41719],[106.4207,10.42757],[106.4141,10.43054],[106.41703,10.43499],[106.42656,10.43351],[106.43901,10.44537],[106.44267,10.44389],[106.44633,10.4513],[106.45366,10.4513],[106.44414,10.45872],[106.44194,10.45724],[106.44121,10.46762],[106.43901,10.46613],[106.43022,10.47355],[106.42582,10.47355],[106.42363,10.47948],[106.4163,10.48245],[106.41703,10.48838],[106.40311,10.49283],[106.39945,10.48393],[106.39432,10.48541],[106.39213,10.478],[106.38627,10.47652],[106.38407,10.47948],[106.37967,10.47948],[106.37967,10.48245],[106.37015,10.48838],[106.37381,10.49431],[106.36795,10.49728],[106.37162,10.50618],[106.36576,10.51063],[106.36869,10.51804],[106.36136,10.52249],[106.35477,10.52249],[106.35111,10.52842],[106.34744,10.52842],[106.34818,10.54474],[106.34451,10.54325],[106.33939,10.54622],[106.34012,10.54919],[106.33499,10.55067],[106.31961,10.56995],[106.31009,10.5655],[106.28591,10.58775],[106.20973,10.57885],[106.19362,10.58033],[106.09912,10.57588],[106.10132,10.57588],[106.10205,10.52249],[105.91013,10.53881],[105.83541,10.63669],[105.80465,10.65449],[105.78048,10.65894],[105.60614,10.82059],[105.59588,10.83097],[105.61126,10.83097],[105.61053,10.83542],[105.5827,10.89178],[105.51384,10.92292],[105.49772,10.95407],[105.50578,10.94962],[105.53582,10.9511],[105.5512,10.95852],[105.57317,10.96149],[105.63178,10.97928],[105.65741,10.98373],[105.69477,11.00153],[105.70722,11.01488],[105.72334,11.02377],[105.73506,11.02674],[105.75264,11.02526],[105.77755,11.03267],[105.80685,10.97187],[105.83908,10.93479],[105.86398,10.8992],[105.84713,10.86657],[105.84933,10.86212],[105.89182,10.8458],[105.9343,10.83839],[105.93577,10.8458],[105.92991,10.84877],[105.92918,10.8636],[105.93064,10.86657],[105.93943,10.86953],[105.93943,10.8725],[105.94822,10.87547],[105.95555,10.88436],[105.95042,10.88881],[105.95188,10.89623],[105.94383,10.90958],[105.94163,10.91699],[105.94456,10.91699],[105.97606,10.8903],[106.01122,10.8547],[106.07129,10.81169],[106.09473,10.80724],[106.16431,10.81169],[106.18995,10.78945],[106.18629,10.84136],[106.16285,10.87843],[106.16212,10.88733],[106.13721,10.91551],[106.1504,10.94072],[106.14454,10.94962],[106.14307,10.9778],[106.15186,10.98225],[106.16724,10.97483],[106.17164,10.97928],[106.19288,10.97335],[106.20534,10.9778],[106.19288,11.00153],[106.18629,11.05344],[106.15479,11.1009],[106.1438,11.1009],[106.13868,11.09496],[106.12256,11.08903],[106.10864,11.07123],[106.10205,11.07123],[106.09766,11.07865],[106.09912,11.08755],[106.0896,11.09941],[106.08374,11.1009],[106.07568,11.09645],[106.06689,11.11128],[106.05883,11.11869],[106.02147,11.14094],[106.01708,11.14984],[106.01122,11.18988],[105.98705,11.19136],[105.97752,11.1973],[105.96654,11.19433],[105.9409,11.20471],[105.93284,11.21361],[105.92625,11.21658],[105.91013,11.24031],[105.9072,11.25514],[105.91086,11.26552],[105.90647,11.27145],[105.9072,11.28035],[105.89768,11.28035],[105.89109,11.28628],[105.8757,11.28628],[105.86911,11.27738],[105.86398,11.27887],[105.86325,11.28925],[105.87058,11.30556],[105.86691,11.31743],[105.87424,11.32781],[105.8779,11.35154],[105.88303,11.35895],[105.8823,11.36785],[105.87058,11.3723],[105.86984,11.37823],[105.87863,11.3901],[105.87058,11.40345],[105.8801,11.40641],[105.88523,11.41086],[105.88889,11.42273],[105.90061,11.42866],[105.90354,11.44646],[105.90061,11.44646],[105.89988,11.45239],[105.88742,11.4509],[105.88449,11.45535],[105.88156,11.45387],[105.8779,11.46277],[105.87717,11.4598],[105.87424,11.46277],[105.87644,11.47018],[105.87937,11.47018],[105.87717,11.47612],[105.8801,11.48353],[105.88449,11.48353],[105.88376,11.49243],[105.87863,11.50133],[105.88083,11.50281],[105.8801,11.51171],[105.88376,11.51023],[105.8823,11.51468],[105.88523,11.52654],[105.8801,11.54582],[105.87204,11.55175],[105.87351,11.55472],[105.86545,11.55769],[105.86545,11.56214],[105.86252,11.56065],[105.86252,11.5651],[105.85226,11.56362],[105.85153,11.56065],[105.84787,11.56362],[105.84494,11.56065],[105.84494,11.56362],[105.83395,11.56362],[105.83395,11.56955],[105.82882,11.56362],[105.82076,11.57103],[105.82003,11.56659],[105.8171,11.56807],[105.81857,11.57252],[105.8149,11.57548],[105.81783,11.58142],[105.81051,11.58735],[105.81051,11.60663],[105.81344,11.60811],[105.80978,11.61849],[105.82882,11.61998],[105.83688,11.63777],[105.83688,11.64816],[105.84274,11.64964],[105.8508,11.6615],[105.88083,11.67633],[105.89035,11.67633],[105.9072,11.66002],[105.92551,11.64816],[105.95335,11.63926],[105.95994,11.65112],[105.9658,11.6526],[105.97166,11.6615],[105.97972,11.66744],[105.98119,11.67782],[105.97679,11.68375],[105.98265,11.69265],[105.99437,11.70303],[106.00023,11.70155],[106.00316,11.70451],[106.00829,11.71934],[106.01488,11.72676],[106.01488,11.73566],[106.00902,11.74901],[106.01561,11.76829],[106.02147,11.77422],[106.031,11.77422],[106.03905,11.77867],[106.04784,11.77422],[106.05737,11.78163],[106.06762,11.78163],[106.07275,11.77273],[106.08887,11.7668],[106.09326,11.75642],[106.09985,11.75642],[106.10278,11.74901],[106.11011,11.74307],[106.13721,11.74456],[106.15406,11.73566],[106.16724,11.74901],[106.17823,11.74604],[106.18263,11.75197],[106.18922,11.75345],[106.19508,11.74011],[106.20827,11.72972],[106.21852,11.72824],[106.22951,11.73121],[106.2405,11.72676],[106.24929,11.72824],[106.25661,11.72528],[106.26174,11.72083],[106.26613,11.72083],[106.26906,11.71341],[106.27273,11.71341],[106.27053,11.70451],[106.29837,11.68078],[106.29837,11.67485],[106.31741,11.67633],[106.32913,11.68672],[106.33279,11.68672],[106.33499,11.68078],[106.34012,11.68078],[106.36429,11.69561],[106.38407,11.6971],[106.3892,11.69265],[106.39945,11.69116],[106.4141,11.67782],[106.42582,11.67782],[106.42729,11.67188],[106.43535,11.66892],[106.44926,11.6704]]],[[[106.45073,11.67188],[106.45073,11.67188],[106.45073,11.67188],[106.45073,11.67188]]]]}},{"type":"Feature","properties":{"id":"can-tho","name":"Cần Thơ","type":"Thành phố","region":"Đồng bằng sông Cửu Long","mergedFrom":["Cần Thơ","Sóc Trăng","Hậu Giang"],"areaKm2":6360.83,"population":4199824},"geometry":{"type":"MultiPolygon","coordinates":[[[[105.98192,9.88328],[105.99437,9.86697],[106.00609,9.84472],[106.04858,9.80468],[106.06835,9.77798],[106.10645,9.75573],[106.17237,9.68455],[106.20827,9.65044],[106.24782,9.61632],[106.27859,9.59853],[106.27199,9.58963],[106.29031,9.58073],[106.29397,9.5748],[106.28884,9.54959],[106.28152,9.53179],[106.27859,9.52734],[106.27639,9.52882],[106.27566,9.52289],[106.27053,9.51992],[106.25808,9.50213],[106.24636,9.49471],[106.2361,9.49323],[106.23171,9.49619],[106.21779,9.52586],[106.2068,9.51547],[106.2112,9.50658],[106.2068,9.47246],[106.20827,9.46505],[106.19948,9.4517],[106.18336,9.43835],[106.17896,9.43835],[106.17237,9.42501],[106.16651,9.42352],[106.16724,9.41759],[106.1819,9.41611],[106.18922,9.40869],[106.18702,9.38645],[106.18995,9.37903],[106.1797,9.36568],[106.15772,9.34937],[106.13135,9.34047],[106.12842,9.33305],[106.10938,9.33305],[106.10205,9.3375],[106.08227,9.33305],[106.07275,9.32712],[106.06249,9.32712],[106.0537,9.32119],[106.04272,9.32119],[106.03393,9.31526],[106.02953,9.31674],[106.02294,9.31229],[106.01122,9.31081],[105.97679,9.29894],[105.968,9.29153],[105.95555,9.29153],[105.89475,9.26928],[105.89328,9.27076],[105.89109,9.2678],[105.88742,9.26928],[105.88596,9.26632],[105.86691,9.25742],[105.82736,9.24407],[105.8193,9.27076],[105.8193,9.27373],[105.82589,9.2767],[105.81197,9.33899],[105.83029,9.34937],[105.84713,9.35382],[105.85373,9.35975],[105.85886,9.35975],[105.85666,9.3731],[105.85226,9.37903],[105.85666,9.38348],[105.85226,9.38496],[105.853,9.38793],[105.8486,9.38793],[105.84787,9.39683],[105.8464,9.39979],[105.84201,9.39979],[105.84274,9.40424],[105.83102,9.40128],[105.83102,9.39831],[105.83468,9.39979],[105.83175,9.39089],[105.82076,9.39386],[105.82223,9.38496],[105.8193,9.37903],[105.81344,9.37755],[105.81783,9.37161],[105.80978,9.37013],[105.80611,9.37606],[105.79732,9.37458],[105.79659,9.37755],[105.79,9.37903],[105.79073,9.38348],[105.78414,9.38348],[105.77681,9.39386],[105.78487,9.40128],[105.77755,9.40276],[105.77169,9.41166],[105.76949,9.40869],[105.7629,9.41017],[105.76216,9.41314],[105.75704,9.40869],[105.75191,9.40869],[105.75118,9.41166],[105.75118,9.40573],[105.74751,9.40721],[105.74165,9.39979],[105.73652,9.40128],[105.73726,9.39534],[105.727,9.39534],[105.727,9.39238],[105.72334,9.39089],[105.71528,9.39089],[105.70942,9.39831],[105.70503,9.39683],[105.70796,9.39534],[105.70503,9.37755],[105.69331,9.38051],[105.68525,9.37755],[105.68232,9.38496],[105.67719,9.38348],[105.6728,9.39089],[105.65595,9.38496],[105.64936,9.38793],[105.64716,9.39534],[105.6413,9.39386],[105.63617,9.39683],[105.64057,9.40128],[105.64057,9.40721],[105.61932,9.41462],[105.61493,9.40573],[105.61126,9.41166],[105.60174,9.41611],[105.60247,9.42056],[105.59954,9.42352],[105.59442,9.42056],[105.58782,9.42501],[105.57977,9.41017],[105.54461,9.45022],[105.54314,9.47098],[105.5468,9.48136],[105.55559,9.55997],[105.54827,9.58518],[105.54314,9.58518],[105.53728,9.59111],[105.53582,9.59704],[105.5219,9.59556],[105.52117,9.58815],[105.51384,9.58963],[105.51237,9.5837],[105.50358,9.58666],[105.50505,9.59111],[105.4926,9.59111],[105.49333,9.58666],[105.4882,9.58221],[105.48527,9.58518],[105.47648,9.5837],[105.47502,9.58666],[105.47795,9.58963],[105.47062,9.59704],[105.46183,9.58666],[105.4589,9.58963],[105.44865,9.58666],[105.44645,9.59704],[105.44059,9.59408],[105.42887,9.60001],[105.4296,9.59556],[105.42154,9.59556],[105.41715,9.59259],[105.41788,9.59853],[105.41422,9.60149],[105.40909,9.59704],[105.39883,9.59853],[105.39957,9.59408],[105.39517,9.58815],[105.38785,9.58963],[105.38565,9.58666],[105.37759,9.58666],[105.3732,9.59704],[105.37393,9.61187],[105.38052,9.61929],[105.38711,9.62077],[105.38931,9.62522],[105.39883,9.62226],[105.4003,9.6356],[105.40616,9.64302],[105.40103,9.6445],[105.40103,9.64747],[105.40616,9.65192],[105.39371,9.66082],[105.38785,9.65785],[105.37906,9.66082],[105.36953,9.65933],[105.3688,9.66527],[105.37393,9.66972],[105.3732,9.67268],[105.35488,9.66972],[105.35195,9.67713],[105.33877,9.67565],[105.33804,9.68751],[105.32851,9.69789],[105.32851,9.70234],[105.33584,9.70234],[105.35562,9.71124],[105.37173,9.73052],[105.39004,9.73497],[105.39371,9.74535],[105.40396,9.75129],[105.41129,9.74832],[105.41495,9.7587],[105.41275,9.76167],[105.40689,9.76018],[105.4047,9.77057],[105.41422,9.77057],[105.41422,9.77353],[105.40909,9.77205],[105.41056,9.77798],[105.41642,9.77353],[105.41349,9.77946],[105.41788,9.7765],[105.41861,9.78243],[105.42081,9.77798],[105.42228,9.7854],[105.42594,9.78243],[105.42594,9.78836],[105.43693,9.79281],[105.43326,9.79578],[105.43033,9.81654],[105.45597,9.82247],[105.46476,9.82989],[105.47648,9.83286],[105.49626,9.84324],[105.52043,9.85955],[105.51604,9.86252],[105.5175,9.86697],[105.53875,9.91294],[105.36294,10.0746],[105.35635,10.08201],[105.35269,10.10129],[105.31753,10.14134],[105.31093,10.13541],[105.30361,10.1443],[105.29775,10.13837],[105.27431,10.1621],[105.22596,10.20214],[105.26039,10.24664],[105.26698,10.23922],[105.28896,10.25998],[105.28676,10.26295],[105.30068,10.27778],[105.30581,10.26888],[105.3124,10.27333],[105.33584,10.23477],[105.38785,10.2496],[105.43986,10.26888],[105.44132,10.27037],[105.42594,10.30299],[105.43986,10.30596],[105.44718,10.30448],[105.45084,10.30893],[105.45304,10.30596],[105.4567,10.30893],[105.47721,10.31041],[105.48454,10.31634],[105.48674,10.32376],[105.49479,10.32524],[105.51457,10.30596],[105.52336,10.30448],[105.54534,10.28965],[105.59661,10.24219],[105.61786,10.20956],[105.62445,10.18583],[105.64789,10.16655],[105.64936,10.16062],[105.65815,10.15024],[105.70869,10.11909],[105.73359,10.09833],[105.75044,10.09091],[105.76436,10.07905],[105.78194,10.07015],[105.81271,10.03159],[105.82809,10.00341],[105.8486,9.9782],[105.87277,9.95447],[105.905,9.93222],[105.92185,9.93074],[105.94236,9.91294],[105.96068,9.90256],[105.97606,9.88476],[105.98192,9.88328]]]]}},{"type":"Feature","properties":{"id":"vinh-long","name":"Vĩnh Long","type":"Tỉnh","region":"Đồng bằng sông Cửu Long","mergedFrom":["Bến Tre","Trà Vinh","Vĩnh Long"],"areaKm2":6296.2,"population":4257581},"geometry":{"type":"MultiPolygon","coordinates":[[[[106.63825,9.81951],[106.63752,9.81951],[106.63825,9.82099],[106.63899,9.82099],[106.63972,9.82247],[106.64045,9.82247],[106.64045,9.82396],[106.64118,9.82396],[106.64118,9.82247],[106.64045,9.82247],[106.63972,9.82099],[106.63972,9.81951],[106.63899,9.81951],[106.63825,9.81951]]],[[[106.64411,9.82247],[106.64265,9.82544],[106.64631,9.82841],[106.64411,9.82247]]],[[[106.65217,9.82544],[106.64851,9.82396],[106.6551,9.83286],[106.65217,9.82544]]],[[[106.65071,9.82989],[106.64924,9.83137],[106.64997,9.83286],[106.65071,9.83286],[106.65144,9.83286],[106.65144,9.83137],[106.65071,9.82989]]],[[[106.7181,10.04494],[106.71517,10.04049],[106.71443,10.04494],[106.7181,10.04494]]],[[[105.98192,9.88328],[105.97606,9.88476],[105.96068,9.90256],[105.94236,9.91294],[105.92185,9.93074],[105.905,9.93222],[105.87277,9.95447],[105.8486,9.9782],[105.82809,10.00341],[105.81271,10.03159],[105.78194,10.07015],[105.76436,10.07905],[105.75044,10.09091],[105.73359,10.09833],[105.70869,10.11909],[105.68232,10.13392],[105.68671,10.13985],[105.68452,10.14282],[105.7248,10.20066],[105.727,10.20511],[105.7248,10.20659],[105.74751,10.19769],[105.76436,10.17841],[105.77462,10.1888],[105.80099,10.15469],[105.80831,10.15469],[105.81783,10.14875],[105.8486,10.15024],[105.8508,10.16062],[105.86472,10.1532],[105.86765,10.15617],[105.86984,10.15469],[105.87424,10.16655],[105.86984,10.16952],[105.8757,10.1799],[105.8757,10.1888],[105.88962,10.1888],[105.89475,10.18583],[105.89914,10.19176],[105.9116,10.19176],[105.91965,10.21104],[105.91306,10.22587],[105.90134,10.23329],[105.90207,10.24515],[105.89035,10.24367],[105.88376,10.25405],[105.88449,10.2585],[105.8823,10.25702],[105.8779,10.26443],[105.88303,10.26592],[105.89402,10.2763],[105.90061,10.27333],[105.92698,10.28371],[105.93577,10.2941],[105.97899,10.32821],[105.99071,10.33117],[106.03393,10.29854],[106.07715,10.27778],[106.09326,10.27778],[106.10278,10.28371],[106.14307,10.28371],[106.20534,10.31486],[106.25295,10.32079],[106.28518,10.32821],[106.2969,10.31931],[106.30642,10.31931],[106.34378,10.32969],[106.34525,10.33266],[106.36869,10.34007],[106.39506,10.33711],[106.4478,10.30596],[106.47563,10.30596],[106.50347,10.28816],[106.52178,10.28075],[106.5357,10.2674],[106.5943,10.2496],[106.61335,10.24812],[106.64558,10.23922],[106.69978,10.21697],[106.73494,10.19918],[106.72982,10.19176],[106.73275,10.1888],[106.74374,10.18583],[106.75839,10.17397],[106.76937,10.17397],[106.77743,10.16952],[106.79062,10.1532],[106.79208,10.1443],[106.78695,10.13244],[106.77597,10.13096],[106.77084,10.13392],[106.75106,10.12502],[106.75179,10.13837],[106.75033,10.13096],[106.75179,10.12206],[106.76644,10.13096],[106.78476,10.12799],[106.78622,10.12057],[106.77963,10.11612],[106.7789,10.11019],[106.78329,10.11761],[106.78842,10.11761],[106.79062,10.10871],[106.78036,10.09091],[106.75839,10.0657],[106.73641,10.04642],[106.72982,10.0479],[106.74007,10.06422],[106.73494,10.06273],[106.72542,10.05087],[106.7181,10.04642],[106.70198,10.04197],[106.69246,10.04345],[106.6888,10.0479],[106.69392,10.04939],[106.69978,10.05828],[106.70271,10.05828],[106.69978,10.05977],[106.70052,10.06867],[106.69685,10.07312],[106.69612,10.0657],[106.68074,10.0568],[106.67781,10.05235],[106.68001,10.04197],[106.67781,10.04049],[106.68074,10.039],[106.68001,10.03604],[106.68294,10.03752],[106.68587,10.03456],[106.69026,10.02269],[106.68953,10.01527],[106.67415,10.00193],[106.66755,10.00044],[106.66975,10.00341],[106.66609,10.00341],[106.66316,9.99303],[106.64704,9.97375],[106.63386,9.97078],[106.62214,9.9782],[106.61115,9.97671],[106.59943,9.98116],[106.58185,9.99303],[106.57159,9.9782],[106.57745,9.97375],[106.57379,9.96633],[106.58038,9.97375],[106.60236,9.95595],[106.62873,9.95002],[106.63825,9.9426],[106.63972,9.93815],[106.64192,9.93964],[106.6595,9.93074],[106.66536,9.92332],[106.66975,9.90553],[106.67781,9.90108],[106.68513,9.88921],[106.69026,9.88625],[106.6888,9.87586],[106.66536,9.84027],[106.6595,9.83434],[106.65364,9.83286],[106.65217,9.83879],[106.64997,9.83879],[106.64485,9.82841],[106.64265,9.83286],[106.64192,9.82544],[106.63386,9.81802],[106.63752,9.81506],[106.62946,9.81209],[106.62946,9.80764],[106.62507,9.80319],[106.61115,9.80319],[106.60675,9.80913],[106.60382,9.80913],[106.60602,9.81209],[106.59943,9.81061],[106.59357,9.81654],[106.5943,9.82099],[106.58771,9.82396],[106.58112,9.83286],[106.58185,9.83582],[106.57965,9.83434],[106.55914,9.85658],[106.53277,9.87586],[106.50713,9.90701],[106.48662,9.92332],[106.48809,9.92629],[106.48076,9.92777],[106.47197,9.93519],[106.46025,9.92777],[106.48442,9.91294],[106.50274,9.89366],[106.51959,9.86993],[106.54596,9.84917],[106.54156,9.83879],[106.53204,9.8373],[106.52764,9.83137],[106.52252,9.83137],[106.51153,9.84917],[106.48882,9.8729],[106.45073,9.90404],[106.43901,9.89218],[106.48369,9.84769],[106.49468,9.82989],[106.50713,9.81654],[106.50786,9.81209],[106.51666,9.80764],[106.51885,9.80023],[106.51812,9.76612],[106.54083,9.74832],[106.5357,9.73794],[106.54449,9.75129],[106.56207,9.74535],[106.5694,9.73794],[106.57159,9.72014],[106.56866,9.71717],[106.57086,9.71421],[106.57013,9.69789],[106.5672,9.69344],[106.5694,9.69196],[106.57452,9.69493],[106.57965,9.68603],[106.57745,9.66378],[106.56866,9.63709],[106.55182,9.60594],[106.53863,9.58963],[106.53497,9.58963],[106.53131,9.58073],[106.50127,9.557],[106.45512,9.5392],[106.4478,9.5392],[106.42143,9.53031],[106.41191,9.53031],[106.42363,9.54514],[106.42363,9.54959],[106.4141,9.53624],[106.40824,9.54365],[106.40385,9.54365],[106.39945,9.53327],[106.37674,9.52882],[106.37088,9.53179],[106.36722,9.5481],[106.37821,9.56738],[106.37748,9.57035],[106.36722,9.54959],[106.36356,9.5481],[106.34525,9.57183],[106.32913,9.58518],[106.31668,9.58963],[106.28884,9.60743],[106.27859,9.59853],[106.24782,9.61632],[106.17677,9.6801],[106.11304,9.7498],[106.09106,9.76612],[106.06835,9.77798],[106.04858,9.80468],[106.00609,9.84472],[105.99437,9.86697],[105.98192,9.88328]]],[[[106.40531,9.54365],[106.40898,9.54069],[106.40531,9.54069],[106.40531,9.54365]]],[[[106.49248,9.84917],[106.50054,9.84324],[106.5042,9.83137],[106.49541,9.83879],[106.49102,9.84769],[106.49248,9.84917]]],[[[106.45659,9.89663],[106.47344,9.88476],[106.50567,9.84917],[106.50274,9.84917],[106.47051,9.87883],[106.45659,9.89663]]]]}},{"type":"Feature","properties":{"id":"dong-thap","name":"Đồng Tháp","type":"Tỉnh","region":"Đồng bằng sông Cửu Long","mergedFrom":["Tiền Giang","Đồng Tháp"],"areaKm2":5938.64,"population":4370046},"geometry":{"type":"MultiPolygon","coordinates":[[[[105.49772,10.95407],[105.51384,10.92292],[105.5827,10.89178],[105.61053,10.83542],[105.61126,10.83097],[105.59588,10.83097],[105.60614,10.82059],[105.78048,10.65894],[105.80465,10.65449],[105.83541,10.63669],[105.91013,10.53881],[106.10205,10.52249],[106.10132,10.57588],[106.09912,10.57588],[106.19362,10.58033],[106.20973,10.57885],[106.28591,10.58775],[106.31009,10.5655],[106.31961,10.56995],[106.33499,10.55067],[106.34012,10.54919],[106.33939,10.54622],[106.34451,10.54325],[106.34818,10.54474],[106.34744,10.52842],[106.35111,10.52842],[106.35477,10.52249],[106.36136,10.52249],[106.36869,10.51804],[106.36576,10.51063],[106.37162,10.50618],[106.36795,10.49728],[106.37381,10.49431],[106.37015,10.48838],[106.37967,10.48245],[106.37967,10.47948],[106.38407,10.47948],[106.38627,10.47652],[106.39213,10.478],[106.39432,10.48541],[106.39945,10.48393],[106.40311,10.49283],[106.41703,10.48838],[106.4163,10.48245],[106.42363,10.47948],[106.42582,10.47355],[106.43022,10.47355],[106.43901,10.46613],[106.44121,10.46762],[106.44194,10.45724],[106.44414,10.45872],[106.45366,10.4513],[106.44633,10.4513],[106.44267,10.44389],[106.43901,10.44537],[106.42656,10.43351],[106.41703,10.43499],[106.4141,10.43054],[106.4207,10.42757],[106.42216,10.41719],[106.42802,10.40978],[106.42949,10.41423],[106.43974,10.41274],[106.44047,10.41571],[106.44853,10.41126],[106.45366,10.41274],[106.46025,10.40533],[106.45439,10.40088],[106.44853,10.40384],[106.4478,10.39939],[106.45,10.39791],[106.45366,10.40088],[106.45586,10.39495],[106.46245,10.39939],[106.46684,10.39643],[106.48003,10.39643],[106.48149,10.40533],[106.48589,10.40384],[106.48809,10.41126],[106.49688,10.41423],[106.49688,10.41719],[106.49907,10.41571],[106.5042,10.42312],[106.50786,10.42312],[106.51006,10.42906],[106.51885,10.42461],[106.52764,10.43351],[106.53717,10.42016],[106.54303,10.42906],[106.54742,10.42906],[106.54742,10.42461],[106.55841,10.42461],[106.55768,10.41274],[106.56866,10.41423],[106.57159,10.41126],[106.57379,10.41423],[106.58698,10.41719],[106.58917,10.42016],[106.58405,10.42906],[106.58478,10.43647],[106.59723,10.43647],[106.61042,10.44537],[106.62653,10.4513],[106.63313,10.4602],[106.63825,10.47948],[106.64411,10.48393],[106.65144,10.48393],[106.65876,10.47503],[106.6595,10.44982],[106.66389,10.44092],[106.67488,10.43796],[106.6822,10.43944],[106.69173,10.44982],[106.70491,10.47207],[106.73494,10.49728],[106.76058,10.45427],[106.78695,10.42312],[106.77816,10.41423],[106.78476,10.40681],[106.78256,10.31338],[106.78036,10.31189],[106.78256,10.31041],[106.78329,10.29558],[106.77743,10.28371],[106.75692,10.26888],[106.75912,10.2674],[106.75253,10.2674],[106.7474,10.2585],[106.76351,10.24515],[106.7723,10.24219],[106.78256,10.22736],[106.78109,10.21994],[106.75619,10.20363],[106.74374,10.20214],[106.74007,10.20511],[106.73494,10.19918],[106.69978,10.21697],[106.64558,10.23922],[106.61335,10.24812],[106.5943,10.2496],[106.5357,10.2674],[106.52178,10.28075],[106.50347,10.28816],[106.47563,10.30596],[106.4478,10.30596],[106.39945,10.33562],[106.37821,10.34007],[106.36869,10.34007],[106.34525,10.33266],[106.34378,10.32969],[106.30642,10.31931],[106.2969,10.31931],[106.28518,10.32821],[106.25295,10.32079],[106.20534,10.31486],[106.14307,10.28371],[106.10278,10.28371],[106.09326,10.27778],[106.07715,10.27778],[106.03393,10.29854],[105.98998,10.33117],[105.97606,10.32672],[105.93577,10.2941],[105.92698,10.28371],[105.90061,10.27333],[105.89402,10.2763],[105.88303,10.26592],[105.8779,10.26443],[105.8823,10.25702],[105.88449,10.2585],[105.88376,10.25405],[105.89035,10.24367],[105.90207,10.24515],[105.90134,10.23329],[105.91306,10.22587],[105.91965,10.21104],[105.9116,10.19176],[105.89914,10.19176],[105.89475,10.18583],[105.88962,10.1888],[105.8757,10.1888],[105.8757,10.1799],[105.86984,10.16952],[105.87424,10.16655],[105.86984,10.15469],[105.86765,10.15617],[105.86472,10.1532],[105.8508,10.16062],[105.8486,10.15024],[105.83102,10.14875],[105.81783,10.14875],[105.80831,10.15469],[105.80099,10.15469],[105.77462,10.1888],[105.76436,10.17841],[105.74751,10.19769],[105.7248,10.20659],[105.727,10.20511],[105.7248,10.20066],[105.68452,10.14282],[105.68671,10.13985],[105.68232,10.13392],[105.65815,10.15024],[105.64936,10.16062],[105.64789,10.16655],[105.62445,10.18583],[105.61786,10.20956],[105.59661,10.24219],[105.54168,10.29261],[105.52336,10.30448],[105.51091,10.30893],[105.48747,10.33414],[105.49333,10.34897],[105.49626,10.34897],[105.49992,10.3549],[105.50651,10.3549],[105.51384,10.36232],[105.5197,10.36232],[105.52117,10.37122],[105.52776,10.37418],[105.52336,10.40088],[105.52996,10.40088],[105.53142,10.40829],[105.53655,10.40978],[105.53948,10.41423],[105.54534,10.41274],[105.55266,10.41719],[105.5512,10.42016],[105.54607,10.42016],[105.549,10.42461],[105.54827,10.43054],[105.55486,10.43499],[105.56512,10.42906],[105.57391,10.42906],[105.57537,10.44834],[105.57098,10.478],[105.5512,10.51952],[105.53508,10.53584],[105.51311,10.5477],[105.51018,10.54474],[105.50139,10.54622],[105.486,10.54177],[105.47868,10.53584],[105.44425,10.55364],[105.41861,10.54919],[105.41349,10.55067],[105.3959,10.56698],[105.36807,10.57588],[105.34243,10.63669],[105.3417,10.67377],[105.34829,10.71678],[105.3417,10.72271],[105.32485,10.72271],[105.30507,10.71678],[105.29115,10.71678],[105.27797,10.72271],[105.27504,10.72716],[105.2765,10.73161],[105.30141,10.74792],[105.30288,10.75979],[105.29115,10.76423],[105.27138,10.76423],[105.26039,10.77165],[105.25746,10.78203],[105.26039,10.78945],[105.25892,10.80279],[105.22816,10.80576],[105.21204,10.8458],[105.20545,10.85619],[105.18714,10.87398],[105.18714,10.91106],[105.19959,10.91106],[105.22157,10.89771],[105.23548,10.89326],[105.26478,10.89623],[105.27284,10.88881],[105.28529,10.88733],[105.28969,10.88288],[105.33877,10.85915],[105.3373,10.86508],[105.34023,10.86805],[105.34536,10.86657],[105.35415,10.87992],[105.35928,10.87992],[105.35928,10.88733],[105.36807,10.88733],[105.37173,10.90216],[105.37906,10.90216],[105.38418,10.91699],[105.39297,10.92441],[105.39664,10.92441],[105.39664,10.92737],[105.40763,10.93034],[105.40616,10.93479],[105.41129,10.93924],[105.41056,10.94221],[105.42667,10.97335],[105.43326,10.97335],[105.44279,10.96],[105.45084,10.95555],[105.45451,10.95555],[105.46476,10.96445],[105.47428,10.96445],[105.48234,10.95852],[105.48307,10.95259],[105.48893,10.94962],[105.49626,10.94814],[105.49772,10.95407]]]]}},{"type":"Feature","properties":{"id":"ca-mau","name":"Cà Mau","type":"Tỉnh","region":"Đồng bằng sông Cửu Long","mergedFrom":["Bạc Liêu","Cà Mau"],"areaKm2":7942.39,"population":2606672},"geometry":{"type":"MultiPolygon","coordinates":[[[[105.29482,9.38793],[105.30141,9.39238],[105.30654,9.38941],[105.30874,9.38348],[105.31899,9.382],[105.31093,9.41017],[105.30947,9.41314],[105.30581,9.41314],[105.30141,9.42649],[105.29409,9.43539],[105.29115,9.45318],[105.29262,9.4784],[105.29555,9.48136],[105.29409,9.49026],[105.29848,9.49471],[105.29995,9.50658],[105.30361,9.50361],[105.30727,9.50658],[105.31386,9.50213],[105.31679,9.50361],[105.31533,9.51102],[105.32046,9.51251],[105.32339,9.51696],[105.31972,9.52586],[105.32705,9.52437],[105.32925,9.52882],[105.32192,9.54662],[105.32412,9.55848],[105.31606,9.55997],[105.30727,9.55552],[105.3124,9.57331],[105.29482,9.5837],[105.28603,9.60001],[105.28896,9.61187],[105.28603,9.62522],[105.29189,9.63709],[105.29482,9.63709],[105.29628,9.62967],[105.30361,9.62819],[105.30288,9.61929],[105.308,9.60743],[105.32412,9.60446],[105.32851,9.59853],[105.33144,9.60446],[105.33804,9.60594],[105.33877,9.61187],[105.34243,9.61187],[105.34097,9.60594],[105.34756,9.60001],[105.34463,9.59259],[105.36441,9.59259],[105.36734,9.58815],[105.371,9.58815],[105.37027,9.59556],[105.3732,9.59704],[105.38052,9.58518],[105.38785,9.58963],[105.39517,9.58815],[105.39957,9.59408],[105.39883,9.59853],[105.40909,9.59704],[105.41422,9.60149],[105.41788,9.59853],[105.41715,9.59259],[105.42154,9.59556],[105.4296,9.59556],[105.42887,9.60001],[105.44059,9.59408],[105.44645,9.59704],[105.44865,9.58666],[105.45377,9.58963],[105.46183,9.58666],[105.47062,9.59704],[105.47795,9.58963],[105.47502,9.58666],[105.47648,9.5837],[105.48527,9.58518],[105.4882,9.58221],[105.49333,9.58666],[105.4926,9.59111],[105.50505,9.59111],[105.50358,9.58666],[105.51237,9.5837],[105.51384,9.58963],[105.52117,9.58815],[105.5219,9.59556],[105.53582,9.59704],[105.53728,9.59111],[105.54314,9.58518],[105.54827,9.58518],[105.55559,9.55997],[105.5468,9.48136],[105.54314,9.47098],[105.54461,9.45022],[105.57977,9.41017],[105.58782,9.42501],[105.59442,9.42056],[105.59954,9.42352],[105.60247,9.42056],[105.60174,9.41611],[105.61126,9.41166],[105.61493,9.40573],[105.61932,9.41462],[105.64057,9.40721],[105.64057,9.40128],[105.63617,9.39683],[105.6413,9.39386],[105.64716,9.39534],[105.64936,9.38793],[105.65595,9.38496],[105.6728,9.39089],[105.67719,9.38348],[105.68232,9.38496],[105.68525,9.37755],[105.69111,9.38051],[105.70503,9.37755],[105.70796,9.39386],[105.70503,9.39683],[105.70942,9.39831],[105.71528,9.39089],[105.72334,9.39089],[105.727,9.39238],[105.727,9.39534],[105.73726,9.39534],[105.73652,9.40128],[105.74165,9.39979],[105.74751,9.40721],[105.75118,9.40573],[105.75118,9.41166],[105.75191,9.40869],[105.75704,9.40869],[105.7607,9.41314],[105.76802,9.40869],[105.77169,9.41166],[105.77755,9.40276],[105.78487,9.40128],[105.77681,9.39386],[105.78414,9.38348],[105.79073,9.38348],[105.79,9.37903],[105.79659,9.37755],[105.79732,9.37458],[105.80611,9.37606],[105.80978,9.37013],[105.81783,9.37161],[105.81344,9.37755],[105.8193,9.37903],[105.82223,9.38496],[105.82076,9.39386],[105.83175,9.39089],[105.83468,9.39979],[105.83102,9.39831],[105.83102,9.40128],[105.84274,9.40424],[105.84201,9.39979],[105.8464,9.39979],[105.84787,9.39683],[105.8486,9.38793],[105.853,9.38793],[105.85226,9.38496],[105.85666,9.38348],[105.85226,9.37903],[105.85959,9.36272],[105.85886,9.35975],[105.85373,9.35975],[105.84713,9.35382],[105.83029,9.34937],[105.81197,9.33899],[105.82589,9.2767],[105.8193,9.27373],[105.82589,9.24259],[105.78634,9.22627],[105.77901,9.21886],[105.75337,9.20403],[105.74898,9.20551],[105.74385,9.20106],[105.74165,9.20403],[105.74019,9.19809],[105.7314,9.19809],[105.72114,9.19216],[105.71894,9.19364],[105.70136,9.18326],[105.69843,9.18475],[105.69624,9.18178],[105.67133,9.17288],[105.67206,9.16991],[105.66474,9.16695],[105.66108,9.16843],[105.65741,9.16398],[105.65448,9.16547],[105.64569,9.16102],[105.6435,9.15657],[105.64057,9.15805],[105.62811,9.15212],[105.62591,9.1536],[105.62152,9.14915],[105.60174,9.14174],[105.60028,9.14322],[105.59075,9.13729],[105.58123,9.13729],[105.58196,9.13284],[105.5761,9.13432],[105.53289,9.11504],[105.46916,9.07351],[105.42447,9.02012],[105.42008,9.01864],[105.41715,9.02161],[105.41788,9.02606],[105.41568,9.02606],[105.41422,9.01419],[105.40836,9.01122],[105.41056,9.00826],[105.40323,9.00381],[105.4025,8.99788],[105.39883,8.99639],[105.39517,8.98898],[105.39078,8.9697],[105.38785,8.96821],[105.39004,8.96525],[105.38858,8.95487],[105.37832,8.93114],[105.36294,8.90741],[105.36367,8.90148],[105.35415,8.87478],[105.33584,8.84067],[105.32412,8.8288],[105.31826,8.82584],[105.30581,8.82732],[105.29921,8.82436],[105.28749,8.83177],[105.27797,8.8288],[105.27284,8.83177],[105.27357,8.83622],[105.26259,8.8377],[105.25526,8.83177],[105.2538,8.82584],[105.2516,8.82732],[105.2516,8.82139],[105.24134,8.81694],[105.23182,8.80656],[105.21937,8.80804],[105.21204,8.79766],[105.18201,8.79766],[105.17175,8.78431],[105.16223,8.78283],[105.15564,8.77838],[105.14758,8.76948],[105.14465,8.76058],[105.12194,8.76058],[105.11608,8.768],[105.08385,8.77986],[105.07653,8.78728],[105.06993,8.78728],[105.06261,8.77838],[105.05309,8.77393],[105.04356,8.77393],[105.02086,8.76355],[105.00547,8.76355],[104.97691,8.7502],[104.97031,8.74575],[104.96738,8.73982],[104.96592,8.71609],[104.93955,8.70571],[104.92343,8.69533],[104.85165,8.69384],[104.82894,8.71757],[104.82308,8.73537],[104.83406,8.73537],[104.83699,8.73834],[104.8619,8.74279],[104.86703,8.74427],[104.86923,8.74872],[104.87509,8.74872],[104.87509,8.75317],[104.87875,8.75465],[104.87802,8.76058],[104.88168,8.7591],[104.87802,8.76207],[104.87875,8.76651],[104.88461,8.768],[104.88168,8.77096],[104.88461,8.77096],[104.88754,8.78135],[104.89779,8.78283],[104.89999,8.78728],[104.90439,8.79914],[104.90219,8.80804],[104.90439,8.81249],[104.89999,8.81101],[104.89706,8.80063],[104.889,8.79618],[104.85384,8.78579],[104.83187,8.77541],[104.82308,8.77541],[104.81136,8.77096],[104.80476,8.77393],[104.79011,8.79024],[104.77986,8.81546],[104.78865,8.85698],[104.79451,8.86292],[104.79158,8.87033],[104.7989,8.89851],[104.80403,8.9786],[104.80183,9.02309],[104.80476,9.02902],[104.81868,9.03199],[104.81429,9.03792],[104.80916,9.03792],[104.8033,9.04237],[104.80257,9.05572],[104.80843,9.11652],[104.80696,9.17881],[104.81502,9.21144],[104.81941,9.24555],[104.82381,9.34047],[104.82601,9.34344],[104.82454,9.35678],[104.82967,9.41314],[104.83406,9.53179],[104.83699,9.53327],[104.84505,9.53031],[104.85604,9.51547],[104.88095,9.49471],[104.91611,9.56145],[104.94541,9.53327],[104.96226,9.55552],[104.97764,9.54365],[104.99375,9.5392],[104.99888,9.54514],[105.00328,9.55848],[105.10656,9.49768],[105.26332,9.39831],[105.27138,9.39534],[105.2809,9.39683],[105.29482,9.38793]]],[[[104.83846,8.70422],[104.84725,8.69533],[104.84066,8.69681],[104.8304,8.70719],[104.82454,8.71461],[104.82381,8.72054],[104.83846,8.70422]]],[[[104.81722,8.72944],[104.81795,8.72054],[104.80989,8.72647],[104.81355,8.73092],[104.81722,8.72944]]],[[[105.1952,8.76355],[105.19886,8.76355],[105.20179,8.768],[105.20692,8.76651],[105.21204,8.76207],[105.2179,8.74872],[105.21131,8.75317],[105.20325,8.74723],[105.19446,8.74575],[105.19373,8.74279],[105.18567,8.7413],[105.18421,8.73685],[105.17981,8.73685],[105.17395,8.72499],[105.17542,8.72202],[105.16809,8.72054],[105.16736,8.71609],[105.1615,8.71312],[105.1593,8.70719],[105.15271,8.70571],[105.14172,8.69236],[105.13586,8.67753],[105.1278,8.67456],[105.13147,8.66715],[105.13,8.65825],[105.10876,8.63452],[105.09631,8.63304],[105.0736,8.62266],[105.07067,8.62266],[105.06993,8.62562],[105.06261,8.62562],[105.05748,8.62117],[105.05089,8.62117],[105.04063,8.61376],[105.01719,8.60634],[105.00767,8.60041],[105.01426,8.61376],[105.03551,8.63007],[105.03917,8.63749],[105.0443,8.63897],[105.04723,8.64342],[105.02086,8.62266],[105.00474,8.59893],[105.00108,8.59744],[104.9835,8.59893],[104.96079,8.58706],[104.90146,8.57668],[104.8934,8.57223],[104.85384,8.56778],[104.85018,8.56333],[104.83406,8.56333],[104.82674,8.56481],[104.82234,8.57075],[104.8033,8.57965],[104.74616,8.59151],[104.72492,8.60189],[104.72345,8.60041],[104.72199,8.60486],[104.71686,8.60634],[104.71247,8.63452],[104.71466,8.64045],[104.72565,8.6449],[104.72492,8.64787],[104.73005,8.64935],[104.73078,8.64638],[104.73811,8.64638],[104.73957,8.64194],[104.7425,8.64638],[104.75276,8.63304],[104.75715,8.63452],[104.75642,8.64045],[104.76228,8.63897],[104.76301,8.64194],[104.77034,8.6449],[104.774,8.64194],[104.7989,8.6538],[104.81722,8.65083],[104.80257,8.6627],[104.79817,8.66122],[104.79085,8.67011],[104.79378,8.67308],[104.78938,8.67901],[104.78645,8.69384],[104.78352,8.69088],[104.78059,8.69384],[104.78718,8.70126],[104.78572,8.70571],[104.78792,8.70422],[104.79085,8.70719],[104.78865,8.71164],[104.79451,8.71312],[104.79378,8.71906],[104.79744,8.71906],[104.7989,8.72351],[104.80989,8.72054],[104.83406,8.69681],[104.84578,8.68939],[104.91537,8.68939],[104.93295,8.69533],[104.93662,8.69978],[104.9476,8.70274],[104.96885,8.71609],[104.97031,8.73834],[104.97837,8.74723],[105.00254,8.7591],[105.02159,8.76058],[105.03697,8.76948],[105.05602,8.77245],[105.0714,8.78431],[105.09997,8.76948],[105.11315,8.76651],[105.11975,8.7591],[105.14465,8.75762],[105.15784,8.7769],[105.17249,8.78135],[105.18274,8.79469],[105.18714,8.79469],[105.18567,8.77541],[105.19153,8.76503],[105.1952,8.76355]]],[[[105.26771,8.83474],[105.27797,8.82732],[105.28676,8.83029],[105.29555,8.82732],[105.29921,8.82287],[105.31972,8.82287],[105.31167,8.81101],[105.29775,8.80063],[105.29335,8.79173],[105.26845,8.76651],[105.22376,8.75465],[105.20618,8.77096],[105.20032,8.77096],[105.19593,8.76651],[105.19227,8.76948],[105.1886,8.7769],[105.1908,8.79469],[105.20325,8.79766],[105.21278,8.79618],[105.22083,8.80656],[105.22523,8.80359],[105.23475,8.80656],[105.24208,8.81546],[105.2538,8.82139],[105.25966,8.83474],[105.26771,8.83474]]],[[[104.80037,9.1803],[104.80257,9.17733],[104.7989,9.17881],[104.80037,9.1803]]]]}},{"type":"Feature","properties":{"id":"an-giang","name":"An Giang","type":"Tỉnh","region":"Đồng bằng sông Cửu Long","mergedFrom":["Kiên Giang","An Giang"],"areaKm2":9888.91,"population":4952238},"geometry":{"type":"MultiPolygon","coordinates":[[[[103.46939,9.25445],[103.46719,9.25445],[103.46792,9.25742],[103.46939,9.25445]]],[[[103.48623,9.2767],[103.48404,9.27818],[103.4855,9.28411],[103.48623,9.2767]]],[[[103.48404,9.32119],[103.50528,9.32119],[103.50894,9.31822],[103.51114,9.30932],[103.50381,9.30784],[103.50088,9.30191],[103.50455,9.29746],[103.49502,9.30043],[103.48477,9.2856],[103.47525,9.2856],[103.47158,9.29004],[103.47525,9.30191],[103.45986,9.30191],[103.4584,9.30636],[103.46792,9.31674],[103.48404,9.32119]]],[[[103.52872,9.32861],[103.53531,9.32416],[103.53312,9.32119],[103.53458,9.31526],[103.52213,9.32119],[103.52872,9.32861]]],[[[103.54191,9.33009],[103.54337,9.32416],[103.53458,9.33009],[103.54264,9.33602],[103.54191,9.33009]]],[[[103.64153,9.38348],[103.6386,9.38645],[103.64153,9.38645],[103.64153,9.38348]]],[[[104.40701,9.63857],[104.40261,9.63709],[104.40188,9.63116],[104.40041,9.63412],[104.39382,9.6356],[104.39675,9.63857],[104.40408,9.63857],[104.40554,9.64154],[104.40701,9.63857]]],[[[104.36599,9.64005],[104.36379,9.64599],[104.36672,9.6445],[104.36599,9.64005]]],[[[104.36086,9.6445],[104.35939,9.65044],[104.36379,9.64747],[104.36086,9.6445]]],[[[104.36452,9.6534],[104.36599,9.65488],[104.36672,9.65192],[104.36379,9.65044],[104.36086,9.65488],[104.36452,9.6534]]],[[[104.39162,9.65637],[104.39309,9.65192],[104.38869,9.64599],[104.38943,9.65637],[104.39162,9.65637]]],[[[104.40334,9.67416],[104.40628,9.67416],[104.40115,9.66823],[104.40261,9.66378],[104.39455,9.65933],[104.39895,9.66675],[104.39895,9.67565],[104.40041,9.67713],[104.40334,9.67416]]],[[[104.38723,9.6801],[104.38723,9.67861],[104.38723,9.67713],[104.3865,9.67713],[104.38576,9.67713],[104.38576,9.67861],[104.38576,9.6801],[104.3865,9.6801],[104.38723,9.6801]]],[[[104.40261,9.6801],[104.40188,9.6801],[104.40188,9.68158],[104.40334,9.68306],[104.40408,9.68158],[104.40334,9.6801],[104.40261,9.6801]]],[[[104.38869,9.68158],[104.38723,9.6801],[104.38796,9.689],[104.39602,9.69196],[104.39382,9.68455],[104.38869,9.68158]]],[[[104.38576,9.70828],[104.38869,9.70828],[104.38869,9.70086],[104.3843,9.69641],[104.38283,9.70976],[104.38576,9.70828]]],[[[104.35939,9.69196],[104.35793,9.68603],[104.36232,9.66082],[104.35353,9.65933],[104.3528,9.66378],[104.34987,9.6623],[104.35134,9.66675],[104.34694,9.66823],[104.34548,9.67861],[104.34621,9.68603],[104.35134,9.68751],[104.3506,9.69344],[104.35427,9.69196],[104.35573,9.69493],[104.35353,9.71124],[104.35646,9.71124],[104.36086,9.70531],[104.36306,9.69493],[104.35939,9.69196]]],[[[104.36525,9.70976],[104.36525,9.71272],[104.36745,9.71124],[104.36525,9.70976]]],[[[104.34474,9.70086],[104.34401,9.70086],[104.34401,9.70234],[104.34328,9.70234],[104.34401,9.70383],[104.34328,9.70531],[104.34401,9.70531],[104.34401,9.70679],[104.34328,9.70679],[104.34328,9.70828],[104.34328,9.70976],[104.34255,9.71124],[104.34181,9.71124],[104.34255,9.71272],[104.34328,9.71272],[104.34328,9.71421],[104.34401,9.71421],[104.34474,9.71421],[104.34474,9.71272],[104.34401,9.71124],[104.34474,9.71124],[104.34474,9.70976],[104.34548,9.70828],[104.34548,9.70679],[104.34548,9.70531],[104.34548,9.70383],[104.34548,9.70234],[104.34474,9.70234],[104.34474,9.70086]]],[[[104.35427,9.71866],[104.35207,9.72311],[104.35353,9.72904],[104.35573,9.72459],[104.35427,9.71866]]],[[[104.36159,9.73645],[104.36232,9.74387],[104.36599,9.73942],[104.36159,9.73645]]],[[[104.63702,9.82247],[104.64434,9.81802],[104.65753,9.81802],[104.65606,9.80171],[104.6502,9.79578],[104.63848,9.79281],[104.63262,9.79281],[104.63262,9.79726],[104.62896,9.79874],[104.6209,9.79578],[104.60698,9.79578],[104.60772,9.80171],[104.61211,9.80319],[104.61651,9.81209],[104.62163,9.81357],[104.62823,9.82099],[104.63702,9.82247]]],[[[104.04514,9.81951],[104.04148,9.81951],[104.04368,9.82396],[104.04661,9.82247],[104.04514,9.81951]]],[[[104.09496,9.84324],[104.09276,9.85065],[104.09862,9.85214],[104.09496,9.84324]]],[[[103.99314,9.90404],[103.99387,9.90404],[103.9946,9.90404],[103.9946,9.90256],[103.99533,9.90256],[103.9946,9.90256],[103.99387,9.90108],[103.99314,9.90108],[103.99167,9.90256],[103.99167,9.90404],[103.9924,9.90404],[103.99314,9.90404]]],[[[104.0217,9.90553],[104.02097,9.90553],[104.02097,9.90701],[104.02097,9.90849],[104.0217,9.90849],[104.0217,9.90998],[104.02244,9.90998],[104.02317,9.90998],[104.0239,9.90849],[104.0239,9.90701],[104.02317,9.90701],[104.02244,9.90553],[104.0217,9.90553]]],[[[104.01804,9.91294],[104.01584,9.90849],[104.00998,9.91146],[104.01804,9.91294]]],[[[103.99021,9.91442],[103.99533,9.91294],[103.9924,9.90849],[103.98728,9.90849],[103.98581,9.91294],[103.99021,9.91442]]],[[[104.02463,9.91442],[104.02097,9.92036],[104.0261,9.91887],[104.02463,9.91442]]],[[[103.98215,9.92036],[103.97922,9.91739],[103.98068,9.92184],[103.98215,9.92036]]],[[[104.00266,9.92184],[104.00339,9.91442],[103.99533,9.91887],[103.99607,9.92184],[104.00266,9.92184]]],[[[104.01951,9.92777],[104.01658,9.92777],[104.01584,9.93222],[104.02244,9.93371],[104.02317,9.92926],[104.01951,9.92777]]],[[[104.01365,9.9693],[104.01877,9.96782],[104.0239,9.95892],[104.0217,9.95002],[104.02537,9.94854],[104.0261,9.9426],[104.02317,9.93964],[104.00998,9.94854],[104.01365,9.95299],[104.01072,9.95595],[104.01218,9.96337],[104.00925,9.96337],[104.00998,9.9693],[104.01365,9.9693]]],[[[104.4993,9.97078],[104.49784,9.97375],[104.50004,9.97375],[104.4993,9.97078]]],[[[104.85531,9.9782],[104.85751,9.97375],[104.84652,9.9693],[104.84139,9.9515],[104.83553,9.94854],[104.8282,9.95447],[104.82894,9.9693],[104.83626,9.97078],[104.83992,9.97523],[104.84359,9.97375],[104.85018,9.9782],[104.85531,9.9782]]],[[[104.01731,9.98561],[104.0239,9.97968],[104.0261,9.96782],[104.02024,9.97375],[104.01658,9.97375],[104.01291,9.98413],[104.01731,9.98561]]],[[[104.03635,9.99748],[104.04221,9.99303],[104.04148,9.99006],[104.03635,9.99748]]],[[[104.00779,10.00193],[104.01438,9.99599],[104.01291,9.99006],[104.00705,9.99303],[104.00779,10.00193]]],[[[104.02903,10.00638],[104.03562,10.00193],[104.03562,9.99896],[104.02903,10.00638]]],[[[104.54692,10.00786],[104.54619,10.00786],[104.54619,10.00934],[104.54692,10.00934],[104.54765,10.00934],[104.54838,10.00934],[104.54765,10.00786],[104.54692,10.00786]]],[[[104.46927,10.01824],[104.46854,10.02121],[104.47074,10.02121],[104.46927,10.01824]]],[[[104.53813,10.03752],[104.5374,10.03752],[104.53666,10.03752],[104.5374,10.03752],[104.5374,10.039],[104.53813,10.039],[104.53886,10.039],[104.53886,10.03752],[104.53813,10.03752]]],[[[104.55498,10.03752],[104.5623,10.02417],[104.55937,10.01527],[104.55058,10.01379],[104.54399,10.03011],[104.54912,10.03752],[104.55498,10.03752]]],[[[104.47074,10.07163],[104.47,10.07163],[104.46927,10.07163],[104.46854,10.07163],[104.46781,10.07163],[104.46854,10.07312],[104.46927,10.07312],[104.47,10.07312],[104.47074,10.07312],[104.47147,10.07312],[104.47147,10.07163],[104.47074,10.07163]]],[[[104.50809,10.08795],[104.5059,10.0835],[104.50297,10.0835],[104.50809,10.08795]]],[[[104.51176,10.09091],[104.51176,10.08795],[104.50883,10.08795],[104.51176,10.09091]]],[[[104.51469,10.10574],[104.51689,10.10278],[104.51322,10.09388],[104.51176,10.10426],[104.51469,10.10574]]],[[[104.5037,10.10574],[104.49637,10.10129],[104.50004,10.11316],[104.5059,10.10723],[104.5037,10.10574]]],[[[104.53886,10.11761],[104.53886,10.11612],[104.53813,10.11464],[104.5374,10.11464],[104.53666,10.11612],[104.5374,10.11761],[104.53813,10.11761],[104.53886,10.11761]]],[[[104.50223,10.11909],[104.4993,10.11761],[104.50077,10.12057],[104.50223,10.11909]]],[[[104.5037,10.12502],[104.50443,10.12502],[104.50443,10.12206],[104.5037,10.12206],[104.50297,10.12206],[104.50223,10.12354],[104.50223,10.12502],[104.50297,10.12502],[104.5037,10.12502]]],[[[104.52787,10.12354],[104.52641,10.12057],[104.52568,10.12651],[104.52787,10.12354]]],[[[104.49784,10.12502],[104.49857,10.12057],[104.49418,10.12651],[104.49564,10.12947],[104.49784,10.12502]]],[[[104.55571,10.13392],[104.55205,10.13244],[104.55351,10.13541],[104.55571,10.13392]]],[[[104.63922,10.13541],[104.63848,10.13541],[104.63775,10.13541],[104.63702,10.13541],[104.63702,10.13689],[104.63775,10.13689],[104.63848,10.13689],[104.63922,10.13541]]],[[[104.49711,10.13541],[104.49637,10.13392],[104.49564,10.13392],[104.49491,10.13392],[104.49344,10.13541],[104.49418,10.13541],[104.49418,10.13689],[104.49491,10.13689],[104.49564,10.13689],[104.49711,10.13541]]],[[[104.54472,10.12799],[104.54252,10.12206],[104.54033,10.12651],[104.54252,10.13392],[104.54692,10.13689],[104.54472,10.12799]]],[[[104.54545,10.13985],[104.54545,10.13837],[104.54472,10.13837],[104.54399,10.13837],[104.54326,10.13837],[104.54326,10.13985],[104.54399,10.13985],[104.54472,10.13985],[104.54545,10.13985]]],[[[104.49857,10.13689],[104.49637,10.13837],[104.49784,10.14134],[104.49857,10.13689]]],[[[104.533,10.13985],[104.53227,10.13985],[104.53154,10.14134],[104.5308,10.14134],[104.53154,10.14282],[104.53227,10.14282],[104.533,10.14282],[104.533,10.14134],[104.533,10.13985]]],[[[104.49564,10.14282],[104.49637,10.14282],[104.49637,10.14134],[104.49491,10.14134],[104.49491,10.13985],[104.49418,10.13985],[104.49418,10.13837],[104.49344,10.13837],[104.49271,10.13837],[104.49198,10.13837],[104.49271,10.13985],[104.49271,10.14134],[104.49344,10.14134],[104.49418,10.14282],[104.49491,10.14282],[104.49564,10.14282]]],[[[104.52128,10.13985],[104.52348,10.13837],[104.52055,10.13689],[104.51982,10.1443],[104.52128,10.13985]]],[[[104.53373,10.14282],[104.533,10.14282],[104.53227,10.1443],[104.533,10.1443],[104.53373,10.1443],[104.53447,10.1443],[104.53447,10.14282],[104.53373,10.14282]]],[[[104.53154,10.1443],[104.5308,10.1443],[104.53007,10.1443],[104.53007,10.14579],[104.52934,10.14579],[104.53007,10.14579],[104.5308,10.14579],[104.53154,10.14579],[104.53154,10.1443]]],[[[104.55058,10.14579],[104.55351,10.1443],[104.55058,10.13837],[104.54765,10.13985],[104.55058,10.14579]]],[[[104.39822,10.1443],[104.39602,10.14727],[104.39895,10.14727],[104.39822,10.1443]]],[[[104.50516,10.1532],[104.50663,10.15024],[104.5037,10.15172],[104.50516,10.1532]]],[[[104.55058,10.1532],[104.55571,10.14875],[104.55424,10.14727],[104.54912,10.15172],[104.55058,10.1532]]],[[[104.5916,10.15469],[104.59307,10.1532],[104.5894,10.15172],[104.58574,10.1532],[104.5916,10.15469]]],[[[104.57842,10.15765],[104.58208,10.1532],[104.57182,10.1532],[104.57109,10.15617],[104.57842,10.15765]]],[[[104.52201,10.15024],[104.52055,10.14727],[104.51835,10.15172],[104.52568,10.16062],[104.52201,10.15024]]],[[[104.52568,10.1621],[104.52494,10.1621],[104.52494,10.16358],[104.52568,10.16358],[104.52641,10.16358],[104.52641,10.1621],[104.52568,10.1621]]],[[[104.5308,10.16062],[104.53007,10.15913],[104.52934,10.16062],[104.52934,10.1621],[104.52934,10.16358],[104.52861,10.16358],[104.52934,10.16358],[104.52934,10.16507],[104.53007,10.16507],[104.5308,10.16358],[104.5308,10.1621],[104.53154,10.1621],[104.53154,10.16062],[104.5308,10.16062]]],[[[104.57915,10.16952],[104.57842,10.16952],[104.57842,10.171],[104.57915,10.171],[104.57915,10.16952],[104.57988,10.16952],[104.57915,10.16952]]],[[[104.50516,10.171],[104.50443,10.171],[104.50443,10.17248],[104.50516,10.17248],[104.50516,10.171]]],[[[104.57842,10.171],[104.57768,10.17545],[104.57988,10.17545],[104.57842,10.171]]],[[[104.57182,10.17693],[104.57109,10.17693],[104.57036,10.17841],[104.57109,10.17841],[104.57109,10.1799],[104.57182,10.1799],[104.57256,10.1799],[104.57256,10.17841],[104.57256,10.17693],[104.57182,10.17693]]],[[[104.59307,10.1799],[104.5916,10.17545],[104.59014,10.17693],[104.59307,10.1799]]],[[[104.52787,10.1888],[104.533,10.18435],[104.533,10.16952],[104.53007,10.171],[104.5308,10.17841],[104.52421,10.18435],[104.52787,10.1888]]],[[[104.5059,10.18286],[104.50223,10.18583],[104.50297,10.1888],[104.50883,10.18731],[104.5059,10.18286]]],[[[104.2378,10.20808],[104.23633,10.20956],[104.23926,10.21253],[104.2378,10.20808]]],[[[104.52348,10.24367],[104.52275,10.24367],[104.52275,10.24515],[104.52201,10.24515],[104.52275,10.24515],[104.52275,10.24664],[104.52348,10.24664],[104.52348,10.24515],[104.52348,10.24367]]],[[[104.31032,10.25702],[104.31105,10.25702],[104.31105,10.25554],[104.31032,10.25554],[104.30958,10.25554],[104.30885,10.25554],[104.30812,10.25554],[104.30812,10.25702],[104.31032,10.25702]]],[[[104.30739,10.25702],[104.30665,10.25702],[104.30592,10.25702],[104.30592,10.2585],[104.30665,10.2585],[104.30739,10.25702]]],[[[104.52787,10.27185],[104.52787,10.27333],[104.52714,10.27333],[104.52787,10.27482],[104.52861,10.27482],[104.52861,10.27333],[104.52861,10.27185],[104.52787,10.27185]]],[[[104.31618,10.28075],[104.31764,10.27926],[104.31398,10.27778],[104.31325,10.28075],[104.31618,10.28075]]],[[[104.33302,10.28816],[104.33522,10.2852],[104.3235,10.28371],[104.32423,10.28816],[104.33302,10.28816]]],[[[104.31618,10.29261],[104.31398,10.28965],[104.31105,10.29113],[104.31618,10.29261]]],[[[104.34181,10.29854],[104.34255,10.29261],[104.33742,10.28965],[104.34181,10.29854]]],[[[104.34987,10.30151],[104.3528,10.29706],[104.34621,10.29558],[104.34987,10.30151]]],[[[104.3213,10.30448],[104.31544,10.30003],[104.31691,10.30596],[104.31984,10.30744],[104.3213,10.30448]]],[[[104.32277,10.31486],[104.3235,10.31189],[104.32057,10.31041],[104.32277,10.31486]]],[[[104.32643,10.31931],[104.33229,10.32227],[104.33815,10.32079],[104.32936,10.31189],[104.3213,10.31931],[104.3235,10.32227],[104.32643,10.31931]]],[[[104.3213,10.36083],[104.3213,10.35342],[104.31911,10.35342],[104.31911,10.36083],[104.3213,10.36083]]],[[[104.30885,10.36232],[104.30592,10.3638],[104.31032,10.3638],[104.30885,10.36232]]],[[[104.32423,10.38753],[104.32277,10.38901],[104.3257,10.3905],[104.32423,10.38753]]],[[[104.33595,10.40236],[104.33009,10.39643],[104.33083,10.39346],[104.32716,10.39346],[104.32643,10.39791],[104.33083,10.39791],[104.33449,10.40384],[104.33595,10.40236]]],[[[103.79682,10.40384],[103.79609,10.40384],[103.79609,10.40533],[103.79682,10.40533],[103.79755,10.40533],[103.79755,10.40384],[103.79682,10.40384]]],[[[104.06126,10.40384],[104.06053,10.40236],[104.05979,10.40236],[104.05833,10.40236],[104.0576,10.40384],[104.05833,10.40384],[104.05833,10.40533],[104.05906,10.40533],[104.05979,10.40533],[104.06126,10.40384]]],[[[104.33083,10.40533],[104.33156,10.40533],[104.33229,10.40533],[104.33229,10.40384],[104.33156,10.40384],[104.33083,10.40384],[104.33009,10.40384],[104.33009,10.40533],[104.33083,10.40533]]],[[[104.50223,10.39198],[104.51322,10.40681],[104.51835,10.40829],[104.50223,10.39198]]],[[[104.51615,10.41126],[104.51908,10.41571],[104.51835,10.41126],[104.51615,10.41126]]],[[[104.34401,10.42312],[104.34255,10.42609],[104.34548,10.42757],[104.34401,10.42312]]],[[[104.32423,10.4424],[104.33229,10.44092],[104.33376,10.43351],[104.32716,10.43202],[104.32643,10.42906],[104.32204,10.42906],[104.31911,10.43351],[104.31471,10.43202],[104.31984,10.43647],[104.32204,10.44537],[104.32423,10.4424]]],[[[103.99753,10.4513],[104.00779,10.44685],[104.02024,10.42461],[104.03196,10.41274],[104.04148,10.41571],[104.04954,10.40533],[104.0576,10.40236],[104.06346,10.38901],[104.07152,10.38308],[104.07957,10.37122],[104.07738,10.36232],[104.08104,10.3549],[104.07298,10.346],[104.07298,10.33414],[104.08104,10.30893],[104.07518,10.2763],[104.08177,10.24515],[104.07078,10.21401],[104.06053,10.20808],[104.0554,10.19918],[104.04368,10.15469],[104.03196,10.14134],[104.03049,10.13244],[104.03635,10.12502],[104.03709,10.11909],[104.03342,10.11168],[104.0261,10.10574],[104.0261,10.09091],[104.01804,10.0835],[104.02317,10.0746],[104.02903,10.07905],[104.03635,10.07163],[104.04441,10.06867],[104.04368,10.06125],[104.03855,10.06125],[104.03562,10.05532],[104.03562,10.04494],[104.03928,10.04049],[104.03196,10.039],[104.03049,10.03159],[104.04368,10.01231],[104.05027,10.01231],[104.05247,10.00489],[104.04661,10.00638],[104.03782,10.01676],[104.03049,10.01083],[104.02463,10.01824],[104.01658,10.01824],[104.01291,10.00934],[104.00998,10.00934],[104.00779,10.01231],[104.00925,10.01972],[104.00119,10.04345],[103.99021,10.0479],[103.98581,10.0924],[103.96896,10.17397],[103.96091,10.20659],[103.95578,10.21697],[103.95797,10.21846],[103.95578,10.21846],[103.94845,10.24367],[103.93966,10.25702],[103.92867,10.26443],[103.92281,10.28075],[103.91549,10.28816],[103.91842,10.2941],[103.91476,10.28965],[103.90597,10.29558],[103.90377,10.29113],[103.89205,10.28965],[103.88839,10.29113],[103.88619,10.29854],[103.88033,10.30448],[103.87447,10.30744],[103.86348,10.30744],[103.86055,10.30151],[103.85982,10.30596],[103.85616,10.30744],[103.85689,10.31189],[103.85176,10.32227],[103.8437,10.3549],[103.83271,10.36232],[103.83784,10.37122],[103.83711,10.37863],[103.84077,10.37863],[103.84736,10.37418],[103.85396,10.37715],[103.873,10.37122],[103.88179,10.3727],[103.92062,10.35935],[103.92648,10.36083],[103.93527,10.36825],[103.94113,10.37863],[103.94699,10.40236],[103.96677,10.40978],[103.97189,10.42461],[103.97336,10.44092],[103.98361,10.44982],[103.99021,10.44982],[103.99387,10.45279],[103.99753,10.4513]]],[[[104.33449,10.4513],[104.33302,10.44982],[104.33302,10.45427],[104.33449,10.4513]]],[[[105.18714,10.91106],[105.18714,10.87398],[105.20545,10.85619],[105.21204,10.8458],[105.22816,10.80576],[105.25892,10.80279],[105.26039,10.78945],[105.25746,10.78203],[105.26039,10.77165],[105.27138,10.76423],[105.29115,10.76423],[105.29848,10.76275],[105.30361,10.7583],[105.30141,10.74792],[105.2765,10.73161],[105.27504,10.72716],[105.27797,10.72271],[105.29115,10.71678],[105.30507,10.71678],[105.32485,10.72271],[105.3417,10.72271],[105.34829,10.71678],[105.3417,10.67377],[105.34243,10.63669],[105.36807,10.57588],[105.3959,10.56698],[105.4047,10.5566],[105.41788,10.54919],[105.44425,10.55364],[105.47868,10.53584],[105.486,10.54177],[105.50139,10.54622],[105.51018,10.54474],[105.51164,10.5477],[105.53069,10.53881],[105.54534,10.52694],[105.55633,10.51063],[105.57098,10.478],[105.57537,10.44834],[105.57391,10.42906],[105.56512,10.42906],[105.55413,10.43499],[105.54827,10.43054],[105.549,10.42461],[105.54607,10.42164],[105.55266,10.41719],[105.54534,10.41274],[105.53948,10.41423],[105.53655,10.40978],[105.53142,10.40829],[105.52996,10.40088],[105.52336,10.40088],[105.52849,10.37567],[105.52117,10.37122],[105.5197,10.36232],[105.51384,10.36232],[105.50651,10.3549],[105.49992,10.3549],[105.49626,10.34897],[105.49186,10.34749],[105.49113,10.33859],[105.48747,10.33414],[105.49479,10.32524],[105.48674,10.32376],[105.48454,10.31634],[105.47721,10.31041],[105.4567,10.30893],[105.45304,10.30596],[105.45084,10.30893],[105.44718,10.30448],[105.43986,10.30596],[105.42594,10.30299],[105.44132,10.27037],[105.43986,10.26888],[105.38785,10.2496],[105.33584,10.23477],[105.3124,10.27333],[105.30581,10.26888],[105.30068,10.27778],[105.28676,10.26295],[105.28896,10.25998],[105.26698,10.23922],[105.26039,10.24664],[105.22596,10.20214],[105.27431,10.1621],[105.29775,10.13837],[105.30361,10.1443],[105.31093,10.13541],[105.31753,10.14134],[105.35269,10.10129],[105.35635,10.08201],[105.36294,10.0746],[105.53875,9.91294],[105.5175,9.86697],[105.51604,9.86252],[105.52043,9.85955],[105.49626,9.84324],[105.47648,9.83286],[105.46476,9.82989],[105.45597,9.82247],[105.43033,9.81654],[105.43326,9.79578],[105.43693,9.79281],[105.42594,9.78836],[105.42594,9.78243],[105.42228,9.7854],[105.42081,9.77798],[105.41861,9.78243],[105.41788,9.7765],[105.41349,9.77946],[105.41642,9.77353],[105.41056,9.77798],[105.40909,9.77205],[105.41422,9.77353],[105.41422,9.77057],[105.4047,9.77057],[105.40689,9.76018],[105.41275,9.76167],[105.41495,9.7587],[105.41129,9.74832],[105.40396,9.75129],[105.39371,9.74535],[105.39004,9.73497],[105.37173,9.73052],[105.35562,9.71124],[105.33584,9.70234],[105.32851,9.70234],[105.32851,9.69789],[105.33804,9.68751],[105.33877,9.67565],[105.35195,9.67713],[105.35488,9.66972],[105.3732,9.67268],[105.37393,9.66972],[105.3688,9.66527],[105.36953,9.65933],[105.37906,9.66082],[105.38785,9.65785],[105.39371,9.66082],[105.40616,9.65192],[105.40103,9.64747],[105.40103,9.6445],[105.40616,9.64302],[105.4003,9.6356],[105.39883,9.62226],[105.38931,9.62522],[105.38711,9.62077],[105.37539,9.61484],[105.37466,9.59853],[105.37027,9.59556],[105.371,9.58815],[105.36734,9.58815],[105.36441,9.59259],[105.34463,9.59259],[105.34756,9.60001],[105.34097,9.60594],[105.34243,9.61187],[105.33877,9.61187],[105.33804,9.60594],[105.33144,9.60446],[105.32851,9.59853],[105.32412,9.60446],[105.308,9.60743],[105.30288,9.61929],[105.30361,9.62819],[105.29628,9.62967],[105.29482,9.63709],[105.29189,9.63709],[105.28603,9.62522],[105.28896,9.61484],[105.28603,9.60001],[105.29482,9.5837],[105.3124,9.57331],[105.30727,9.55552],[105.31606,9.55997],[105.32412,9.55848],[105.32192,9.54662],[105.32925,9.52882],[105.32705,9.52437],[105.31972,9.52586],[105.32339,9.51696],[105.32046,9.51251],[105.31533,9.51102],[105.31533,9.50213],[105.3102,9.50658],[105.30581,9.50361],[105.30141,9.50658],[105.29848,9.50509],[105.29848,9.49471],[105.29409,9.49026],[105.29555,9.48136],[105.29262,9.4784],[105.29115,9.46802],[105.29482,9.43242],[105.30141,9.42649],[105.30581,9.41314],[105.30947,9.41314],[105.31093,9.41017],[105.31899,9.382],[105.30874,9.38348],[105.30654,9.38941],[105.30141,9.39238],[105.29409,9.38793],[105.2809,9.39683],[105.27138,9.39534],[105.26332,9.39831],[105.10656,9.49768],[105.00328,9.55848],[104.99888,9.54514],[104.99375,9.5392],[104.97764,9.54365],[104.96226,9.55552],[104.94541,9.53327],[104.91611,9.56145],[104.88095,9.49471],[104.85604,9.51547],[104.84505,9.53031],[104.83699,9.53327],[104.83406,9.53179],[104.85751,9.72311],[104.87142,9.76167],[104.88607,9.82692],[104.8912,9.83286],[104.8934,9.84324],[104.90146,9.85214],[104.91318,9.85065],[104.91537,9.8462],[104.93881,9.8462],[104.95053,9.85214],[104.95786,9.85214],[104.95786,9.8551],[104.96592,9.86103],[104.97837,9.87883],[105.01426,9.91591],[105.03917,9.93667],[105.06188,9.94854],[105.08019,9.94854],[105.09191,9.91591],[105.09777,9.91739],[105.09631,9.92481],[105.09924,9.93074],[105.10363,9.93074],[105.10876,9.9515],[105.1051,9.9515],[105.10363,9.95447],[105.09997,9.97078],[105.08385,10.00638],[105.07653,10.00638],[105.07726,10.01083],[105.06261,10.02269],[105.05309,10.03604],[104.99009,10.09981],[104.98716,10.09684],[104.97178,10.09981],[104.95713,10.09833],[104.90146,10.08498],[104.88607,10.08795],[104.87582,10.09536],[104.86337,10.11019],[104.84578,10.13985],[104.84725,10.14282],[104.81136,10.1888],[104.79671,10.20214],[104.78132,10.20956],[104.78132,10.21401],[104.77693,10.21401],[104.76521,10.22142],[104.75202,10.22291],[104.74397,10.22736],[104.73078,10.22736],[104.70954,10.21697],[104.68097,10.19325],[104.66705,10.171],[104.65606,10.1621],[104.64654,10.14579],[104.64947,10.13985],[104.64581,10.13689],[104.64141,10.13541],[104.63409,10.1443],[104.62896,10.1443],[104.6275,10.14134],[104.6275,10.1443],[104.61724,10.14875],[104.61065,10.14579],[104.60845,10.14134],[104.60479,10.1443],[104.60112,10.14282],[104.59966,10.14727],[104.60772,10.15469],[104.60918,10.16507],[104.60479,10.171],[104.59966,10.16952],[104.60186,10.17397],[104.596,10.18435],[104.5938,10.18138],[104.59087,10.18286],[104.5894,10.1888],[104.5938,10.18731],[104.59673,10.19325],[104.59526,10.19621],[104.59087,10.19621],[104.5894,10.20511],[104.58501,10.20363],[104.58281,10.20659],[104.58574,10.20659],[104.58721,10.21253],[104.5916,10.21253],[104.59233,10.21697],[104.58135,10.25554],[104.56889,10.27482],[104.55278,10.28965],[104.54326,10.29113],[104.5352,10.27778],[104.53154,10.2763],[104.5308,10.28075],[104.53447,10.28668],[104.52714,10.30151],[104.53227,10.30893],[104.52714,10.31782],[104.52861,10.32079],[104.51395,10.34304],[104.48612,10.37122],[104.48758,10.37863],[104.49271,10.3816],[104.5015,10.37715],[104.5037,10.38011],[104.50956,10.38011],[104.49857,10.3816],[104.5037,10.38308],[104.50663,10.3905],[104.51835,10.39495],[104.51689,10.39939],[104.50736,10.39346],[104.50736,10.39643],[104.52055,10.40829],[104.51982,10.42164],[104.51615,10.41423],[104.50077,10.40681],[104.49125,10.38753],[104.49125,10.3816],[104.48612,10.38011],[104.48319,10.37567],[104.4766,10.38308],[104.47,10.3816],[104.45975,10.36825],[104.45316,10.36973],[104.44656,10.3638],[104.44217,10.36528],[104.44583,10.37418],[104.44363,10.38456],[104.45242,10.40088],[104.43997,10.42312],[104.47879,10.43054],[104.48685,10.42312],[104.49784,10.40533],[104.50004,10.40681],[104.52055,10.42609],[104.52787,10.44685],[104.54399,10.44834],[104.55498,10.46168],[104.55937,10.49283],[104.57182,10.50024],[104.57988,10.50173],[104.58428,10.50618],[104.58721,10.52842],[104.5894,10.52991],[104.60552,10.53287],[104.61431,10.52694],[104.63775,10.52991],[104.64654,10.52842],[104.64654,10.53881],[104.66998,10.53881],[104.69415,10.53732],[104.74983,10.51804],[104.86776,10.52101],[104.89853,10.54919],[104.93735,10.61593],[104.95639,10.63817],[105.09777,10.72122],[105.09264,10.75534],[105.07799,10.77462],[105.06554,10.77907],[105.06261,10.78351],[105.06188,10.79538],[105.05528,10.80279],[105.05748,10.81911],[105.03404,10.86805],[105.02818,10.8903],[105.04356,10.90068],[105.04063,10.91106],[105.04503,10.91551],[105.05235,10.91699],[105.05016,10.92737],[105.06774,10.93924],[105.07799,10.93627],[105.08019,10.95407],[105.08312,10.95704],[105.09411,10.95555],[105.10656,10.96149],[105.11535,10.96149],[105.11755,10.94665],[105.10363,10.92737],[105.10217,10.92144],[105.10583,10.91848],[105.13586,10.92292],[105.1571,10.92292],[105.18054,10.91106],[105.18714,10.91106]]]]}}]}